match_id,batting_position,runs,balls,fours,sixes,strike_rate,overs,total_balls,dots,maidens,conceded,fours_conceded,sixes_conceded,wickets,LBW,Bowled,noballs,wides,economy_rate,catches,stumping,direct_hit,indirect_hit,strike_rate_fp,batting_fp,bowling_fp,fielding_fp,total_fp
1157192,0.8333333333333333,0.0,0.02564102564102564,0.0,0.0,0.0,0.6000000000000001,0.6,0.125,0.0,0.24731182795698928,0.25,0.0,0.0,0.0,0.0,0.0,0.0,0.08539300823869964,0.0,0.0,0.0,0.0,0,0,3,0,3
1157174,0.8333333333333333,0.005714285714285714,0.10256410256410256,0.0,0.0,0.015625,0.6000000000000001,0.6,0.29166666666666663,0.0,0.34408602150537637,0.5,0.0,0.0,0.0,0.0,0.0,0.05,0.11879314183923403,0.0,0.0,0.0,0.0,0,1,5,0,6
1157158,0.5833333333333333,0.0,0.0,0.0,0.0,0.0,0.6000000000000001,0.6,0.3333333333333333,0.0,0.17204301075268819,0.0,0.125,0.42857142857142855,0.0,0.2857142857142857,0.0,0.0,0.0593409040302828,0.0,0.0,0.0,0.0,0,0,107,0,107
1157140,0.6666666666666666,0.0,0.0,0.0,0.0,0.0,0.8,0.8,0.25,0.0,0.25806451612903225,0.08333333333333333,0.0,0.14285714285714285,0.0,0.14285714285714285,0.0,0.05,0.06680026720106881,0.0,0.0,0.0,0.0,0,0,41,0,41
1157107,0.8333333333333333,0.0,0.0,0.0,0.0,0.0,0.8,0.8,0.25,0.0,0.3118279569892473,0.16666666666666666,0.0,0.0,0.0,0.0,0.0,0.0,0.08071698953462482,0.0,0.0,0.0,0.0,0,0,6,0,6
