match_id,batting_position,runs,balls,fours,sixes,strike_rate,overs,total_balls,dots,maidens,conceded,fours_conceded,sixes_conceded,wickets,LBW,Bowled,noballs,wides,economy_rate,catches,stumping,direct_hit,indirect_hit,strike_rate_fp,batting_fp,bowling_fp,fielding_fp,total_fp
1444789,0.49999999999999994,0.0,0.01282051282051282,0.0,0.0,0.0,0.0,0.0,0.0,0.0,0.0,0.0,0.0,0.0,0.0,0.0,0.0,0.0,0.0,0.0,0.0,0.0,0.0,0,-2,0,0,-2
1444786,0.25,0.05714285714285714,0.16666666666666666,0.0,0.0,0.09615,0.0,0.0,0.0,0.0,0.0,0.0,0.0,0.0,0.0,0.0,0.0,0.0,0.0,0.0,0.0,0.0,0.0,0,10,0,0,10
1444773,0.25,0.045714285714285714,0.16666666666666666,0.0,0.0,0.07692500000000001,0.0,0.0,0.0,0.0,0.0,0.0,0.0,0.0,0.0,0.0,0.0,0.0,0.0,0.16666666666666666,0.0,0.0,0.0,-2,6,0,8,14
1444766,0.25,0.12,0.1794871794871795,0.18181818181818182,0.0,0.1875,0.0,0.0,0.0,0.0,0.0,0.0,0.0,0.0,0.0,0.0,0.0,0.0,0.0,0.0,0.0,0.0,0.0,0,37,0,0,37
1299625,0.25,0.02857142857142857,0.08974358974358974,0.0,0.0,0.0892875,0.4,0.4,0.16666666666666666,0.0,0.12903225806451613,0.08333333333333333,0.0,0.0,0.0,0.0,0.0,0.0,0.06680026720106881,0.0,0.0,0.0,0.0,0,5,6,0,11
1299605,0.4166666666666667,0.005714285714285714,0.05128205128205128,0.0,0.0,0.03125,0.6000000000000001,0.6,0.20833333333333331,0.0,0.2903225806451613,0.08333333333333333,0.25,0.14285714285714285,0.0,0.0,0.1,0.0,0.10020040080160322,0.0,0.0,0.0,0.0,0,1,30,0,31
1003875,0.3333333333333333,0.06857142857142857,0.1923076923076923,0.045454545454545456,0.0,0.1,0.0,0.0,0.0,0.0,0.0,0.0,0.0,0.0,0.0,0.0,0.0,0.0,0.0,0.0,0.0,0.0,0.0,0,16,0,0,16
1003867,0.25,0.02857142857142857,0.11538461538461538,0.045454545454545456,0.0,0.06945,0.2,0.2,0.0,0.0,0.12903225806451613,0.16666666666666666,0.0,0.0,0.0,0.0,0.0,0.0,0.13360053440213762,0.0,0.0,0.0,0.0,0,9,0,0,9
1003859,0.4166666666666667,0.14285714285714285,0.28205128205128205,0.09090909090909091,0.0,0.14205,0.4,0.4,0.16666666666666666,0.0,0.1827956989247312,0.08333333333333333,0.125,0.0,0.0,0.0,0.0,0.05,0.09463371186818081,0.0,0.0,0.0,0.0,0,37,4,0,41
