match_id,batting_position,runs,balls,fours,sixes,strike_rate,overs,total_balls,dots,maidens,conceded,fours_conceded,sixes_conceded,wickets,LBW,Bowled,noballs,wides,economy_rate,catches,stumping,direct_hit,indirect_hit,strike_rate_fp,batting_fp,bowling_fp,fielding_fp,total_fp
336019,0.5833333333333333,0.03428571428571429,0.038461538461538464,0.045454545454545456,0.0,0.25,0.6000000000000001,0.6,0.29166666666666663,0.0,0.24731182795698928,0.16666666666666666,0.125,0.0,0.0,0.0,0.0,0.0,0.08539300823869964,0.16666666666666666,0.0,0.0,0.0,0,10,7,8,25
336033,0.49999999999999994,0.0,0.0,0.0,0.0,0.0,0.2,0.2,0.0,0.0,0.15053763440860216,0.16666666666666666,0.0,0.0,0.0,0.0,0.1,0.0,0.15586729013582723,0.0,0.0,0.0,0.0,0,0,0,0,0
335992,0.49999999999999994,0.0,0.0,0.0,0.0,0.0,0.0,0.0,0.0,0.0,0.0,0.0,0.0,0.0,0.0,0.0,0.0,0.0,0.0,0.0,0.0,0.0,0.0,0,0,0,0,0
335990,0.5833333333333333,0.005714285714285714,0.01282051282051282,0.0,0.0,0.125,0.2,0.2,0.08333333333333333,0.0,0.09677419354838711,0.0,0.125,0.0,0.0,0.0,0.0,0.0,0.10020040080160322,0.16666666666666666,0.0,0.0,0.0,0,1,2,8,11
335987,0.5833333333333333,0.0,0.0,0.0,0.0,0.0,0.36660000000000004,0.36666666666666664,0.16666666666666666,0.0,0.22580645161290325,0.16666666666666666,0.125,0.14285714285714285,0.0,0.0,0.0,0.1,0.12758851035404145,0.0,0.0,0.0,0.0,0,0,29,0,29
335984,0.5833333333333333,0.14857142857142858,0.2564102564102564,0.18181818181818182,0.0,0.1625,0.2,0.2,0.0,0.0,0.11827956989247312,0.0,0.0,0.0,0.0,0.0,0.0,0.25,0.12246715653529283,0.0,0.0,0.0,0.0,2,48,0,0,48
