match_id,batting_position,runs,balls,fours,sixes,strike_rate,overs,total_balls,dots,maidens,conceded,fours_conceded,sixes_conceded,wickets,LBW,Bowled,noballs,wides,economy_rate,catches,stumping,direct_hit,indirect_hit,strike_rate_fp,batting_fp,bowling_fp,fielding_fp,total_fp
1166892,0.8333333333333333,0.0,0.0,0.0,0.0,0.0,0.6000000000000001,0.6,0.3333333333333333,0.0,0.19354838709677422,0.08333333333333333,0.0,0.0,0.0,0.0,0.1,0.1,0.06680026720106881,0.0,0.0,0.0,0.0,0,0,10,0,10
1166890,0.8333333333333333,0.022857142857142857,0.08974358974358974,0.0,0.0,0.071425,0.8,0.8,0.7916666666666666,0.25,0.15053763440860216,0.08333333333333333,0.125,0.42857142857142855,0.3333333333333333,0.2857142857142857,0.0,0.0,0.03896682253395681,0.0,0.0,0.0,0.0,0,4,140,0,144
1166887,0.8333333333333333,0.0,0.0,0.0,0.0,0.0,0.4,0.4,0.25,0.0,0.10752688172043012,0.0,0.0,0.0,0.0,0.0,0.0,0.05,0.055666889334224014,0.16666666666666666,0.0,0.0,0.0,0,0,10,8,18
1166881,0.6666666666666666,0.0,0.0,0.0,0.0,0.0,0.4,0.4,0.08333333333333333,0.0,0.19354838709677422,0.16666666666666666,0.0,0.0,0.0,0.0,0.0,0.05,0.10020040080160322,0.0,0.0,0.0,0.0,0,0,2,0,2
1159091,0.49999999999999994,0.0,0.0,0.0,0.0,0.0,0.6000000000000001,0.6,0.6666666666666666,0.25,0.06451612903225806,0.08333333333333333,0.0,0.14285714285714285,0.0,0.0,0.0,0.05,0.022266755733689605,0.0,0.0,0.0,0.0,0,0,59,0,59
1159089,0.6666666666666666,0.0,0.0,0.0,0.0,0.0,0.4,0.4,0.20833333333333331,0.0,0.15053763440860216,0.08333333333333333,0.0,0.0,0.0,0.0,0.0,0.25,0.07793364506791362,0.16666666666666666,0.0,0.0,0.0,0,0,7,8,15
