match_id,batting_position,runs,balls,fours,sixes,strike_rate,overs,total_balls,dots,maidens,conceded,fours_conceded,sixes_conceded,wickets,LBW,Bowled,noballs,wides,economy_rate,catches,stumping,direct_hit,indirect_hit,strike_rate_fp,batting_fp,bowling_fp,fielding_fp,total_fp
1269693,0.6666666666666666,0.0,0.0,0.0,0.0,0.0,0.2,0.2,0.041666666666666664,0.0,0.1827956989247312,0.3333333333333333,0.0,0.0,0.0,0.0,0.0,0.0,0.18926742373636163,0.0,0.0,0.0,0.0,0,0,1,0,1
1269678,0.6666666666666666,0.0,0.0,0.0,0.0,0.0,0.2,0.2,0.08333333333333333,0.0,0.09677419354838711,0.0,0.125,0.0,0.0,0.0,0.0,0.05,0.10020040080160322,0.0,0.0,0.0,0.0,0,0,2,0,2
