match_id,batting_position,runs,balls,fours,sixes,strike_rate,overs,total_balls,dots,maidens,conceded,fours_conceded,sixes_conceded,wickets,LBW,Bowled,noballs,wides,economy_rate,catches,stumping,direct_hit,indirect_hit,strike_rate_fp,batting_fp,bowling_fp,fielding_fp,total_fp
1450765,0.5833333333333333,0.05142857142857143,0.20512820512820512,0.0,0.0,0.0703125,0.8,0.8,0.41666666666666663,0.0,0.17204301075268819,0.0,0.0,0.0,0.0,0.0,0.0,0.0,0.04453351146737921,0.16666666666666666,0.0,0.0,0.0,-4,5,16,8,29
1450760,0.7499999999999999,0.0,0.0,0.0,0.0,0.0,0.4,0.4,0.375,0.0,0.07526881720430108,0.08333333333333333,0.0,0.14285714285714285,0.0,0.0,0.0,0.0,0.03896682253395681,0.0,0.0,0.0,0.0,0,0,40,0,40
1450758,0.7499999999999999,0.0,0.0,0.0,0.0,0.0,0.4334,0.43333333333333335,0.4583333333333333,0.0,0.06451612903225806,0.0,0.0,0.5714285714285714,0.0,0.5714285714285714,0.0,0.15000000000000002,0.030839456691160103,0.0,0.0,0.0,0.0,0,0,157,0,157
1450753,0.6666666666666666,0.0,0.0,0.0,0.0,0.0,0.36660000000000004,0.36666666666666664,0.3333333333333333,0.0,0.043010752688172046,0.0,0.0,0.2857142857142857,0.0,0.2857142857142857,0.0,0.05,0.02427076374972167,0.0,0.0,0.0,0.0,0,0,74,0,74
