match_id,batting_position,runs,balls,fours,sixes,strike_rate,overs,total_balls,dots,maidens,conceded,fours_conceded,sixes_conceded,wickets,LBW,Bowled,noballs,wides,economy_rate,catches,stumping,direct_hit,indirect_hit,strike_rate_fp,batting_fp,bowling_fp,fielding_fp,total_fp
1462911,0.6666666666666666,0.06285714285714286,0.14102564102564102,0.045454545454545456,0.0,0.125,0.8,0.8,0.41666666666666663,0.0,0.2688172043010753,0.08333333333333333,0.125,0.2857142857142857,0.0,0.14285714285714285,0.0,0.0,0.06958361166778002,0.0,0.0,0.0,0.0,0,15,70,0,85
1462904,0.6666666666666666,0.0,0.01282051282051282,0.0,0.0,0.0,0.4,0.4,0.29166666666666663,0.0,0.21505376344086025,0.08333333333333333,0.25,0.14285714285714285,0.0,0.0,0.0,0.0,0.11133377866844803,0.0,0.0,0.0,0.0,0,-2,30,0,28
1462900,0.6666666666666666,0.011428571428571429,0.10256410256410256,0.0,0.0,0.03125,0.8,0.8,0.25,0.0,0.3548387096774194,0.08333333333333333,0.25,0.0,0.0,0.0,0.0,0.0,0.09185036740146962,0.0,0.0,0.0,0.0,0,2,6,0,8
1462896,0.6666666666666666,0.0,0.0,0.0,0.0,0.0,0.6000000000000001,0.6,0.375,0.0,0.22580645161290325,0.16666666666666666,0.125,0.0,0.0,0.0,0.0,0.05,0.07793364506791362,0.0,0.0,0.0,0.0,0,0,11,0,11
1462894,0.7499999999999999,0.0,0.01282051282051282,0.0,0.0,0.0,0.6000000000000001,0.6,0.29166666666666663,0.0,0.3118279569892473,0.08333333333333333,0.25,0.0,0.0,0.0,0.0,0.05,0.10765976397238924,0.0,0.0,0.0,0.0,0,0,7,0,7
1462886,0.6666666666666666,0.0,0.0,0.0,0.0,0.0,0.6000000000000001,0.6,0.25,0.0,0.20430107526881722,0.16666666666666666,0.0,0.2857142857142857,0.0,0.14285714285714285,0.0,0.0,0.0704742818971276,0.0,0.0,0.0,0.0,0,0,66,0,66
1462880,0.7499999999999999,0.0,0.038461538461538464,0.0,0.0,0.0,0.8,0.8,0.375,0.0,0.21505376344086025,0.0,0.0,0.5714285714285714,0.6666666666666666,0.0,0.0,0.05,0.055666889334224014,0.0,0.0,0.0,0.0,0,-2,137,0,135
1462878,0.6666666666666666,0.0,0.02564102564102564,0.0,0.0,0.0,0.6000000000000001,0.6,0.20833333333333331,0.0,0.17204301075268819,0.0,0.0,0.0,0.0,0.0,0.0,0.1,0.0593409040302828,0.0,0.0,0.0,0.0,0,-2,9,0,7
