match_id,batting_position,runs,balls,fours,sixes,strike_rate,overs,total_balls,dots,maidens,conceded,fours_conceded,sixes_conceded,wickets,LBW,Bowled,noballs,wides,economy_rate,catches,stumping,direct_hit,indirect_hit,strike_rate_fp,batting_fp,bowling_fp,fielding_fp,total_fp
1439832,0.8333333333333333,0.0,0.0,0.0,0.0,0.0,0.8,0.8,0.8333333333333333,0.5,0.07526881720430108,0.0,0.0,0.42857142857142855,0.0,0.2857142857142857,0.1,0.0,0.019483411266978404,0.0,0.0,0.0,0.0,0,0,145,0,145
1439825,0.8333333333333333,0.0,0.0,0.0,0.0,0.0,0.8,0.8,0.625,0.0,0.17204301075268819,0.0,0.125,0.2857142857142857,0.0,0.0,0.0,0.0,0.04453351146737921,0.0,0.0,0.0,0.0,0,0,71,0,71
1370791,0.8333333333333333,0.017142857142857144,0.05128205128205128,0.0,0.0,0.09375,0.8,0.8,0.5416666666666666,0.0,0.19354838709677422,0.08333333333333333,0.0,0.5714285714285714,0.3333333333333333,0.14285714285714285,0.0,0.1,0.05010020040080161,0.0,0.0,0.0,0.0,0,3,143,0,146
1370785,0.8333333333333333,0.0,0.0,0.0,0.0,0.0,0.4,0.4,0.3333333333333333,0.0,0.19354838709677422,0.16666666666666666,0.125,0.0,0.0,0.0,0.0,0.15000000000000002,0.10020040080160322,0.0,0.0,0.0,0.3333333333333333,0,0,8,6,14
