match_id,batting_position,runs,balls,fours,sixes,strike_rate,overs,total_balls,dots,maidens,conceded,fours_conceded,sixes_conceded,wickets,LBW,Bowled,noballs,wides,economy_rate,catches,stumping,direct_hit,indirect_hit,strike_rate_fp,batting_fp,bowling_fp,fielding_fp,total_fp
1321278,0.5833333333333333,0.11428571428571428,0.1282051282051282,0.09090909090909091,0.05555555555555555,0.25,0.0,0.0,0.0,0.0,0.0,0.0,0.0,0.0,0.0,0.0,0.0,0.0,0.0,0.0,0.0,0.0,0.0,6,40,0,0,40
1321274,0.7499999999999999,0.12571428571428572,0.1794871794871795,0.045454545454545456,0.1111111111111111,0.196425,0.0,0.0,0.0,0.0,0.0,0.0,0.0,0.0,0.0,0.0,0.0,0.0,0.0,0.0,0.0,0.0,0.0,4,42,0,0,42
1321261,0.5833333333333333,0.005714285714285714,0.05128205128205128,0.0,0.0,0.03125,0.0,0.0,0.0,0.0,0.0,0.0,0.0,0.0,0.0,0.0,0.0,0.0,0.0,0.0,0.0,0.0,0.0,0,1,0,0,1
1279380,0.49999999999999994,0.0,0.0,0.0,0.0,0.0,0.2,0.2,0.041666666666666664,0.0,0.16129032258064518,0.25,0.0,0.0,0.0,0.0,0.0,0.05,0.16700066800267205,0.3333333333333333,0.0,0.0,0.0,0,0,1,16,17
