match_id,batting_position,runs,balls,fours,sixes,strike_rate,overs,total_balls,dots,maidens,conceded,fours_conceded,sixes_conceded,wickets,LBW,Bowled,noballs,wides,economy_rate,catches,stumping,direct_hit,indirect_hit,strike_rate_fp,batting_fp,bowling_fp,fielding_fp,total_fp
1273752,0.3333333333333333,0.0,0.02564102564102564,0.0,0.0,0.0,0.0,0.0,0.0,0.0,0.0,0.0,0.0,0.0,0.0,0.0,0.0,0.0,0.0,0.0,0.0,0.0,0.0,0,-2,0,0,-2
1280058,0.4166666666666667,0.0,0.01282051282051282,0.0,0.0,0.0,0.2,0.2,0.08333333333333333,0.0,0.19354838709677422,0.16666666666666666,0.125,0.14285714285714285,0.0,0.0,0.1,0.05,0.20040080160320645,0.0,0.0,0.0,0.0,0,-2,27,0,25
1142506,0.4166666666666667,0.0,0.0,0.0,0.0,0.0,0.0,0.0,0.0,0.0,0.0,0.0,0.0,0.0,0.0,0.0,0.0,0.0,0.0,0.0,0.0,0.0,0.0,0,0,0,0,0
1142505,0.3333333333333333,0.05142857142857143,0.1282051282051282,0.045454545454545456,0.0,0.1125,0.0,0.0,0.0,0.0,0.0,0.0,0.0,0.0,0.0,0.0,0.0,0.0,0.0,0.16666666666666666,0.0,0.0,0.0,0,13,0,8,21
1142504,0.49999999999999994,0.0,0.0,0.0,0.0,0.0,0.0,0.0,0.0,0.0,0.0,0.0,0.0,0.0,0.0,0.0,0.0,0.0,0.0,0.16666666666666666,0.0,0.0,0.0,0,0,0,8,8
1142503,0.3333333333333333,0.13142857142857142,0.2564102564102564,0.045454545454545456,0.05555555555555555,0.14375000000000002,0.0,0.0,0.0,0.0,0.0,0.0,0.0,0.0,0.0,0.0,0.0,0.0,0.0,0.16666666666666666,0.0,0.0,0.0,0,33,0,8,41
1127301,0.3333333333333333,0.022857142857142857,0.10256410256410256,0.0,0.0,0.0625,0.0,0.0,0.0,0.0,0.0,0.0,0.0,0.0,0.0,0.0,0.0,0.0,0.0,0.16666666666666666,0.0,0.0,0.0,0,4,0,8,12
1127300,0.3333333333333333,0.13714285714285715,0.2692307692307692,0.0,0.1111111111111111,0.1428625,0.0,0.0,0.0,0.0,0.0,0.0,0.0,0.0,0.0,0.0,0.0,0.0,0.0,0.0,0.0,0.0,0.0,0,36,0,0,36
