match_id,batting_position,runs,balls,fours,sixes,strike_rate,overs,total_balls,dots,maidens,conceded,fours_conceded,sixes_conceded,wickets,LBW,Bowled,noballs,wides,economy_rate,catches,stumping,direct_hit,indirect_hit,strike_rate_fp,batting_fp,bowling_fp,fielding_fp,total_fp
1383499,0.7499999999999999,0.0,0.0,0.0,0.0,0.0,0.8,0.8,0.7083333333333333,0.0,0.16129032258064518,0.25,0.0,0.14285714285714285,0.0,0.0,0.0,0.0,0.04175016700066801,0.0,0.0,0.0,0.0,0,0,48,0,48
1383480,0.9166666666666666,0.0,0.0,0.0,0.0,0.0,0.2,0.2,0.041666666666666664,0.0,0.16129032258064518,0.08333333333333333,0.125,0.0,0.0,0.0,0.0,0.1,0.16700066800267205,0.16666666666666666,0.0,0.0,0.0,0,0,1,8,9
