match_id,batting_position,runs,balls,fours,sixes,strike_rate,overs,total_balls,dots,maidens,conceded,fours_conceded,sixes_conceded,wickets,LBW,Bowled,noballs,wides,economy_rate,catches,stumping,direct_hit,indirect_hit,strike_rate_fp,batting_fp,bowling_fp,fielding_fp,total_fp
1473147,0.49999999999999994,0.07428571428571429,0.16666666666666666,0.045454545454545456,0.0,0.125,0.0,0.0,0.0,0.0,0.0,0.0,0.0,0.0,0.0,0.0,0.0,0.0,0.0,0.0,0.0,0.0,0.0,0,17,0,0,17
1473146,0.4166666666666667,0.04,0.07692307692307693,0.0,0.0,0.1458375,0.0,0.0,0.0,0.0,0.0,0.0,0.0,0.0,0.0,0.0,0.0,0.0,0.0,0.0,0.0,0.0,0.0,0,7,0,0,7
1473145,0.3333333333333333,0.2057142857142857,0.28205128205128205,0.09090909090909091,0.1111111111111111,0.20454999999999998,0.0,0.0,0.0,0.0,0.0,0.0,0.0,0.0,0.0,0.0,0.0,0.0,0.0,0.0,0.0,0.0,0.0,4,64,0,0,64
1463666,0.4166666666666667,0.29714285714285715,0.3717948717948718,0.13636363636363635,0.16666666666666666,0.22413750000000002,0.0,0.0,0.0,0.0,0.0,0.0,0.0,0.0,0.0,0.0,0.0,0.0,0.0,0.16666666666666666,0.0,0.0,0.0,6,96,0,8,104
1463662,0.3333333333333333,0.0,0.01282051282051282,0.0,0.0,0.0,0.0,0.0,0.0,0.0,0.0,0.0,0.0,0.0,0.0,0.0,0.0,0.0,0.0,0.0,0.0,0.0,0.0,0,-2,0,0,-2
1463661,0.4166666666666667,0.18857142857142858,0.3076923076923077,0.13636363636363635,0.05555555555555555,0.171875,0.0,0.0,0.0,0.0,0.0,0.0,0.0,0.0,0.0,0.0,0.0,0.0,0.0,0.0,0.25,0.3333333333333333,0.0,2,57,0,24,81
1463656,0.4166666666666667,0.05142857142857143,0.21794871794871795,0.045454545454545456,0.0,0.066175,0.0,0.0,0.0,0.0,0.0,0.0,0.0,0.0,0.0,0.0,0.0,0.0,0.0,0.0,0.0,0.0,0.3333333333333333,-4,9,0,6,15
1463655,0.4166666666666667,0.22857142857142856,0.23076923076923075,0.3181818181818182,0.05555555555555555,0.277775,0.0,0.0,0.0,0.0,0.0,0.0,0.0,0.0,0.0,0.0,0.0,0.0,0.0,0.0,0.0,0.0,0.0,6,84,0,0,84
