match_id,batting_position,runs,balls,fours,sixes,strike_rate,overs,total_balls,dots,maidens,conceded,fours_conceded,sixes_conceded,wickets,LBW,Bowled,noballs,wides,economy_rate,catches,stumping,direct_hit,indirect_hit,strike_rate_fp,batting_fp,bowling_fp,fielding_fp,total_fp
804475,0.8333333333333333,0.0,0.0,0.0,0.0,0.0,0.8,0.8,0.41666666666666663,0.0,0.4301075268817205,0.41666666666666663,0.125,0.0,0.0,0.0,0.0,0.05,0.11133377866844803,0.0,0.0,0.0,0.0,0,0,8,0,8
804461,0.8333333333333333,0.0,0.01282051282051282,0.0,0.0,0.0,0.8,0.8,0.375,0.0,0.4516129032258065,0.25,0.25,0.14285714285714285,0.0,0.0,0.4,0.0,0.11690046760187042,0.0,0.0,0.0,0.0,0,0,32,0,32
693119,0.7499999999999999,0.0,0.0,0.0,0.0,0.0,0.6000000000000001,0.6,0.16666666666666666,0.0,0.5376344086021506,0.5,0.25,0.2857142857142857,0.0,0.14285714285714285,0.0,0.30000000000000004,0.1855934090403029,0.0,0.0,0.0,0.0,0,0,56,0,56
693085,0.8333333333333333,0.0,0.0,0.0,0.0,0.0,0.8,0.8,0.5416666666666666,0.0,0.3548387096774194,0.25,0.0,0.2857142857142857,0.0,0.0,0.6000000000000001,0.4,0.09185036740146962,0.0,0.0,0.0,0.0,0,0,63,0,63
693063,0.8333333333333333,0.0,0.0,0.0,0.0,0.0,0.4,0.4,0.25,0.0,0.17204301075268819,0.16666666666666666,0.0,0.14285714285714285,0.0,0.0,0.0,0.25,0.08906702293475842,0.0,0.0,0.0,0.0,0,0,31,0,31
693041,0.8333333333333333,0.0,0.0,0.0,0.0,0.0,0.8,0.8,0.3333333333333333,0.0,0.39784946236559143,0.3333333333333333,0.125,0.14285714285714285,0.0,0.0,0.2,0.0,0.10298374526831443,0.0,0.0,0.0,0.0,0,0,33,0,33
693015,0.8333333333333333,0.0,0.0,0.0,0.0,0.0,0.8,0.8,0.3333333333333333,0.0,0.4838709677419355,0.3333333333333333,0.25,0.14285714285714285,0.0,0.0,0.4,0.05,0.12525050100200402,0.0,0.0,0.0,0.0,0,0,29,0,29
