match_id,batting_position,runs,balls,fours,sixes,strike_rate,overs,total_balls,dots,maidens,conceded,fours_conceded,sixes_conceded,wickets,LBW,Bowled,noballs,wides,economy_rate,catches,stumping,direct_hit,indirect_hit,strike_rate_fp,batting_fp,bowling_fp,fielding_fp,total_fp
1185193,0.25,0.06285714285714286,0.16666666666666666,0.0,0.05555555555555555,0.10577500000000001,0.0,0.0,0.0,0.0,0.0,0.0,0.0,0.0,0.0,0.0,0.0,0.0,0.0,0.0,0.0,0.0,0.0,0,17,0,0,17
1155316,0.6666666666666666,0.0,0.0,0.0,0.0,0.0,0.4,0.4,0.20833333333333331,0.0,0.11827956989247312,0.0,0.125,0.0,0.0,0.0,0.0,0.0,0.061233578267646416,0.16666666666666666,0.0,0.0,0.0,0,0,9,8,17
1155313,0.25,0.2,0.4358974358974359,0.18181818181818182,0.05555555555555555,0.128675,0.0,0.0,0.0,0.0,0.0,0.0,0.0,0.0,0.0,0.0,0.0,0.0,0.0,0.0,0.0,0.0,0.0,0,61,0,0,61
1155306,0.49999999999999994,0.0,0.0,0.0,0.0,0.0,0.4,0.4,0.3333333333333333,0.0,0.08602150537634409,0.08333333333333333,0.0,0.14285714285714285,0.0,0.0,0.0,0.0,0.04453351146737921,0.0,0.0,0.0,0.0,0,0,39,0,39
