match_id,batting_position,runs,balls,fours,sixes,strike_rate,overs,total_balls,dots,maidens,conceded,fours_conceded,sixes_conceded,wickets,LBW,Bowled,noballs,wides,economy_rate,catches,stumping,direct_hit,indirect_hit,strike_rate_fp,batting_fp,bowling_fp,fielding_fp,total_fp
1403293,0.7499999999999999,0.0,0.0,0.0,0.0,0.0,0.6000000000000001,0.6,0.125,0.0,0.37634408602150543,0.41666666666666663,0.125,0.0,0.0,0.0,0.0,0.0,0.12992651970607885,0.0,0.0,0.0,0.0,0,0,-1,0,-1
1403288,0.49999999999999994,0.0,0.038461538461538464,0.0,0.0,0.0,0.0,0.0,0.0,0.0,0.0,0.0,0.0,0.0,0.0,0.0,0.0,0.0,0.0,0.0,0.0,0.0,0.0,0,-2,0,0,-2
1397437,0.5833333333333333,0.12,0.20512820512820512,0.045454545454545456,0.0,0.1640625,0.6000000000000001,0.6,0.16666666666666666,0.0,0.21505376344086025,0.0,0.125,0.0,0.0,0.0,0.0,0.0,0.07425963037185483,0.0,0.0,0.0,0.0,2,27,6,0,33
1377729,0.5833333333333333,0.0,0.02564102564102564,0.0,0.0,0.0,0.2,0.2,0.0,0.0,0.19354838709677422,0.16666666666666666,0.125,0.0,0.0,0.0,0.0,0.0,0.20040080160320645,0.16666666666666666,0.0,0.0,0.0,0,-2,0,8,6
1377728,0.7499999999999999,0.0,0.0,0.0,0.0,0.0,0.8,0.8,0.16666666666666666,0.0,0.39784946236559143,0.3333333333333333,0.125,0.14285714285714285,0.0,0.0,0.0,0.0,0.10298374526831443,0.0,0.0,0.0,0.0,0,0,29,0,29
1377727,0.6666666666666666,0.017142857142857144,0.07692307692307693,0.0,0.0,0.0625,0.6000000000000001,0.6,0.20833333333333331,0.0,0.16129032258064518,0.0,0.0,0.14285714285714285,0.0,0.0,0.0,0.0,0.055666889334224014,0.0,0.0,0.0,0.0,0,3,34,0,37
