match_id,batting_position,runs,balls,fours,sixes,strike_rate,overs,total_balls,dots,maidens,conceded,fours_conceded,sixes_conceded,wickets,LBW,Bowled,noballs,wides,economy_rate,catches,stumping,direct_hit,indirect_hit,strike_rate_fp,batting_fp,bowling_fp,fielding_fp,total_fp
1391336,0.8333333333333333,0.0,0.0,0.0,0.0,0.0,0.0,0.0,0.0,0.0,0.0,0.0,0.0,0.0,0.0,0.0,0.0,0.0,0.0,0.0,0.0,0.0,0.0,0,0,0,0,0
1391333,0.8333333333333333,0.0,0.0,0.0,0.0,0.0,0.0,0.0,0.0,0.0,0.0,0.0,0.0,0.0,0.0,0.0,0.0,0.0,0.0,0.0,0.0,0.0,0.0,0,0,0,0,0
1384599,0.8333333333333333,0.0,0.0,0.0,0.0,0.0,0.0,0.0,0.0,0.0,0.0,0.0,0.0,0.0,0.0,0.0,0.0,0.0,0.0,0.0,0.0,0.0,0.0,0,0,0,0,0
1321269,0.6666666666666666,0.0,0.0,0.0,0.0,0.0,0.13340000000000002,0.13333333333333333,0.041666666666666664,0.0,0.06451612903225806,0.0,0.0,0.0,0.0,0.0,0.2,0.0,0.10020040080160322,0.0,0.0,0.0,0.0,0,0,1,0,1
1321260,0.8333333333333333,0.0,0.0,0.0,0.0,0.0,0.0,0.0,0.0,0.0,0.0,0.0,0.0,0.0,0.0,0.0,0.0,0.0,0.0,0.0,0.0,0.0,0.0,0,0,0,0,0
1235830,0.7499999999999999,0.0,0.0,0.0,0.0,0.0,0.36660000000000004,0.36666666666666664,0.20833333333333331,0.0,0.12903225806451613,0.0,0.0,0.14285714285714285,0.0,0.0,0.2,0.15000000000000002,0.07292362502783345,0.0,0.0,0.0,0.0,0,0,30,0,30
