match_id,batting_position,runs,balls,fours,sixes,strike_rate,overs,total_balls,dots,maidens,conceded,fours_conceded,sixes_conceded,wickets,LBW,Bowled,noballs,wides,economy_rate,catches,stumping,direct_hit,indirect_hit,strike_rate_fp,batting_fp,bowling_fp,fielding_fp,total_fp
1283041,0.08333333333333333,0.045714285714285714,0.11538461538461538,0.045454545454545456,0.0,0.1111125,0.2,0.2,0.0,0.0,0.17204301075268819,0.0,0.25,0.0,0.0,0.0,0.0,0.0,0.17813404586951684,0.0,0.0,0.0,0.0,0,12,0,0,12
1283033,0.0,0.06285714285714286,0.10256410256410256,0.09090909090909091,0.0,0.171875,0.0,0.0,0.0,0.0,0.0,0.0,0.0,0.0,0.0,0.0,0.0,0.0,0.0,0.0,0.0,0.0,0.3333333333333333,0,19,0,6,25
1283035,0.08333333333333333,0.15428571428571428,0.24358974358974358,0.13636363636363635,0.05555555555555555,0.17763750000000003,0.0,0.0,0.0,0.0,0.0,0.0,0.0,0.0,0.0,0.0,0.0,0.0,0.0,0.0,0.0,0.0,0.0,2,51,0,0,51
1283025,0.0,0.2057142857142857,0.34615384615384615,0.2272727272727273,0.05555555555555555,0.16666250000000002,0.0,0.0,0.0,0.0,0.0,0.0,0.0,0.0,0.0,0.0,0.0,0.0,0.0,0.0,0.0,0.0,0.0,2,68,0,0,68
1283023,0.0,0.005714285714285714,0.05128205128205128,0.0,0.0,0.03125,0.0,0.0,0.0,0.0,0.0,0.0,0.0,0.0,0.0,0.0,0.0,0.0,0.0,0.0,0.0,0.0,0.0,0,1,0,0,1
