match_id,batting_position,runs,balls,fours,sixes,strike_rate,overs,total_balls,dots,maidens,conceded,fours_conceded,sixes_conceded,wickets,LBW,Bowled,noballs,wides,economy_rate,catches,stumping,direct_hit,indirect_hit,strike_rate_fp,batting_fp,bowling_fp,fielding_fp,total_fp
1459581,0.8333333333333333,0.0,0.0,0.0,0.0,0.0,0.6000000000000001,0.6,0.25,0.0,0.34408602150537637,0.5,0.0,0.42857142857142855,0.0,0.14285714285714285,0.0,0.0,0.11879314183923403,0.0,0.0,0.0,0.0,0,0,91,0,91
1459579,0.8333333333333333,0.0,0.0,0.0,0.0,0.0,0.1666,0.16666666666666666,0.125,0.0,0.08602150537634409,0.16666666666666666,0.0,0.14285714285714285,0.0,0.0,0.0,0.0,0.1068804275217101,0.0,0.0,0.0,0.0,0,0,28,0,28
1459577,0.8333333333333333,0.0,0.0,0.0,0.0,0.0,0.4,0.4,0.16666666666666666,0.0,0.33333333333333337,0.16666666666666666,0.375,0.14285714285714285,0.0,0.0,0.0,0.1,0.17256735693609443,0.16666666666666666,0.0,0.0,0.0,0,0,23,8,31
1459575,0.8333333333333333,0.0,0.0,0.0,0.0,0.0,0.8,0.8,0.5833333333333333,0.0,0.25806451612903225,0.16666666666666666,0.125,0.42857142857142855,0.0,0.0,0.0,0.1,0.06680026720106881,0.0,0.0,0.0,0.0,0,0,95,0,95
1412317,0.7499999999999999,0.0,0.0,0.0,0.0,0.0,0.8,0.8,0.125,0.0,0.7741935483870969,0.6666666666666666,0.625,0.14285714285714285,0.0,0.0,0.1,0.0,0.20040080160320645,0.0,0.0,0.0,0.0,0,0,22,0,22
1412314,0.8333333333333333,0.0,0.0,0.0,0.0,0.0,0.7334,0.7333333333333333,0.5833333333333333,0.0,0.20430107526881722,0.0,0.125,0.2857142857142857,0.0,0.0,0.0,0.30000000000000004,0.05767089735025607,0.16666666666666666,0.0,0.0,0.0,0,0,68,8,76
1412313,0.8333333333333333,0.0,0.0,0.0,0.0,0.0,0.8,0.8,0.5416666666666666,0.0,0.19354838709677422,0.16666666666666666,0.0,0.42857142857142855,0.3333333333333333,0.0,0.0,0.05,0.05010020040080161,0.16666666666666666,0.0,0.0,0.0,0,0,106,8,114
1412310,0.7499999999999999,0.0,0.0,0.0,0.0,0.0,0.8,0.8,0.375,0.0,0.34408602150537637,0.3333333333333333,0.125,0.14285714285714285,0.0,0.0,0.0,0.05,0.08906702293475842,0.0,0.0,0.0,0.0,0,0,34,0,34
1412274,0.8333333333333333,0.0,0.0,0.0,0.0,0.0,0.2,0.2,0.041666666666666664,0.0,0.20430107526881722,0.08333333333333333,0.25,0.0,0.0,0.0,0.0,0.0,0.21153417947005124,0.0,0.0,0.0,0.0,0,0,1,0,1
