match_id,batting_position,runs,balls,fours,sixes,strike_rate,overs,total_balls,dots,maidens,conceded,fours_conceded,sixes_conceded,wickets,LBW,Bowled,noballs,wides,economy_rate,catches,stumping,direct_hit,indirect_hit,strike_rate_fp,batting_fp,bowling_fp,fielding_fp,total_fp
1442989,0.4166666666666667,0.017142857142857144,0.07692307692307693,0.0,0.0,0.0625,0.6000000000000001,0.6,0.16666666666666666,0.0,0.2795698924731183,0.16666666666666666,0.0,0.14285714285714285,0.0,0.0,0.0,0.15000000000000002,0.09652638610554444,0.16666666666666666,0.0,0.0,0.0,0,3,29,8,40
1442988,0.5833333333333333,0.06857142857142857,0.1282051282051282,0.0,0.05555555555555555,0.15,0.0,0.0,0.0,0.0,0.0,0.0,0.0,0.0,0.0,0.0,0.0,0.0,0.0,0.0,0.0,0.0,0.0,0,18,0,0,18
1262760,0.5833333333333333,0.0,0.0,0.0,0.0,0.0,0.4,0.4,0.16666666666666666,0.0,0.13978494623655915,0.08333333333333333,0.0,0.14285714285714285,0.3333333333333333,0.0,0.0,0.05,0.07236695613449122,0.0,0.0,0.0,0.0,0,0,39,0,39
1262759,0.49999999999999994,0.011428571428571429,0.0641025641025641,0.0,0.0,0.05,0.4,0.4,0.25,0.0,0.09677419354838711,0.08333333333333333,0.0,0.0,0.0,0.0,0.0,0.0,0.05010020040080161,0.0,0.0,0.0,0.0,0,2,12,0,14
