match_id,batting_position,runs,balls,fours,sixes,strike_rate,overs,total_balls,dots,maidens,conceded,fours_conceded,sixes_conceded,wickets,LBW,Bowled,noballs,wides,economy_rate,catches,stumping,direct_hit,indirect_hit,strike_rate_fp,batting_fp,bowling_fp,fielding_fp,total_fp
1157208,0.25,0.0,0.0,0.0,0.0,0.0,0.2,0.2,0.08333333333333333,0.0,0.09677419354838711,0.0,0.125,0.14285714285714285,0.0,0.0,0.0,0.0,0.10020040080160322,0.0,0.0,0.0,0.0,0,0,27,0,27
1157191,0.49999999999999994,0.0,0.0,0.0,0.0,0.0,0.6000000000000001,0.6,0.29166666666666663,0.0,0.12903225806451613,0.0,0.0,0.0,0.0,0.0,0.0,0.0,0.04453351146737921,0.16666666666666666,0.0,0.0,0.0,0,0,13,8,21
1157158,0.8333333333333333,0.005714285714285714,0.05128205128205128,0.0,0.0,0.03125,0.6000000000000001,0.6,0.25,0.0,0.21505376344086025,0.08333333333333333,0.125,0.14285714285714285,0.3333333333333333,0.0,0.0,0.0,0.07425963037185483,0.0,0.0,0.0,0.0,0,1,41,0,42
1157141,0.8333333333333333,0.0,0.0,0.0,0.0,0.0,0.8,0.8,0.20833333333333331,0.0,0.2903225806451613,0.25,0.0,0.14285714285714285,0.0,0.14285714285714285,0.0,0.0,0.07515030060120241,0.0,0.0,0.0,0.0,0,0,40,0,40
