match_id,batting_position,runs,balls,fours,sixes,strike_rate,overs,total_balls,dots,maidens,conceded,fours_conceded,sixes_conceded,wickets,LBW,Bowled,noballs,wides,economy_rate,catches,stumping,direct_hit,indirect_hit,strike_rate_fp,batting_fp,bowling_fp,fielding_fp,total_fp
660221,0.25,0.18285714285714286,0.41025641025641024,0.13636363636363635,0.0,0.125,0.6000000000000001,0.6,0.29166666666666663,0.0,0.21505376344086025,0.16666666666666666,0.0,0.0,0.0,0.0,0.0,0.0,0.07425963037185483,0.0,0.0,0.0,0.0,0,48,9,0,57
660215,0.25,0.05714285714285714,0.1282051282051282,0.0,0.0,0.125,0.6000000000000001,0.6,0.25,0.0,0.23655913978494625,0.25,0.0,0.0,0.0,0.0,0.0,0.0,0.0816076597639724,0.0,0.0,0.0,0.0,0,10,6,0,16
660191,0.25,0.3485714285714286,0.7564102564102564,0.2272727272727273,0.05555555555555555,0.1292375,0.8,0.8,0.375,0.0,0.20430107526881722,0.08333333333333333,0.0,0.14285714285714285,0.0,0.14285714285714285,0.0,0.0,0.05288354486751281,0.0,0.0,0.0,0.0,0,95,48,0,143
660187,0.25,0.33714285714285713,0.6153846153846154,0.13636363636363635,0.1111111111111111,0.15365,0.6666000000000001,0.6666666666666666,0.5416666666666666,0.0,0.10752688172043012,0.08333333333333333,0.0,0.2857142857142857,0.0,0.0,0.0,0.0,0.033400133600534405,0.16666666666666666,0.0,0.3333333333333333,0.0,0,91,69,20,180
660141,0.25,0.022857142857142857,0.08974358974358974,0.0,0.0,0.071425,0.2,0.2,0.0,0.0,0.11827956989247312,0.0,0.125,0.0,0.0,0.0,0.0,0.0,0.12246715653529283,0.16666666666666666,0.0,0.0,0.0,0,4,0,8,12
660133,0.25,0.05714285714285714,0.15384615384615385,0.045454545454545456,0.0,0.1041625,0.6000000000000001,0.6,0.29166666666666663,0.0,0.19354838709677422,0.0,0.125,0.14285714285714285,0.0,0.0,0.0,0.05,0.06680026720106881,0.0,0.0,0.0,0.0,0,14,34,0,48
660117,0.25,0.08571428571428572,0.24358974358974358,0.09090909090909091,0.0,0.09868750000000001,0.6000000000000001,0.6,0.125,0.0,0.38709677419354843,0.08333333333333333,0.375,0.0,0.0,0.0,0.0,0.0,0.13360053440213762,0.0,0.0,0.0,0.0,0,23,-1,0,22
660103,0.25,0.0,0.0641025641025641,0.0,0.0,0.0,0.8,0.8,0.5416666666666666,0.0,0.20430107526881722,0.08333333333333333,0.0,0.0,0.0,0.0,0.0,0.0,0.05288354486751281,0.0,0.0,0.0,0.0,0,-2,19,0,17
