match_id,batting_position,runs,balls,fours,sixes,strike_rate,overs,total_balls,dots,maidens,conceded,fours_conceded,sixes_conceded,wickets,LBW,Bowled,noballs,wides,economy_rate,catches,stumping,direct_hit,indirect_hit,strike_rate_fp,batting_fp,bowling_fp,fielding_fp,total_fp
1333005,0.9166666666666666,0.0,0.0,0.0,0.0,0.0,0.6000000000000001,0.6,0.20833333333333331,0.0,0.3118279569892473,0.16666666666666666,0.25,0.14285714285714285,0.0,0.14285714285714285,0.0,0.0,0.10765976397238924,0.0,0.0,0.0,0.0,0,0,38,0,38
1332986,0.8333333333333333,0.0,0.0,0.0,0.0,0.0,0.8,0.8,0.41666666666666663,0.0,0.23655913978494625,0.25,0.0,0.2857142857142857,0.0,0.0,0.0,0.0,0.061233578267646416,0.0,0.0,0.0,0.0,0,0,64,0,64
1332950,0.8333333333333333,0.0,0.0,0.0,0.0,0.0,0.2,0.2,0.041666666666666664,0.0,0.09677419354838711,0.08333333333333333,0.0,0.0,0.0,0.0,0.0,0.0,0.10020040080160322,0.0,0.0,0.0,0.0,0,0,1,0,1
1157114,0.7499999999999999,0.0,0.0,0.0,0.0,0.0,0.4,0.4,0.125,0.0,0.19354838709677422,0.25,0.0,0.0,0.0,0.0,0.0,0.05,0.10020040080160322,0.0,0.0,0.0,0.0,0,0,3,0,3
1157098,0.5833333333333333,0.0,0.0,0.0,0.0,0.0,0.6000000000000001,0.6,0.16666666666666666,0.0,0.3010752688172043,0.08333333333333333,0.25,0.0,0.0,0.0,0.0,0.05,0.103874415497662,0.0,0.0,0.0,0.0,0,0,4,0,4
1130705,0.8333333333333333,0.005714285714285714,0.01282051282051282,0.0,0.0,0.125,0.6334,0.6333333333333333,0.125,0.0,0.33333333333333337,0.25,0.125,0.0,0.0,0.0,0.0,0.0,0.10899576931641061,0.0,0.0,0.0,0.0,0,1,3,0,4
1130693,0.7499999999999999,0.0,0.01282051282051282,0.0,0.0,0.0,0.4,0.4,0.16666666666666666,0.0,0.17204301075268819,0.16666666666666666,0.0,0.0,0.0,0.0,0.0,0.0,0.08906702293475842,0.0,0.0,0.0,0.0,0,-2,4,0,2
1130687,0.6666666666666666,0.0,0.0,0.0,0.0,0.0,0.8,0.8,0.41666666666666663,0.0,0.22580645161290325,0.16666666666666666,0.0,0.2857142857142857,0.0,0.0,0.0,0.0,0.05845023380093521,0.16666666666666666,0.0,0.0,0.0,0,0,64,8,72
1130667,0.7499999999999999,0.045714285714285714,0.1282051282051282,0.0,0.0,0.1,0.8,0.8,0.29166666666666663,0.0,0.2795698924731183,0.16666666666666666,0.0,0.2857142857142857,0.0,0.0,0.0,0.0,0.07236695613449122,0.0,0.0,0.0,0.0,0,8,59,0,67
