match_id,batting_position,runs,balls,fours,sixes,strike_rate,overs,total_balls,dots,maidens,conceded,fours_conceded,sixes_conceded,wickets,LBW,Bowled,noballs,wides,economy_rate,catches,stumping,direct_hit,indirect_hit,strike_rate_fp,batting_fp,bowling_fp,fielding_fp,total_fp
1431123,0.4166666666666667,0.0,0.0,0.0,0.0,0.0,0.4,0.4,0.41666666666666663,0.0,0.03225806451612903,0.0,0.0,0.0,0.0,0.0,0.0,0.05,0.016700066800267203,0.0,0.0,0.0,0.0,0,0,16,0,16
1431121,0.8333333333333333,0.0,0.0,0.0,0.0,0.0,0.2,0.2,0.16666666666666666,0.0,0.043010752688172046,0.0,0.0,0.2857142857142857,0.0,0.0,0.0,0.0,0.04453351146737921,0.16666666666666666,0.0,0.0,0.0,0,0,54,8,62
1431122,0.49999999999999994,0.0,0.0,0.0,0.0,0.0,0.13340000000000002,0.13333333333333333,0.08333333333333333,0.0,0.021505376344086023,0.0,0.0,0.14285714285714285,0.0,0.14285714285714285,0.0,0.0,0.033400133600534405,0.0,0.0,0.0,0.0,0,0,35,0,35
1431120,0.6666666666666666,0.0,0.0,0.0,0.0,0.0,0.4,0.4,0.375,0.0,0.043010752688172046,0.0,0.0,0.14285714285714285,0.0,0.0,0.0,0.05,0.022266755733689605,0.0,0.0,0.0,0.0,0,0,40,0,40
