match_id,batting_position,runs,balls,fours,sixes,strike_rate,overs,total_balls,dots,maidens,conceded,fours_conceded,sixes_conceded,wickets,LBW,Bowled,noballs,wides,economy_rate,catches,stumping,direct_hit,indirect_hit,strike_rate_fp,batting_fp,bowling_fp,fielding_fp,total_fp
1157160,0.5833333333333333,0.0,0.0,0.0,0.0,0.0,0.8,0.8,0.4583333333333333,0.0,0.33333333333333337,0.08333333333333333,0.25,0.0,0.0,0.0,0.0,0.2,0.08628367846804721,0.16666666666666666,0.0,0.0,0.0,0,0,11,8,19
1157144,0.49999999999999994,0.07428571428571429,0.10256410256410256,0.09090909090909091,0.0,0.203125,0.4,0.4,0.08333333333333333,0.0,0.21505376344086025,0.16666666666666666,0.0,0.0,0.0,0.0,0.0,0.1,0.11133377866844803,0.0,0.0,0.0,0.0,0,21,0,0,21
