match_id,batting_position,runs,balls,fours,sixes,strike_rate,overs,total_balls,dots,maidens,conceded,fours_conceded,sixes_conceded,wickets,LBW,Bowled,noballs,wides,economy_rate,catches,stumping,direct_hit,indirect_hit,strike_rate_fp,batting_fp,bowling_fp,fielding_fp,total_fp
1217744,0.08333333333333333,0.045714285714285714,0.0641025641025641,0.09090909090909091,0.0,0.2,0.0,0.0,0.0,0.0,0.0,0.0,0.0,0.0,0.0,0.0,0.0,0.0,0.0,0.0,0.0,0.0,0.0,0,16,0,0,16
1217743,0.25,0.03428571428571429,0.08974358974358974,0.0,0.0,0.1071375,0.33340000000000003,0.3333333333333333,0.08333333333333333,0.0,0.20430107526881722,0.25,0.0,0.14285714285714285,0.0,0.0,0.0,0.1,0.12692050768203075,0.0,0.0,0.0,0.0,0,6,27,0,33
1217741,0.25,0.005714285714285714,0.08974358974358974,0.0,0.0,0.0178625,0.0,0.0,0.0,0.0,0.0,0.0,0.0,0.0,0.0,0.0,0.0,0.0,0.0,0.0,0.0,0.0,0.0,0,1,0,0,1
1217738,0.16666666666666669,0.0,0.038461538461538464,0.0,0.0,0.0,0.0,0.0,0.0,0.0,0.0,0.0,0.0,0.0,0.0,0.0,0.0,0.0,0.0,0.0,0.0,0.0,0.0,0,-2,0,0,-2
1186493,0.25,0.30857142857142855,0.5,0.09090909090909091,0.2222222222222222,0.173075,0.2,0.2,0.125,0.0,0.12903225806451613,0.25,0.0,0.0,0.0,0.0,0.0,0.0,0.13360053440213762,0.0,0.0,0.0,0.0,2,96,3,0,99
1186491,0.25,0.05142857142857143,0.10256410256410256,0.045454545454545456,0.0,0.140625,0.2,0.2,0.16666666666666666,0.0,0.09677419354838711,0.16666666666666666,0.0,0.0,0.0,0.0,0.0,0.05,0.10020040080160322,0.0,0.0,0.0,0.0,0,13,4,0,17
1186490,0.25,0.19428571428571428,0.3974358974358974,0.045454545454545456,0.1111111111111111,0.1371,0.6000000000000001,0.6,0.25,0.0,0.3010752688172043,0.41666666666666663,0.0,0.14285714285714285,0.0,0.0,0.0,0.05,0.103874415497662,0.0,0.0,0.0,0.0,0,54,31,0,85
1186488,0.25,0.21142857142857144,0.358974358974359,0.18181818181818182,0.05555555555555555,0.165175,0.2,0.2,0.041666666666666664,0.0,0.11827956989247312,0.16666666666666666,0.0,0.14285714285714285,0.0,0.0,0.0,0.0,0.12246715653529283,0.0,0.0,0.0,0.0,2,65,26,0,91
