match_id,batting_position,runs,balls,fours,sixes,strike_rate,overs,total_balls,dots,maidens,conceded,fours_conceded,sixes_conceded,wickets,LBW,Bowled,noballs,wides,economy_rate,catches,stumping,direct_hit,indirect_hit,strike_rate_fp,batting_fp,bowling_fp,fielding_fp,total_fp
1186493,0.08333333333333333,0.21714285714285714,0.24358974358974358,0.09090909090909091,0.2222222222222222,0.25,0.0,0.0,0.0,0.0,0.0,0.0,0.0,0.0,0.0,0.0,0.0,0.0,0.0,0.0,0.25,0.0,0.0,6,80,0,12,92
1186491,0.08333333333333333,0.06285714285714286,0.1794871794871795,0.0,0.0,0.0982125,0.0,0.0,0.0,0.0,0.0,0.0,0.0,0.0,0.0,0.0,0.0,0.0,0.0,0.0,0.0,0.0,0.0,0,11,0,0,11
1186490,0.08333333333333333,0.17142857142857143,0.20512820512820512,0.13636363636363635,0.1111111111111111,0.234375,0.6000000000000001,0.6,0.16666666666666666,0.0,0.2688172043010753,0.0,0.25,0.14285714285714285,0.0,0.0,0.0,0.0,0.0927410376308172,0.0,0.25,0.0,0.0,6,64,29,12,105
1186488,0.5833333333333333,0.05142857142857143,0.16666666666666666,0.0,0.0,0.0865375,0.0,0.0,0.0,0.0,0.0,0.0,0.0,0.0,0.0,0.0,0.0,0.0,0.0,0.16666666666666666,0.0,0.0,0.0,-2,7,0,8,15
1160962,0.4166666666666667,0.005714285714285714,0.01282051282051282,0.0,0.0,0.125,0.0,0.0,0.0,0.0,0.0,0.0,0.0,0.0,0.0,0.0,0.0,0.0,0.0,0.0,0.25,0.0,0.0,0,1,0,12,13
1160957,0.0,0.017142857142857144,0.0641025641025641,0.0,0.0,0.075,0.0,0.0,0.0,0.0,0.0,0.0,0.0,0.0,0.0,0.0,0.0,0.0,0.0,0.0,0.0,0.0,0.0,0,3,0,0,3
1160956,0.08333333333333333,0.0,0.02564102564102564,0.0,0.0,0.0,0.0,0.0,0.0,0.0,0.0,0.0,0.0,0.0,0.0,0.0,0.0,0.0,0.0,0.0,0.25,0.0,0.0,0,-2,0,12,10
1160949,0.08333333333333333,0.0,0.0,0.0,0.0,0.0,0.0,0.0,0.0,0.0,0.0,0.0,0.0,0.0,0.0,0.0,0.0,0.0,0.0,0.16666666666666666,0.0,0.0,0.0,0,0,0,8,8
1160946,0.08333333333333333,0.07428571428571429,0.11538461538461538,0.09090909090909091,0.0,0.18055,0.0,0.0,0.0,0.0,0.0,0.0,0.0,0.0,0.0,0.0,0.0,0.0,0.0,0.0,0.25,0.0,0.0,0,21,0,12,33
