match_id,batting_position,runs,balls,fours,sixes,strike_rate,overs,total_balls,dots,maidens,conceded,fours_conceded,sixes_conceded,wickets,LBW,Bowled,noballs,wides,economy_rate,catches,stumping,direct_hit,indirect_hit,strike_rate_fp,batting_fp,bowling_fp,fielding_fp,total_fp
1459384,0.5833333333333333,0.011428571428571429,0.05128205128205128,0.0,0.0,0.0625,0.0,0.0,0.0,0.0,0.0,0.0,0.0,0.0,0.0,0.0,0.0,0.0,0.0,0.0,0.0,0.0,0.0,0,2,0,0,2
1459380,0.6666666666666666,0.0,0.0,0.0,0.0,0.0,0.6000000000000001,0.6,0.125,0.0,0.3548387096774194,0.3333333333333333,0.0,0.0,0.0,0.0,0.0,0.2,0.12246715653529283,0.16666666666666666,0.0,0.0,0.0,0,0,1,8,9
1459388,0.4166666666666667,0.09142857142857143,0.3333333333333333,0.0,0.0,0.07692500000000001,0.4,0.4,0.29166666666666663,0.0,0.15053763440860216,0.08333333333333333,0.125,0.0,0.0,0.0,0.0,0.05,0.07793364506791362,0.16666666666666666,0.0,0.0,0.0,-2,14,9,8,31
1459376,0.4166666666666667,0.0,0.01282051282051282,0.0,0.0,0.0,0.8,0.8,0.375,0.0,0.3010752688172043,0.25,0.0,0.0,0.0,0.0,0.0,0.1,0.07793364506791362,0.0,0.0,0.0,0.0,0,-2,11,0,9
1343760,0.6666666666666666,0.0,0.0,0.0,0.0,0.0,0.0,0.0,0.0,0.0,0.0,0.0,0.0,0.0,0.0,0.0,0.0,0.0,0.0,0.0,0.0,0.0,0.0,0,0,0,0,0
1343757,0.6666666666666666,0.0,0.0,0.0,0.0,0.0,0.0,0.0,0.0,0.0,0.0,0.0,0.0,0.0,0.0,0.0,0.0,0.0,0.0,0.0,0.0,0.0,0.0,0,0,0,0,0
1343744,0.16666666666666669,0.011428571428571429,0.14102564102564102,0.0,0.0,0.022725,0.0,0.0,0.0,0.0,0.0,0.0,0.0,0.0,0.0,0.0,0.0,0.0,0.0,0.16666666666666666,0.0,0.0,0.0,-6,-4,0,8,4
1343742,0.4166666666666667,0.0,0.0,0.0,0.0,0.0,0.2,0.2,0.041666666666666664,0.0,0.16129032258064518,0.25,0.0,0.0,0.0,0.0,0.0,0.05,0.16700066800267205,0.0,0.0,0.0,0.0,0,0,1,0,1
