match_id,batting_position,runs,balls,fours,sixes,strike_rate,overs,total_balls,dots,maidens,conceded,fours_conceded,sixes_conceded,wickets,LBW,Bowled,noballs,wides,economy_rate,catches,stumping,direct_hit,indirect_hit,strike_rate_fp,batting_fp,bowling_fp,fielding_fp,total_fp
1320986,0.8333333333333333,0.005714285714285714,0.038461538461538464,0.0,0.0,0.0416625,0.8,0.8,0.4583333333333333,0.0,0.2795698924731183,0.08333333333333333,0.25,0.2857142857142857,0.0,0.2857142857142857,0.0,0.0,0.07236695613449122,0.0,0.0,0.0,0.0,0,1,79,0,80
1320984,0.6666666666666666,0.022857142857142857,0.07692307692307693,0.0,0.0,0.08333750000000001,0.4,0.4,0.29166666666666663,0.0,0.16129032258064518,0.16666666666666666,0.125,0.14285714285714285,0.0,0.0,0.0,0.0,0.08350033400133602,0.0,0.0,0.0,0.0,0,4,32,0,36
1310165,0.7499999999999999,0.017142857142857144,0.038461538461538464,0.0,0.0,0.125,0.2,0.2,0.08333333333333333,0.0,0.07526881720430108,0.08333333333333333,0.0,0.0,0.0,0.0,0.0,0.0,0.07793364506791362,0.0,0.0,0.0,0.0,0,3,2,0,5
1310162,0.7499999999999999,0.0,0.0,0.0,0.0,0.0,0.8,0.8,0.5,0.0,0.20430107526881722,0.16666666666666666,0.0,0.14285714285714285,0.0,0.14285714285714285,0.0,0.0,0.05288354486751281,0.0,0.0,0.0,0.0,0,0,51,0,51
1310164,0.7499999999999999,0.0,0.0,0.0,0.0,0.0,0.4,0.4,0.375,0.0,0.043010752688172046,0.0,0.0,0.14285714285714285,0.0,0.0,0.0,0.0,0.022266755733689605,0.0,0.0,0.0,0.0,0,0,40,0,40
1201671,0.6666666666666666,0.0,0.0,0.0,0.0,0.0,0.6000000000000001,0.6,0.5,0.0,0.07526881720430108,0.0,0.0,0.0,0.0,0.0,0.0,0.1,0.02594077042974839,0.0,0.0,0.0,0.0,0,0,18,0,18
1156655,0.8333333333333333,0.0,0.0,0.0,0.0,0.0,0.33340000000000003,0.3333333333333333,0.3333333333333333,0.0,0.06451612903225806,0.0,0.0,0.0,0.0,0.0,0.0,0.2,0.04008016032064129,0.0,0.0,0.0,0.0,0,0,8,0,8
1156650,0.8333333333333333,0.0,0.0,0.0,0.0,0.0,0.6000000000000001,0.6,0.375,0.0,0.3118279569892473,0.08333333333333333,0.25,0.0,0.0,0.0,0.2,0.2,0.10765976397238924,0.0,0.0,0.0,0.0,0,0,9,0,9
