match_id,batting_position,runs,balls,fours,sixes,strike_rate,overs,total_balls,dots,maidens,conceded,fours_conceded,sixes_conceded,wickets,LBW,Bowled,noballs,wides,economy_rate,catches,stumping,direct_hit,indirect_hit,strike_rate_fp,batting_fp,bowling_fp,fielding_fp,total_fp
1244387,0.7499999999999999,0.0,0.0,0.0,0.0,0.0,0.4,0.4,0.041666666666666664,0.0,0.1827956989247312,0.08333333333333333,0.0,0.14285714285714285,0.0,0.14285714285714285,0.0,0.05,0.09463371186818081,0.0,0.0,0.0,0.0,0,0,34,0,34
1205847,0.7499999999999999,0.0,0.0,0.0,0.0,0.0,0.4,0.4,0.20833333333333331,0.0,0.10752688172043012,0.08333333333333333,0.0,0.14285714285714285,0.0,0.0,0.0,0.0,0.055666889334224014,0.0,0.0,0.0,0.0,0,0,34,0,34
1205842,0.7499999999999999,0.0,0.0,0.0,0.0,0.0,0.2666,0.26666666666666666,0.041666666666666664,0.0,0.1827956989247312,0.08333333333333333,0.125,0.0,0.0,0.0,0.0,0.05,0.14195056780227122,0.0,0.0,0.0,0.0,0,0,1,0,1
1205833,0.7499999999999999,0.0,0.0,0.0,0.0,0.0,0.0,0.0,0.0,0.0,0.0,0.0,0.0,0.0,0.0,0.0,0.0,0.0,0.0,0.0,0.0,0.0,0.0,0,0,0,0,0
1205815,0.49999999999999994,0.0,0.0,0.0,0.0,0.0,0.4,0.4,0.16666666666666666,0.0,0.15053763440860216,0.0,0.125,0.0,0.0,0.0,0.0,0.05,0.07793364506791362,0.0,0.0,0.0,0.0,0,0,6,0,6
1205797,0.25,0.0,0.0,0.0,0.0,0.0,0.6000000000000001,0.6,0.375,0.0,0.17204301075268819,0.16666666666666666,0.0,0.14285714285714285,0.0,0.14285714285714285,0.0,0.05,0.0593409040302828,0.16666666666666666,0.0,0.0,0.0,0,0,46,8,54
1205753,0.6666666666666666,0.0,0.0,0.0,0.0,0.0,0.8,0.8,0.375,0.0,0.37634408602150543,0.16666666666666666,0.25,0.2857142857142857,0.0,0.0,0.0,0.15000000000000002,0.09741705633489202,0.16666666666666666,0.0,0.0,0.0,0,0,59,8,67
1205735,0.6666666666666666,0.0,0.0,0.0,0.0,0.0,0.6000000000000001,0.6,0.25,0.0,0.17204301075268819,0.0,0.125,0.14285714285714285,0.0,0.0,0.0,0.0,0.0593409040302828,0.0,0.0,0.0,0.0,0,0,35,0,35
1205716,0.7499999999999999,0.0,0.0,0.0,0.0,0.0,0.8,0.8,0.25,0.0,0.38709677419354843,0.25,0.125,0.42857142857142855,0.0,0.14285714285714285,0.0,0.15000000000000002,0.10020040080160322,0.0,0.0,0.0,0.0,0,0,93,0,93
