match_id,batting_position,runs,balls,fours,sixes,strike_rate,overs,total_balls,dots,maidens,conceded,fours_conceded,sixes_conceded,wickets,LBW,Bowled,noballs,wides,economy_rate,catches,stumping,direct_hit,indirect_hit,strike_rate_fp,batting_fp,bowling_fp,fielding_fp,total_fp
1462926,0.4166666666666667,0.05142857142857143,0.1282051282051282,0.0,0.0,0.1125,0.6000000000000001,0.6,0.29166666666666663,0.0,0.21505376344086025,0.16666666666666666,0.0,0.14285714285714285,0.0,0.0,0.0,0.05,0.07425963037185483,0.16666666666666666,0.0,0.3333333333333333,0.0,0,9,34,20,63
