match_id,batting_position,runs,balls,fours,sixes,strike_rate,overs,total_balls,dots,maidens,conceded,fours_conceded,sixes_conceded,wickets,LBW,Bowled,noballs,wides,economy_rate,catches,stumping,direct_hit,indirect_hit,strike_rate_fp,batting_fp,bowling_fp,fielding_fp,total_fp
406198,0.16666666666666669,0.0,0.01282051282051282,0.0,0.0,0.0,0.0,0.0,0.0,0.0,0.0,0.0,0.0,0.0,0.0,0.0,0.0,0.0,0.0,0.16666666666666666,0.0,0.0,0.0,0,-2,0,8,6
406197,0.4166666666666667,0.22857142857142856,0.5256410256410257,0.13636363636363635,0.0,0.12195,0.0,0.0,0.0,0.0,0.0,0.0,0.0,0.0,0.0,0.0,0.0,0.0,0.0,0.0,0.0,0.0,0.0,0,56,0,0,56
298804,0.3333333333333333,0.06857142857142857,0.23076923076923075,0.09090909090909091,0.0,0.08333750000000001,0.0,0.0,0.0,0.0,0.0,0.0,0.0,0.0,0.0,0.0,0.0,0.0,0.0,0.0,0.0,0.0,0.0,-2,18,0,0,18
319112,0.16666666666666669,0.11428571428571428,0.1794871794871795,0.13636363636363635,0.05555555555555555,0.178575,0.0,0.0,0.0,0.0,0.0,0.0,0.0,0.0,0.0,0.0,0.0,0.0,0.0,0.0,0.0,0.3333333333333333,0.0,2,40,0,12,52
258464,0.4166666666666667,0.10285714285714286,0.20512820512820512,0.0,0.05555555555555555,0.140625,0.0,0.0,0.0,0.0,0.0,0.0,0.0,0.0,0.0,0.0,0.0,0.0,0.0,0.0,0.0,0.0,0.0,0,24,0,0,24
258463,0.5833333333333333,0.011428571428571429,0.05128205128205128,0.0,0.0,0.0625,0.0,0.0,0.0,0.0,0.0,0.0,0.0,0.0,0.0,0.0,0.0,0.0,0.0,0.16666666666666666,0.0,0.0,0.0,0,2,0,8,10
237242,0.16666666666666669,0.022857142857142857,0.11538461538461538,0.0,0.0,0.055549999999999995,0.0,0.0,0.0,0.0,0.0,0.0,0.0,0.0,0.0,0.0,0.0,0.0,0.0,0.0,0.0,0.0,0.0,0,4,0,0,4
