match_id,batting_position,runs,balls,fours,sixes,strike_rate,overs,total_balls,dots,maidens,conceded,fours_conceded,sixes_conceded,wickets,LBW,Bowled,noballs,wides,economy_rate,catches,stumping,direct_hit,indirect_hit,strike_rate_fp,batting_fp,bowling_fp,fielding_fp,total_fp
1381456,0.3333333333333333,0.02857142857142857,0.08974358974358974,0.045454545454545456,0.0,0.0892875,0.2,0.2,0.041666666666666664,0.0,0.22580645161290325,0.08333333333333333,0.25,0.0,0.0,0.0,0.1,0.05,0.23380093520374085,0.0,0.0,0.0,0.0,0,9,1,0,10
1381457,0.0,0.005714285714285714,0.05128205128205128,0.0,0.0,0.03125,0.1,0.1,0.0,0.0,0.03225806451612903,0.0,0.0,0.0,0.0,0.0,0.0,0.0,0.06680026720106881,0.0,0.0,0.0,0.0,0,1,0,0,1
1381454,0.25,0.02857142857142857,0.14102564102564102,0.0,0.0,0.0568125,0.0,0.0,0.0,0.0,0.0,0.0,0.0,0.0,0.0,0.0,0.0,0.0,0.0,0.0,0.0,0.0,0.0,-6,-1,0,0,-1
