match_id,batting_position,runs,balls,fours,sixes,strike_rate,overs,total_balls,dots,maidens,conceded,fours_conceded,sixes_conceded,wickets,LBW,Bowled,noballs,wides,economy_rate,catches,stumping,direct_hit,indirect_hit,strike_rate_fp,batting_fp,bowling_fp,fielding_fp,total_fp
1439829,0.8333333333333333,0.0,0.0,0.0,0.0,0.0,0.4,0.4,0.16666666666666666,0.0,0.09677419354838711,0.0,0.0,0.0,0.0,0.0,0.0,0.0,0.05010020040080161,0.0,0.0,0.0,0.0,0,0,10,0,10
1432199,0.5833333333333333,0.06857142857142857,0.1923076923076923,0.0,0.0,0.1,0.0,0.0,0.0,0.0,0.0,0.0,0.0,0.0,0.0,0.0,0.0,0.0,0.0,0.0,0.0,0.0,0.0,0,12,0,0,12
1432196,0.5833333333333333,0.03428571428571429,0.11538461538461538,0.0,0.0,0.08333750000000001,0.5334,0.5333333333333333,0.20833333333333331,0.0,0.2795698924731183,0.16666666666666666,0.125,0.2857142857142857,0.0,0.14285714285714285,0.1,0.0,0.10855043420173682,0.0,0.0,0.3333333333333333,0.0,0,6,63,12,81
1156651,0.7499999999999999,0.0,0.0,0.0,0.0,0.0,0.8,0.8,0.3333333333333333,0.0,0.20430107526881722,0.0,0.0,0.14285714285714285,0.0,0.0,0.0,0.0,0.05288354486751281,0.0,0.0,0.0,0.0,0,0,39,0,39
