match_id,batting_position,runs,balls,fours,sixes,strike_rate,overs,total_balls,dots,maidens,conceded,fours_conceded,sixes_conceded,wickets,LBW,Bowled,noballs,wides,economy_rate,catches,stumping,direct_hit,indirect_hit,strike_rate_fp,batting_fp,bowling_fp,fielding_fp,total_fp
1383560,0.3333333333333333,0.017142857142857144,0.08974358974358974,0.0,0.0,0.053575,0.0,0.0,0.0,0.0,0.0,0.0,0.0,0.0,0.0,0.0,0.0,0.0,0.0,0.0,0.0,0.0,0.0,0,3,0,0,3
1383534,0.16666666666666669,0.17714285714285713,0.34615384615384615,0.045454545454545456,0.1111111111111111,0.14351250000000002,0.0,0.0,0.0,0.0,0.0,0.0,0.0,0.0,0.0,0.0,0.0,0.0,0.0,0.0,0.0,0.0,0.0,0,51,0,0,51
1383480,0.25,0.13142857142857142,0.1794871794871795,0.045454545454545456,0.1111111111111111,0.2053625,0.0,0.0,0.0,0.0,0.0,0.0,0.0,0.0,0.0,0.0,0.0,0.0,0.0,0.0,0.0,0.0,0.0,4,43,0,0,43
1383461,0.16666666666666669,0.2,0.23076923076923075,0.09090909090909091,0.16666666666666666,0.24305000000000002,0.0,0.0,0.0,0.0,0.0,0.0,0.0,0.0,0.0,0.0,0.0,0.0,0.0,0.0,0.0,0.0,0.0,6,71,0,0,71
