match_id,batting_position,runs,balls,fours,sixes,strike_rate,overs,total_balls,dots,maidens,conceded,fours_conceded,sixes_conceded,wickets,LBW,Bowled,noballs,wides,economy_rate,catches,stumping,direct_hit,indirect_hit,strike_rate_fp,batting_fp,bowling_fp,fielding_fp,total_fp
1349391,0.6666666666666666,0.0,0.0,0.0,0.0,0.0,0.4,0.4,0.041666666666666664,0.0,0.16129032258064518,0.08333333333333333,0.0,0.0,0.0,0.0,0.0,0.0,0.08350033400133602,0.0,0.0,0.0,0.0,0,0,1,0,1
1349389,0.6666666666666666,0.0,0.0,0.0,0.0,0.0,0.0,0.0,0.0,0.0,0.0,0.0,0.0,0.0,0.0,0.0,0.0,0.0,0.0,0.0,0.0,0.0,0.0,0,0,0,0,0
1349386,0.5833333333333333,0.0,0.0,0.0,0.0,0.0,0.6000000000000001,0.6,0.16666666666666666,0.0,0.32258064516129037,0.16666666666666666,0.125,0.14285714285714285,0.0,0.0,0.0,0.2,0.11133377866844803,0.0,0.0,0.0,0.0,0,0,27,0,27
1142221,0.6666666666666666,0.0,0.02564102564102564,0.0,0.0,0.0,0.8,0.8,0.5833333333333333,0.0,0.25806451612903225,0.16666666666666666,0.125,0.14285714285714285,0.0,0.0,0.0,0.0,0.06680026720106881,0.0,0.0,0.0,0.0,0,-2,41,0,39
1142219,0.7499999999999999,0.02857142857142857,0.07692307692307693,0.0,0.0,0.1041625,0.8,0.8,0.41666666666666663,0.0,0.1827956989247312,0.0,0.0,0.14285714285714285,0.0,0.0,0.0,0.0,0.04731685593409041,0.0,0.0,0.0,0.0,0,5,41,0,46
1142216,0.6666666666666666,0.04,0.07692307692307693,0.0,0.05555555555555555,0.1458375,0.8,0.8,0.41666666666666663,0.0,0.2795698924731183,0.16666666666666666,0.125,0.2857142857142857,0.0,0.0,0.0,0.1,0.07236695613449122,0.0,0.0,0.0,0.0,0,13,62,0,75
1142212,0.49999999999999994,0.0,0.0,0.0,0.0,0.0,0.8,0.8,0.41666666666666663,0.0,0.19354838709677422,0.0,0.0,0.14285714285714285,0.0,0.0,0.0,0.0,0.05010020040080161,0.16666666666666666,0.0,0.0,0.0,0,0,41,8,49
1142209,0.49999999999999994,0.045714285714285714,0.23076923076923075,0.0,0.0,0.055549999999999995,0.8,0.8,0.41666666666666663,0.0,0.22580645161290325,0.16666666666666666,0.0,0.14285714285714285,0.0,0.0,0.0,0.0,0.05845023380093521,0.0,0.0,0.0,0.0,-6,2,39,0,41
