match_id,batting_position,runs,balls,fours,sixes,strike_rate,overs,total_balls,dots,maidens,conceded,fours_conceded,sixes_conceded,wickets,LBW,Bowled,noballs,wides,economy_rate,catches,stumping,direct_hit,indirect_hit,strike_rate_fp,batting_fp,bowling_fp,fielding_fp,total_fp
1436491,0.4166666666666667,0.14857142857142858,0.16666666666666666,0.13636363636363635,0.05555555555555555,0.25,0.0,0.0,0.0,0.0,0.0,0.0,0.0,0.0,0.0,0.0,0.0,0.0,0.0,0.16666666666666666,0.0,0.0,0.0,6,54,0,8,62
1436481,0.49999999999999994,0.005714285714285714,0.02564102564102564,0.0,0.0,0.0625,0.0,0.0,0.0,0.0,0.0,0.0,0.0,0.0,0.0,0.0,0.0,0.0,0.0,0.16666666666666666,0.0,0.0,0.0,0,1,0,8,9
1400055,0.4166666666666667,0.19428571428571428,0.24358974358974358,0.045454545454545456,0.1111111111111111,0.22368749999999998,0.6000000000000001,0.6,0.25,0.0,0.2795698924731183,0.16666666666666666,0.125,0.14285714285714285,0.0,0.14285714285714285,0.0,0.1,0.09652638610554444,0.16666666666666666,0.0,0.0,0.0,6,60,39,8,107
1400056,0.3333333333333333,0.2,0.28205128205128205,0.2272727272727273,0.05555555555555555,0.1988625,0.4,0.4,0.16666666666666666,0.0,0.24731182795698928,0.0,0.25,0.14285714285714285,0.0,0.14285714285714285,0.2,0.1,0.12803384546871524,0.0,0.0,0.0,0.0,4,69,33,0,102
