match_id,batting_position,runs,balls,fours,sixes,strike_rate,overs,total_balls,dots,maidens,conceded,fours_conceded,sixes_conceded,wickets,LBW,Bowled,noballs,wides,economy_rate,catches,stumping,direct_hit,indirect_hit,strike_rate_fp,batting_fp,bowling_fp,fielding_fp,total_fp
1142220,0.6666666666666666,0.05714285714285714,0.15384615384615385,0.045454545454545456,0.0,0.1041625,0.4,0.4,0.125,0.0,0.4301075268817205,0.25,0.5,0.0,0.0,0.0,0.1,0.05,0.22266755733689605,0.0,0.0,0.0,0.0,0,14,-3,0,11
1142219,0.6666666666666666,0.0,0.0,0.0,0.0,0.0,0.8,0.8,0.3333333333333333,0.0,0.33333333333333337,0.16666666666666666,0.125,0.14285714285714285,0.0,0.0,0.0,0.1,0.08628367846804721,0.3333333333333333,0.0,0.0,0.0,0,0,33,16,49
1142215,0.7499999999999999,0.03428571428571429,0.07692307692307693,0.0,0.0,0.125,0.8,0.8,0.5833333333333333,0.0,0.24731182795698928,0.08333333333333333,0.25,0.14285714285714285,0.0,0.14285714285714285,0.0,0.0,0.06401692273435762,0.0,0.0,0.0,0.0,0,6,51,0,57
1142211,0.8333333333333333,0.005714285714285714,0.01282051282051282,0.0,0.0,0.125,0.0,0.0,0.0,0.0,0.0,0.0,0.0,0.0,0.0,0.0,0.0,0.0,0.0,0.0,0.0,0.0,0.0,0,1,0,0,1
1142208,0.6666666666666666,0.0,0.0,0.0,0.0,0.0,0.6000000000000001,0.6,0.08333333333333333,0.0,0.19354838709677422,0.0,0.0,0.0,0.0,0.0,0.0,0.0,0.06680026720106881,0.0,0.0,0.0,0.0,0,0,4,0,4
