match_id,batting_position,runs,balls,fours,sixes,strike_rate,overs,total_balls,dots,maidens,conceded,fours_conceded,sixes_conceded,wickets,LBW,Bowled,noballs,wides,economy_rate,catches,stumping,direct_hit,indirect_hit,strike_rate_fp,batting_fp,bowling_fp,fielding_fp,total_fp
1278671,0.6666666666666666,0.0,0.0,0.0,0.0,0.0,0.6000000000000001,0.6,0.16666666666666666,0.0,0.3655913978494624,0.16666666666666666,0.25,0.0,0.0,0.0,0.0,0.05,0.1261411712313516,0.0,0.0,0.0,0.0,0,0,0,0,0
1233981,0.7499999999999999,0.0,0.0,0.0,0.0,0.0,0.4,0.4,0.3333333333333333,0.0,0.13978494623655915,0.08333333333333333,0.125,0.5714285714285714,0.0,0.14285714285714285,0.0,0.0,0.07236695613449122,0.0,0.0,0.0,0.0,0,0,126,0,126
1192877,0.7499999999999999,0.017142857142857144,0.0641025641025641,0.0,0.0,0.075,0.8,0.8,0.3333333333333333,0.0,0.3010752688172043,0.25,0.0,0.42857142857142855,0.0,0.2857142857142857,0.0,0.0,0.07793364506791362,0.16666666666666666,0.0,0.0,0.0,0,3,105,8,116
914223,0.6666666666666666,0.0,0.0,0.0,0.0,0.0,0.2,0.2,0.041666666666666664,0.0,0.13978494623655915,0.08333333333333333,0.125,0.0,0.0,0.0,0.0,0.0,0.14473391226898244,0.16666666666666666,0.0,0.0,0.0,0,0,1,8,9
914221,0.5833333333333333,0.005714285714285714,0.0641025641025641,0.0,0.0,0.025,0.6000000000000001,0.6,0.16666666666666666,0.0,0.3010752688172043,0.08333333333333333,0.25,0.0,0.0,0.0,0.0,0.0,0.103874415497662,0.16666666666666666,0.0,0.0,0.0,0,1,4,8,13
