match_id,batting_position,runs,balls,fours,sixes,strike_rate,overs,total_balls,dots,maidens,conceded,fours_conceded,sixes_conceded,wickets,LBW,Bowled,noballs,wides,economy_rate,catches,stumping,direct_hit,indirect_hit,strike_rate_fp,batting_fp,bowling_fp,fielding_fp,total_fp
1186493,0.4166666666666667,0.02857142857142857,0.05128205128205128,0.045454545454545456,0.0,0.15625,0.0,0.0,0.0,0.0,0.0,0.0,0.0,0.0,0.0,0.0,0.0,0.0,0.0,0.16666666666666666,0.0,0.0,0.0,0,9,0,8,17
1186491,0.49999999999999994,0.05142857142857143,0.14102564102564102,0.0,0.05555555555555555,0.10227499999999999,0.4,0.4,0.29166666666666663,0.0,0.16129032258064518,0.08333333333333333,0.125,0.0,0.0,0.0,0.0,0.1,0.08350033400133602,0.0,0.0,0.0,0.0,0,15,7,0,22
1186490,0.4166666666666667,0.005714285714285714,0.038461538461538464,0.0,0.0,0.0416625,0.0,0.0,0.0,0.0,0.0,0.0,0.0,0.0,0.0,0.0,0.0,0.0,0.0,0.3333333333333333,0.0,0.0,0.0,0,1,0,16,17
1186488,0.08333333333333333,0.0,0.02564102564102564,0.0,0.0,0.0,0.2,0.2,0.0,0.0,0.10752688172043012,0.08333333333333333,0.0,0.0,0.0,0.0,0.0,0.05,0.11133377866844803,0.0,0.0,0.0,0.0,0,-2,0,0,-2
