match_id,batting_position,runs,balls,fours,sixes,strike_rate,overs,total_balls,dots,maidens,conceded,fours_conceded,sixes_conceded,wickets,LBW,Bowled,noballs,wides,economy_rate,catches,stumping,direct_hit,indirect_hit,strike_rate_fp,batting_fp,bowling_fp,fielding_fp,total_fp
1410489,0.7499999999999999,0.0,0.02564102564102564,0.0,0.0,0.0,0.6000000000000001,0.6,0.125,0.0,0.41935483870967744,0.08333333333333333,0.5,0.0,0.0,0.0,0.0,0.0,0.14473391226898244,0.0,0.0,0.0,0.0,0,-2,-3,0,-5
1410485,0.6666666666666666,0.0,0.0,0.0,0.0,0.0,0.6000000000000001,0.6,0.20833333333333331,0.0,0.25806451612903225,0.16666666666666666,0.125,0.14285714285714285,0.0,0.0,0.0,0.0,0.08906702293475842,0.16666666666666666,0.0,0.0,0.0,0,0,30,8,38
1410477,0.6666666666666666,0.0,0.0,0.0,0.0,0.0,0.8,0.8,0.3333333333333333,0.0,0.24731182795698928,0.16666666666666666,0.0,0.2857142857142857,0.0,0.2857142857142857,0.0,0.05,0.06401692273435762,0.0,0.0,0.0,0.0,0,0,78,0,78
1410471,0.6666666666666666,0.0,0.0,0.0,0.0,0.0,0.2,0.2,0.125,0.0,0.043010752688172046,0.0,0.0,0.14285714285714285,0.0,0.0,0.0,0.0,0.04453351146737921,0.16666666666666666,0.0,0.0,0.0,0,0,28,8,36
1410435,0.7499999999999999,0.0,0.0,0.0,0.0,0.0,0.8,0.8,0.29166666666666663,0.0,0.38709677419354843,0.25,0.25,0.2857142857142857,0.0,0.0,0.0,0.0,0.10020040080160322,0.0,0.0,0.0,0.0,0,0,57,0,57
1250350,0.8333333333333333,0.0,0.0,0.0,0.0,0.0,0.8,0.8,0.375,0.0,0.34408602150537637,0.16666666666666666,0.25,0.2857142857142857,0.0,0.0,0.0,0.0,0.08906702293475842,0.16666666666666666,0.0,0.0,0.0,0,0,59,8,67
1250296,0.6666666666666666,0.0,0.0,0.0,0.0,0.0,0.8,0.8,0.5416666666666666,0.0,0.3010752688172043,0.3333333333333333,0.125,0.42857142857142855,0.0,0.0,0.0,0.0,0.07793364506791362,0.0,0.0,0.3333333333333333,0.0,0,0,94,12,106
