match_id,batting_position,runs,balls,fours,sixes,strike_rate,overs,total_balls,dots,maidens,conceded,fours_conceded,sixes_conceded,wickets,LBW,Bowled,noballs,wides,economy_rate,catches,stumping,direct_hit,indirect_hit,strike_rate_fp,batting_fp,bowling_fp,fielding_fp,total_fp
1280237,0.7499999999999999,0.0,0.0,0.0,0.0,0.0,0.2,0.2,0.041666666666666664,0.0,0.05376344086021506,0.0,0.0,0.0,0.0,0.0,0.0,0.0,0.055666889334224014,0.0,0.0,0.0,0.0,0,0,1,0,1
1205858,0.8333333333333333,0.0,0.0,0.0,0.0,0.0,0.0,0.0,0.0,0.0,0.0,0.0,0.0,0.0,0.0,0.0,0.0,0.0,0.0,0.3333333333333333,0.0,0.0,0.0,0,0,0,16,16
1157197,0.4166666666666667,0.0,0.0,0.0,0.0,0.0,0.0,0.0,0.0,0.0,0.0,0.0,0.0,0.0,0.0,0.0,0.0,0.0,0.0,0.0,0.0,0.0,0.0,0,0,0,0,0
1157180,0.49999999999999994,0.2342857142857143,0.4358974358974359,0.09090909090909091,0.05555555555555555,0.1507375,0.0,0.0,0.0,0.0,0.0,0.0,0.0,0.0,0.0,0.0,0.0,0.0,0.0,0.0,0.0,0.0,0.0,0,59,0,0,59
902229,0.5833333333333333,0.005714285714285714,0.01282051282051282,0.0,0.0,0.125,0.6000000000000001,0.6,0.41666666666666663,0.0,0.21505376344086025,0.16666666666666666,0.125,0.42857142857142855,0.0,0.14285714285714285,0.0,0.05,0.07425963037185483,0.0,0.0,0.0,0.0,0,1,99,0,100
902185,0.3333333333333333,0.0,0.0,0.0,0.0,0.0,0.8,0.8,0.4583333333333333,0.0,0.24731182795698928,0.25,0.0,0.14285714285714285,0.0,0.0,0.0,0.05,0.06401692273435762,0.16666666666666666,0.0,0.0,0.0,0,0,40,8,48
902115,0.6666666666666666,0.011428571428571429,0.038461538461538464,0.0,0.0,0.08333750000000001,0.6000000000000001,0.6,0.25,0.0,0.2903225806451613,0.16666666666666666,0.125,0.14285714285714285,0.0,0.14285714285714285,0.0,0.05,0.10020040080160322,0.0,0.0,0.0,0.0,0,2,39,0,41
902091,0.3333333333333333,0.0,0.0,0.0,0.0,0.0,0.4,0.4,0.125,0.0,0.19354838709677422,0.08333333333333333,0.125,0.0,0.0,0.0,0.0,0.0,0.10020040080160322,0.16666666666666666,0.0,0.0,0.0,0,0,3,8,11
