match_id,batting_position,runs,balls,fours,sixes,strike_rate,overs,total_balls,dots,maidens,conceded,fours_conceded,sixes_conceded,wickets,LBW,Bowled,noballs,wides,economy_rate,catches,stumping,direct_hit,indirect_hit,strike_rate_fp,batting_fp,bowling_fp,fielding_fp,total_fp
1333050,0.5833333333333333,0.005714285714285714,0.01282051282051282,0.0,0.0,0.125,0.8,0.8,0.25,0.0,0.33333333333333337,0.3333333333333333,0.0,0.14285714285714285,0.0,0.0,0.0,0.0,0.08628367846804721,0.0,0.0,0.0,0.0,0,1,31,0,32
1333012,0.6666666666666666,0.0,0.0,0.0,0.0,0.0,0.6000000000000001,0.6,0.3333333333333333,0.0,0.19354838709677422,0.08333333333333333,0.125,0.14285714285714285,0.0,0.0,0.0,0.0,0.06680026720106881,0.0,0.0,0.0,0.0,0,0,35,0,35
1332958,0.6666666666666666,0.03428571428571429,0.15384615384615385,0.0,0.0,0.0625,0.8,0.8,0.4583333333333333,0.0,0.22580645161290325,0.25,0.0,0.2857142857142857,0.0,0.0,0.0,0.0,0.05845023380093521,0.0,0.0,0.0,0.0,-4,2,65,0,67
1332939,0.6666666666666666,0.0,0.0,0.0,0.0,0.0,0.8,0.8,0.29166666666666663,0.0,0.24731182795698928,0.08333333333333333,0.0,0.0,0.0,0.0,0.0,0.0,0.06401692273435762,0.0,0.0,0.0,0.0,0,0,11,0,11
1280287,0.7499999999999999,0.0,0.0,0.0,0.0,0.0,0.8,0.8,0.41666666666666663,0.0,0.25806451612903225,0.0,0.25,0.2857142857142857,0.0,0.0,0.0,0.0,0.06680026720106881,0.0,0.0,0.0,0.0,0,0,62,0,62
1280231,0.7499999999999999,0.0,0.0,0.0,0.0,0.0,0.4,0.4,0.29166666666666663,0.0,0.19354838709677422,0.08333333333333333,0.25,0.14285714285714285,0.0,0.14285714285714285,0.0,0.0,0.10020040080160322,0.16666666666666666,0.0,0.0,0.0,0,0,40,8,48
1280212,0.49999999999999994,0.02857142857142857,0.11538461538461538,0.0,0.0,0.06945,0.8,0.8,0.5416666666666666,0.0,0.20430107526881722,0.08333333333333333,0.125,0.7142857142857142,0.0,0.0,0.0,0.0,0.05288354486751281,0.16666666666666666,0.0,0.0,0.0,0,5,156,8,169
1244395,0.5833333333333333,0.0,0.0,0.0,0.0,0.0,0.8,0.8,0.75,0.25,0.09677419354838711,0.08333333333333333,0.0,0.5714285714285714,0.3333333333333333,0.14285714285714285,0.0,0.0,0.025050100200400806,0.16666666666666666,0.0,0.0,0.0,0,0,160,8,168
