match_id,batting_position,runs,balls,fours,sixes,strike_rate,overs,total_balls,dots,maidens,conceded,fours_conceded,sixes_conceded,wickets,LBW,Bowled,noballs,wides,economy_rate,catches,stumping,direct_hit,indirect_hit,strike_rate_fp,batting_fp,bowling_fp,fielding_fp,total_fp
1271446,0.7499999999999999,0.0,0.0,0.0,0.0,0.0,0.2,0.2,0.0,0.0,0.10752688172043012,0.08333333333333333,0.0,0.0,0.0,0.0,0.0,0.0,0.11133377866844803,0.0,0.0,0.0,0.0,0,0,0,0,0
1156678,0.7499999999999999,0.0,0.0,0.0,0.0,0.0,0.6000000000000001,0.6,0.25,0.0,0.3010752688172043,0.25,0.0,0.14285714285714285,0.0,0.0,0.1,0.1,0.103874415497662,0.0,0.0,0.0,0.0,0,0,31,0,31
