match_id,batting_position,runs,balls,fours,sixes,strike_rate,overs,total_balls,dots,maidens,conceded,fours_conceded,sixes_conceded,wickets,LBW,Bowled,noballs,wides,economy_rate,catches,stumping,direct_hit,indirect_hit,strike_rate_fp,batting_fp,bowling_fp,fielding_fp,total_fp
811129,0.4166666666666667,0.18857142857142858,0.21794871794871795,0.045454545454545456,0.2222222222222222,0.24265,0.13340000000000002,0.13333333333333333,0.041666666666666664,0.0,0.07526881720430108,0.08333333333333333,0.0,0.0,0.0,0.0,0.0,0.0,0.11678913382320198,0.0,0.0,0.0,0.0,6,71,1,0,72
811123,0.3333333333333333,0.13714285714285715,0.15384615384615385,0.045454545454545456,0.1111111111111111,0.25,0.8,0.8,0.20833333333333331,0.0,0.4408602150537635,0.41666666666666663,0.125,0.2857142857142857,0.0,0.14285714285714285,0.1,0.0,0.11411712313515922,0.0,0.0,0.0,0.0,6,46,61,0,107
