match_id,batting_position,runs,balls,fours,sixes,strike_rate,overs,total_balls,dots,maidens,conceded,fours_conceded,sixes_conceded,wickets,LBW,Bowled,noballs,wides,economy_rate,catches,stumping,direct_hit,indirect_hit,strike_rate_fp,batting_fp,bowling_fp,fielding_fp,total_fp
1383507,0.25,0.10285714285714286,0.28205128205128205,0.0,0.0,0.10227499999999999,0.2,0.2,0.16666666666666666,0.0,0.021505376344086023,0.0,0.0,0.0,0.0,0.0,0.0,0.0,0.022266755733689605,0.16666666666666666,0.0,0.0,0.0,0,18,4,8,30
1383453,0.3333333333333333,0.10285714285714286,0.15384615384615385,0.09090909090909091,0.0,0.1875,0.4,0.4,0.29166666666666663,0.0,0.11827956989247312,0.0,0.125,0.2857142857142857,0.0,0.0,0.0,0.0,0.061233578267646416,0.0,0.0,0.0,0.0,0,26,61,0,87
1383434,0.25,0.17142857142857143,0.3333333333333333,0.09090909090909091,0.05555555555555555,0.144225,0.2,0.2,0.041666666666666664,0.0,0.07526881720430108,0.08333333333333333,0.0,0.0,0.0,0.0,0.0,0.0,0.07793364506791362,0.0,0.0,0.0,0.0,0,48,1,0,49
1333046,0.3333333333333333,0.24,0.3205128205128205,0.09090909090909091,0.2222222222222222,0.21,0.0,0.0,0.0,0.0,0.0,0.0,0.0,0.0,0.0,0.0,0.0,0.0,0.0,0.16666666666666666,0.0,0.0,0.3333333333333333,4,82,0,14,96
