match_id,batting_position,runs,balls,fours,sixes,strike_rate,overs,total_balls,dots,maidens,conceded,fours_conceded,sixes_conceded,wickets,LBW,Bowled,noballs,wides,economy_rate,catches,stumping,direct_hit,indirect_hit,strike_rate_fp,batting_fp,bowling_fp,fielding_fp,total_fp
1167193,0.6666666666666666,0.0,0.0,0.0,0.0,0.0,0.4,0.4,0.041666666666666664,0.0,0.23655913978494625,0.25,0.0,0.0,0.0,0.0,0.0,0.0,0.12246715653529283,0.16666666666666666,0.0,0.0,0.0,0,0,-1,8,7
1167179,0.6666666666666666,0.011428571428571429,0.038461538461538464,0.0,0.0,0.08333750000000001,0.8,0.8,0.20833333333333331,0.0,0.23655913978494625,0.08333333333333333,0.0,0.14285714285714285,0.0,0.0,0.0,0.0,0.061233578267646416,0.0,0.0,0.0,0.0,0,2,34,0,36
947339,0.6666666666666666,0.0,0.0,0.0,0.0,0.0,0.46660000000000007,0.4666666666666667,0.29166666666666663,0.0,0.12903225806451613,0.0,0.125,0.14285714285714285,0.0,0.14285714285714285,0.0,0.0,0.057225562235582283,0.0,0.0,0.0,0.0,0,0,44,0,44
947311,0.6666666666666666,0.04,0.10256410256410256,0.045454545454545456,0.0,0.109375,0.2,0.2,0.0,0.0,0.06451612903225806,0.0,0.0,0.0,0.0,0.0,0.0,0.0,0.06680026720106881,0.0,0.0,0.0,0.0,0,11,0,0,11
947283,0.5833333333333333,0.02857142857142857,0.07692307692307693,0.045454545454545456,0.0,0.1041625,0.2,0.2,0.08333333333333333,0.0,0.03225806451612903,0.0,0.0,0.0,0.0,0.0,0.0,0.0,0.033400133600534405,0.0,0.0,0.0,0.0,0,9,2,0,11
947279,0.6666666666666666,0.0,0.0,0.0,0.0,0.0,0.6000000000000001,0.6,0.25,0.0,0.21505376344086025,0.08333333333333333,0.0,0.2857142857142857,0.0,0.0,0.0,0.0,0.07425963037185483,0.16666666666666666,0.0,0.0,0.0,0,0,58,8,66
947255,0.5833333333333333,0.05142857142857143,0.14102564102564102,0.045454545454545456,0.0,0.10227499999999999,0.6000000000000001,0.6,0.125,0.0,0.2903225806451613,0.08333333333333333,0.125,0.0,0.0,0.0,0.0,0.0,0.10020040080160322,0.0,0.0,0.0,0.0,0,13,3,0,16
693037,0.6666666666666666,0.0,0.0,0.0,0.0,0.0,0.2,0.2,0.0,0.0,0.17204301075268819,0.08333333333333333,0.125,0.0,0.0,0.0,0.0,0.0,0.17813404586951684,0.16666666666666666,0.0,0.0,0.0,0,0,0,8,8
