match_id,batting_position,runs,balls,fours,sixes,strike_rate,overs,total_balls,dots,maidens,conceded,fours_conceded,sixes_conceded,wickets,LBW,Bowled,noballs,wides,economy_rate,catches,stumping,direct_hit,indirect_hit,strike_rate_fp,batting_fp,bowling_fp,fielding_fp,total_fp
1453925,0.4166666666666667,0.07428571428571429,0.24358974358974358,0.045454545454545456,0.0,0.085525,0.8,0.8,0.3333333333333333,0.0,0.34408602150537637,0.25,0.0,0.14285714285714285,0.0,0.0,0.0,0.15000000000000002,0.08906702293475842,0.0,0.0,0.0,0.0,-2,15,33,0,48
1453930,0.25,0.0,0.0,0.0,0.0,0.0,0.8,0.8,0.75,0.0,0.15053763440860216,0.16666666666666666,0.0,0.2857142857142857,0.3333333333333333,0.14285714285714285,0.0,0.0,0.03896682253395681,0.0,0.0,0.0,0.0,0,0,90,0,90
1453934,0.16666666666666669,0.12,0.1923076923076923,0.09090909090909091,0.05555555555555555,0.17500000000000002,0.0,0.0,0.0,0.0,0.0,0.0,0.0,0.0,0.0,0.0,0.0,0.0,0.0,0.16666666666666666,0.0,0.0,0.0,2,37,0,8,45
1453929,0.49999999999999994,0.022857142857142857,0.01282051282051282,0.045454545454545456,0.0,0.5,0.8,0.8,0.75,0.0,0.15053763440860216,0.08333333333333333,0.125,0.14285714285714285,0.0,0.14285714285714285,0.0,0.05,0.03896682253395681,0.0,0.0,0.0,0.0,0,8,57,0,65
1453923,0.4166666666666667,0.045714285714285714,0.02564102564102564,0.0,0.05555555555555555,0.5,0.4,0.4,0.29166666666666663,0.0,0.09677419354838711,0.08333333333333333,0.0,0.0,0.0,0.0,0.0,0.05,0.05010020040080161,0.0,0.0,0.3333333333333333,0.0,0,14,13,12,39
1456013,0.4166666666666667,0.26857142857142857,0.1923076923076923,0.045454545454545456,0.2777777777777778,0.39166249999999997,0.4,0.4,0.3333333333333333,0.0,0.06451612903225806,0.08333333333333333,0.0,0.0,0.0,0.0,0.0,0.0,0.033400133600534405,0.0,0.0,0.0,0.0,6,91,14,0,105
