match_id,batting_position,runs,balls,fours,sixes,strike_rate,overs,total_balls,dots,maidens,conceded,fours_conceded,sixes_conceded,wickets,LBW,Bowled,noballs,wides,economy_rate,catches,stumping,direct_hit,indirect_hit,strike_rate_fp,batting_fp,bowling_fp,fielding_fp,total_fp
1432211,0.7499999999999999,0.02857142857142857,0.038461538461538464,0.0,0.0,0.20833749999999998,0.8,0.8,0.375,0.0,0.5698924731182796,0.16666666666666666,0.75,0.14285714285714285,0.0,0.0,0.0,0.0,0.14751725673569363,0.16666666666666666,0.0,0.0,0.0,0,5,28,8,41
1444654,0.8333333333333333,0.0,0.0,0.0,0.0,0.0,0.8,0.8,0.5,0.25,0.20430107526881722,0.08333333333333333,0.0,0.14285714285714285,0.0,0.0,0.0,0.0,0.05288354486751281,0.0,0.0,0.0,0.0,0,0,55,0,55
1444653,0.8333333333333333,0.0,0.0,0.0,0.0,0.0,0.5334,0.5333333333333333,0.5416666666666666,0.0,0.03225806451612903,0.0,0.0,0.7142857142857142,0.3333333333333333,0.2857142857142857,0.0,0.0,0.01246938321086618,0.0,0.0,0.0,0.0,0,0,180,0,180
1444652,0.8333333333333333,0.0,0.0,0.0,0.0,0.0,0.8,0.8,0.4583333333333333,0.0,0.21505376344086025,0.08333333333333333,0.0,0.42857142857142855,0.0,0.14285714285714285,0.0,0.05,0.055666889334224014,0.0,0.0,0.0,0.0,0,0,102,0,102
1426554,0.8333333333333333,0.005714285714285714,0.038461538461538464,0.0,0.0,0.0416625,0.2,0.2,0.0,0.0,0.09677419354838711,0.08333333333333333,0.0,0.0,0.0,0.0,0.0,0.0,0.10020040080160322,0.0,0.0,0.0,0.0,0,1,0,0,1
1426553,0.7499999999999999,0.0,0.01282051282051282,0.0,0.0,0.0,0.8,0.8,0.375,0.0,0.22580645161290325,0.08333333333333333,0.0,0.2857142857142857,0.0,0.0,0.0,0.0,0.05845023380093521,0.16666666666666666,0.0,0.0,0.0,0,0,63,8,71
1399119,0.8333333333333333,0.0,0.0,0.0,0.0,0.0,0.4,0.4,0.08333333333333333,0.0,0.34408602150537637,0.25,0.25,0.14285714285714285,0.0,0.14285714285714285,0.0,0.0,0.17813404586951684,0.0,0.0,0.0,0.0,0,0,29,0,29
1399114,0.7499999999999999,0.005714285714285714,0.01282051282051282,0.0,0.0,0.125,0.8,0.8,0.6666666666666666,0.25,0.11827956989247312,0.08333333333333333,0.0,0.2857142857142857,0.0,0.0,0.0,0.0,0.030616789133823208,0.0,0.0,0.0,0.0,0,1,84,0,85
