match_id,batting_position,runs,balls,fours,sixes,strike_rate,overs,total_balls,dots,maidens,conceded,fours_conceded,sixes_conceded,wickets,LBW,Bowled,noballs,wides,economy_rate,catches,stumping,direct_hit,indirect_hit,strike_rate_fp,batting_fp,bowling_fp,fielding_fp,total_fp
1412535,0.4166666666666667,0.0,0.0,0.0,0.0,0.0,0.0,0.0,0.0,0.0,0.0,0.0,0.0,0.0,0.0,0.0,0.0,0.0,0.0,0.3333333333333333,0.0,0.0,0.0,0,0,0,16,16
1412531,0.49999999999999994,0.0,0.01282051282051282,0.0,0.0,0.0,0.2,0.2,0.08333333333333333,0.0,0.13978494623655915,0.08333333333333333,0.125,0.0,0.0,0.0,0.0,0.0,0.14473391226898244,0.0,0.0,0.0,0.0,0,-2,2,0,0
1412530,0.49999999999999994,0.02857142857142857,0.07692307692307693,0.0,0.0,0.1041625,0.0,0.0,0.0,0.0,0.0,0.0,0.0,0.0,0.0,0.0,0.0,0.0,0.0,0.0,0.0,0.0,0.0,0,5,0,0,5
1383099,0.3333333333333333,0.011428571428571429,0.05128205128205128,0.0,0.0,0.0625,0.0,0.0,0.0,0.0,0.0,0.0,0.0,0.0,0.0,0.0,0.0,0.0,0.0,0.0,0.0,0.0,0.0,0,2,0,0,2
1383098,0.16666666666666669,0.08571428571428572,0.28205128205128205,0.045454545454545456,0.0,0.08522500000000001,0.0666,0.06666666666666667,0.041666666666666664,0.0,0.021505376344086023,0.0,0.0,0.0,0.0,0.0,0.0,0.05,0.06691160097973727,0.3333333333333333,0.0,0.0,0.0,-2,17,1,16,34
1383096,0.16666666666666669,0.0,0.07692307692307693,0.0,0.0,0.0,0.0,0.0,0.0,0.0,0.0,0.0,0.0,0.0,0.0,0.0,0.0,0.0,0.0,0.16666666666666666,0.0,0.0,0.0,0,-2,0,8,6
1383093,0.3333333333333333,0.06857142857142857,0.28205128205128205,0.045454545454545456,0.0,0.0681875,0.0,0.0,0.0,0.0,0.0,0.0,0.0,0.0,0.0,0.0,0.0,0.0,0.0,0.16666666666666666,0.0,0.0,0.0,-4,12,0,8,20
1383089,0.25,0.16,0.2948717948717949,0.045454545454545456,0.1111111111111111,0.152175,0.0,0.0,0.0,0.0,0.0,0.0,0.0,0.0,0.0,0.0,0.0,0.0,0.0,0.0,0.0,0.0,0.0,0,48,0,0,48
