match_id,batting_position,runs,balls,fours,sixes,strike_rate,overs,total_balls,dots,maidens,conceded,fours_conceded,sixes_conceded,wickets,LBW,Bowled,noballs,wides,economy_rate,catches,stumping,direct_hit,indirect_hit,strike_rate_fp,batting_fp,bowling_fp,fielding_fp,total_fp
1405323,0.25,0.005714285714285714,0.02564102564102564,0.0,0.0,0.0625,0.8,0.8,0.16666666666666666,0.0,0.4838709677419355,0.25,0.375,0.14285714285714285,0.0,0.14285714285714285,0.0,0.1,0.12525050100200402,0.16666666666666666,0.0,0.0,0.0,0,1,33,8,42
1405317,0.49999999999999994,0.0,0.038461538461538464,0.0,0.0,0.0,0.6000000000000001,0.6,0.125,0.0,0.2795698924731183,0.25,0.0,0.0,0.0,0.0,0.0,0.1,0.09652638610554444,0.0,0.0,0.0,0.0,0,-2,3,0,1
1405314,0.5833333333333333,0.005714285714285714,0.05128205128205128,0.0,0.0,0.03125,0.4,0.4,0.125,0.0,0.15053763440860216,0.08333333333333333,0.0,0.0,0.0,0.0,0.0,0.0,0.07793364506791362,0.16666666666666666,0.0,0.0,0.0,0,1,5,8,14
