match_id,batting_position,runs,balls,fours,sixes,strike_rate,overs,total_balls,dots,maidens,conceded,fours_conceded,sixes_conceded,wickets,LBW,Bowled,noballs,wides,economy_rate,catches,stumping,direct_hit,indirect_hit,strike_rate_fp,batting_fp,bowling_fp,fielding_fp,total_fp
1205830,0.7499999999999999,0.0,0.0,0.0,0.0,0.0,0.0,0.0,0.0,0.0,0.0,0.0,0.0,0.0,0.0,0.0,0.0,0.0,0.0,0.0,0.0,0.0,0.0,0,0,0,0,0
1205821,0.7499999999999999,0.0,0.02564102564102564,0.0,0.0,0.0,0.2,0.2,0.041666666666666664,0.0,0.05376344086021506,0.0,0.0,0.0,0.0,0.0,0.0,0.0,0.055666889334224014,0.16666666666666666,0.0,0.3333333333333333,0.0,0,-2,1,20,19
1205795,0.6666666666666666,0.017142857142857144,0.11538461538461538,0.0,0.0,0.0416625,0.2,0.2,0.08333333333333333,0.0,0.13978494623655915,0.16666666666666666,0.0,0.14285714285714285,0.0,0.0,0.0,0.05,0.14473391226898244,0.0,0.0,0.0,0.0,0,3,27,0,30
