match_id,batting_position,runs,balls,fours,sixes,strike_rate,overs,total_balls,dots,maidens,conceded,fours_conceded,sixes_conceded,wickets,LBW,Bowled,noballs,wides,economy_rate,catches,stumping,direct_hit,indirect_hit,strike_rate_fp,batting_fp,bowling_fp,fielding_fp,total_fp
1447492,0.8333333333333333,0.0,0.0,0.0,0.0,0.0,0.2,0.2,0.041666666666666664,0.0,0.10752688172043012,0.08333333333333333,0.0,0.0,0.0,0.0,0.0,0.0,0.11133377866844803,0.0,0.0,0.0,0.0,0,0,1,0,1
1447490,0.4166666666666667,0.0,0.02564102564102564,0.0,0.0,0.0,0.0,0.0,0.0,0.0,0.0,0.0,0.0,0.0,0.0,0.0,0.0,0.0,0.0,0.0,0.0,0.0,0.0,0,-2,0,0,-2
1447485,0.7499999999999999,0.03428571428571429,0.10256410256410256,0.0,0.0,0.09375,0.8,0.8,0.3333333333333333,0.0,0.24731182795698928,0.0,0.0,0.14285714285714285,0.0,0.0,0.0,0.1,0.06401692273435762,0.0,0.0,0.0,0.0,0,6,37,0,43
1447482,0.6666666666666666,0.0,0.038461538461538464,0.0,0.0,0.0,0.0,0.0,0.0,0.0,0.0,0.0,0.0,0.0,0.0,0.0,0.0,0.0,0.0,0.0,0.0,0.0,0.0,0,-2,0,0,-2
1447479,0.7499999999999999,0.0,0.05128205128205128,0.0,0.0,0.0,0.8,0.8,0.20833333333333331,0.0,0.33333333333333337,0.25,0.0,0.2857142857142857,0.3333333333333333,0.0,0.0,0.1,0.08628367846804721,0.16666666666666666,0.0,0.0,0.0,0,-2,63,8,69
1431124,0.8333333333333333,0.0,0.038461538461538464,0.0,0.0,0.0,0.2,0.2,0.041666666666666664,0.0,0.15053763440860216,0.25,0.0,0.14285714285714285,0.0,0.0,0.0,0.0,0.15586729013582723,0.0,0.0,0.0,0.0,0,-2,26,0,24
1431125,0.7499999999999999,0.0,0.11538461538461538,0.0,0.0,0.0,0.2,0.2,0.041666666666666664,0.0,0.1827956989247312,0.16666666666666666,0.0,0.0,0.0,0.0,0.0,0.2,0.18926742373636163,0.0,0.0,0.0,0.0,0,0,1,0,1
1431120,0.8333333333333333,0.0,0.02564102564102564,0.0,0.0,0.0,0.6000000000000001,0.6,0.25,0.0,0.3118279569892473,0.25,0.0,0.0,0.0,0.0,0.2,0.05,0.10765976397238924,0.0,0.0,0.0,0.0,0,-2,6,0,4
1399104,0.7499999999999999,0.011428571428571429,0.07692307692307693,0.0,0.0,0.0416625,0.6000000000000001,0.6,0.041666666666666664,0.0,0.5913978494623656,0.16666666666666666,0.5,0.0,0.0,0.0,0.1,0.4,0.20407481629926522,0.0,0.0,0.0,0.0,0,2,-5,0,-3
