match_id,batting_position,runs,balls,fours,sixes,strike_rate,overs,total_balls,dots,maidens,conceded,fours_conceded,sixes_conceded,wickets,LBW,Bowled,noballs,wides,economy_rate,catches,stumping,direct_hit,indirect_hit,strike_rate_fp,batting_fp,bowling_fp,fielding_fp,total_fp
1383560,0.6666666666666666,0.06857142857142857,0.11538461538461538,0.045454545454545456,0.0,0.16666250000000002,0.2,0.2,0.041666666666666664,0.0,0.09677419354838711,0.08333333333333333,0.0,0.0,0.0,0.0,0.0,0.0,0.10020040080160322,0.16666666666666666,0.0,0.0,0.0,0,16,1,8,25
1332986,0.5833333333333333,0.0,0.01282051282051282,0.0,0.0,0.0,0.6000000000000001,0.6,0.125,0.0,0.4408602150537635,0.5833333333333333,0.125,0.2857142857142857,0.0,0.0,0.0,0.0,0.15219327543976846,0.0,0.0,0.0,0.0,0,0,47,0,47
1332968,0.6666666666666666,0.0,0.01282051282051282,0.0,0.0,0.0,0.0,0.0,0.0,0.0,0.0,0.0,0.0,0.0,0.0,0.0,0.0,0.0,0.0,0.0,0.0,0.0,0.0,0,-2,0,0,-2
