match_id,batting_position,runs,balls,fours,sixes,strike_rate,overs,total_balls,dots,maidens,conceded,fours_conceded,sixes_conceded,wickets,LBW,Bowled,noballs,wides,economy_rate,catches,stumping,direct_hit,indirect_hit,strike_rate_fp,batting_fp,bowling_fp,fielding_fp,total_fp
287854,0.7499999999999999,0.06285714285714286,0.11538461538461538,0.0,0.05555555555555555,0.152775,0.13340000000000002,0.13333333333333333,0.0,0.0,0.1827956989247312,0.08333333333333333,0.25,0.0,0.0,0.0,0.0,0.0,0.283789801825874,0.0,0.0,0.0,0.0,0,17,0,0,17
306991,0.5833333333333333,0.05142857142857143,0.11538461538461538,0.0,0.05555555555555555,0.125,0.8,0.8,0.4583333333333333,0.0,0.3118279569892473,0.41666666666666663,0.0,0.0,0.0,0.0,0.0,0.0,0.08071698953462482,0.0,0.0,0.0,0.0,0,15,11,0,26
306987,0.5833333333333333,0.0,0.02564102564102564,0.0,0.0,0.0,0.5334,0.5333333333333333,0.16666666666666666,0.0,0.34408602150537637,0.0,0.375,0.0,0.0,0.0,0.0,0.1,0.13360053440213762,0.16666666666666666,0.0,0.0,0.0,0,-2,0,8,6
