match_id,batting_position,runs,balls,fours,sixes,strike_rate,overs,total_balls,dots,maidens,conceded,fours_conceded,sixes_conceded,wickets,LBW,Bowled,noballs,wides,economy_rate,catches,stumping,direct_hit,indirect_hit,strike_rate_fp,batting_fp,bowling_fp,fielding_fp,total_fp
902177,0.49999999999999994,0.09714285714285714,0.23076923076923075,0.045454545454545456,0.0,0.11805,0.8,0.8,0.5,0.0,0.25806451612903225,0.25,0.0,0.0,0.0,0.0,0.0,0.0,0.06680026720106881,0.16666666666666666,0.0,0.0,0.0,0,21,14,8,43
902201,0.4166666666666667,0.03428571428571429,0.02564102564102564,0.0,0.05555555555555555,0.375,0.6000000000000001,0.6,0.125,0.0,0.3548387096774194,0.3333333333333333,0.0,0.0,0.0,0.0,0.0,0.2,0.12246715653529283,0.16666666666666666,0.0,0.0,0.0,0,12,1,8,21
902157,0.7499999999999999,0.0,0.0,0.0,0.0,0.0,0.4,0.4,0.20833333333333331,0.0,0.25806451612903225,0.41666666666666663,0.0,0.0,0.0,0.0,0.0,0.1,0.13360053440213762,0.0,0.0,0.0,0.0,0,0,1,0,1
902129,0.5833333333333333,0.09714285714285714,0.21794871794871795,0.045454545454545456,0.05555555555555555,0.125,0.8,0.8,0.4583333333333333,0.0,0.24731182795698928,0.25,0.0,0.2857142857142857,0.3333333333333333,0.0,0.0,0.0,0.06401692273435762,0.0,0.0,0.0,0.0,0,27,73,0,100
902105,0.6666666666666666,0.10857142857142857,0.21794871794871795,0.045454545454545456,0.05555555555555555,0.13970000000000002,0.6000000000000001,0.6,0.4583333333333333,0.0,0.21505376344086025,0.3333333333333333,0.0,0.0,0.0,0.0,0.0,0.05,0.07425963037185483,0.0,0.0,0.0,0.0,0,29,13,0,42
