match_id,batting_position,runs,balls,fours,sixes,strike_rate,overs,total_balls,dots,maidens,conceded,fours_conceded,sixes_conceded,wickets,LBW,Bowled,noballs,wides,economy_rate,catches,stumping,direct_hit,indirect_hit,strike_rate_fp,batting_fp,bowling_fp,fielding_fp,total_fp
1443058,0.4166666666666667,0.03428571428571429,0.05128205128205128,0.045454545454545456,0.0,0.1875,0.6000000000000001,0.6,0.20833333333333331,0.0,0.2903225806451613,0.3333333333333333,0.0,0.14285714285714285,0.0,0.0,0.0,0.05,0.10020040080160322,0.0,0.0,0.0,0.0,0,10,30,0,40
1428700,0.25,0.05714285714285714,0.15384615384615385,0.0,0.05555555555555555,0.1041625,0.2,0.2,0.041666666666666664,0.0,0.16129032258064518,0.0,0.25,0.14285714285714285,0.0,0.0,0.0,0.0,0.16700066800267205,0.0,0.0,0.0,0.0,0,16,26,0,42
1428697,0.25,0.2057142857142857,0.2564102564102564,0.045454545454545456,0.16666666666666666,0.225,0.4,0.4,0.20833333333333331,0.0,0.23655913978494625,0.0,0.375,0.0,0.0,0.0,0.0,0.0,0.12246715653529283,0.3333333333333333,0.0,0.0,0.0,6,68,3,16,87
