match_id,batting_position,runs,balls,fours,sixes,strike_rate,overs,total_balls,dots,maidens,conceded,fours_conceded,sixes_conceded,wickets,LBW,Bowled,noballs,wides,economy_rate,catches,stumping,direct_hit,indirect_hit,strike_rate_fp,batting_fp,bowling_fp,fielding_fp,total_fp
1155283,0.6666666666666666,0.0,0.0,0.0,0.0,0.0,0.4,0.4,0.29166666666666663,0.0,0.20430107526881722,0.25,0.125,0.0,0.0,0.0,0.0,0.0,0.10576708973502562,0.0,0.0,0.0,0.0,0,0,7,0,7
1155280,0.7499999999999999,0.03428571428571429,0.1282051282051282,0.045454545454545456,0.0,0.075,0.2,0.2,0.125,0.0,0.12903225806451613,0.25,0.0,0.0,0.0,0.0,0.0,0.0,0.13360053440213762,0.0,0.0,0.0,0.0,-2,8,3,0,11
1155276,0.7499999999999999,0.0,0.0,0.0,0.0,0.0,0.6000000000000001,0.6,0.5416666666666666,0.25,0.11827956989247312,0.16666666666666666,0.0,0.0,0.0,0.0,0.0,0.0,0.040859496771320426,0.0,0.0,0.0,0.0,0,0,31,0,31
1155273,0.6666666666666666,0.017142857142857144,0.038461538461538464,0.0,0.0,0.125,0.6000000000000001,0.6,0.4583333333333333,0.0,0.17204301075268819,0.16666666666666666,0.0,0.0,0.0,0.0,0.0,0.0,0.0593409040302828,0.0,0.0,0.0,0.0,0,3,15,0,18
1155275,0.5833333333333333,0.005714285714285714,0.02564102564102564,0.0,0.0,0.0625,0.8,0.8,0.375,0.0,0.3010752688172043,0.08333333333333333,0.125,0.0,0.0,0.0,0.0,0.0,0.07793364506791362,0.0,0.0,0.0,0.0,0,1,11,0,12
