match_id,batting_position,runs,balls,fours,sixes,strike_rate,overs,total_balls,dots,maidens,conceded,fours_conceded,sixes_conceded,wickets,LBW,Bowled,noballs,wides,economy_rate,catches,stumping,direct_hit,indirect_hit,strike_rate_fp,batting_fp,bowling_fp,fielding_fp,total_fp
336037,0.7499999999999999,0.0,0.0,0.0,0.0,0.0,0.4,0.4,0.25,0.0,0.19354838709677422,0.3333333333333333,0.0,0.14285714285714285,0.0,0.0,0.0,0.0,0.10020040080160322,0.0,0.0,0.0,0.0,0,0,31,0,31
336020,0.8333333333333333,0.005714285714285714,0.02564102564102564,0.0,0.0,0.0625,0.6000000000000001,0.6,0.20833333333333331,0.0,0.25806451612903225,0.25,0.0,0.0,0.0,0.0,0.0,0.05,0.08906702293475842,0.0,0.0,0.0,0.0,0,1,5,0,6
