match_id,batting_position,runs,balls,fours,sixes,strike_rate,overs,total_balls,dots,maidens,conceded,fours_conceded,sixes_conceded,wickets,LBW,Bowled,noballs,wides,economy_rate,catches,stumping,direct_hit,indirect_hit,strike_rate_fp,batting_fp,bowling_fp,fielding_fp,total_fp
1155316,0.7499999999999999,0.0,0.0,0.0,0.0,0.0,0.6000000000000001,0.6,0.16666666666666666,0.0,0.4301075268817205,0.25,0.25,0.0,0.0,0.0,0.0,0.05,0.1484079269650412,0.0,0.0,0.0,0.0,0,0,-2,0,-2
1155308,0.3333333333333333,0.08,0.1923076923076923,0.0,0.0,0.1166625,0.0,0.0,0.0,0.0,0.0,0.0,0.0,0.0,0.0,0.0,0.0,0.0,0.0,0.0,0.0,0.0,0.0,0,14,0,0,14
1155310,0.3333333333333333,0.06285714285714286,0.16666666666666666,0.045454545454545456,0.0,0.10577500000000001,0.6000000000000001,0.6,0.16666666666666666,0.0,0.3010752688172043,0.08333333333333333,0.0,0.14285714285714285,0.0,0.0,0.1,0.15000000000000002,0.103874415497662,0.0,0.0,0.0,0.0,0,15,29,0,44
