match_id,batting_position,runs,balls,fours,sixes,strike_rate,overs,total_balls,dots,maidens,conceded,fours_conceded,sixes_conceded,wickets,LBW,Bowled,noballs,wides,economy_rate,catches,stumping,direct_hit,indirect_hit,strike_rate_fp,batting_fp,bowling_fp,fielding_fp,total_fp
599897,0.7499999999999999,0.0,0.0,0.0,0.0,0.0,0.4,0.4,0.041666666666666664,0.0,0.19354838709677422,0.16666666666666666,0.0,0.0,0.0,0.0,0.0,0.0,0.10020040080160322,0.0,0.0,0.0,0.0,0,0,1,0,1
599894,0.7499999999999999,0.0,0.0,0.0,0.0,0.0,0.8,0.8,0.16666666666666666,0.0,0.5376344086021506,0.16666666666666666,0.5,0.0,0.0,0.0,0.0,0.05,0.13916722333556003,0.0,0.0,0.0,0.0,0,0,-2,0,-2
599892,0.7499999999999999,0.0,0.01282051282051282,0.0,0.0,0.0,0.8,0.8,0.375,0.0,0.3118279569892473,0.25,0.125,0.2857142857142857,0.0,0.0,0.0,0.05,0.08071698953462482,0.0,0.0,0.0,0.0,0,-2,59,0,57
