match_id,batting_position,runs,balls,fours,sixes,strike_rate,overs,total_balls,dots,maidens,conceded,fours_conceded,sixes_conceded,wickets,LBW,Bowled,noballs,wides,economy_rate,catches,stumping,direct_hit,indirect_hit,strike_rate_fp,batting_fp,bowling_fp,fielding_fp,total_fp
1463666,0.7499999999999999,0.0,0.0,0.0,0.0,0.0,0.8,0.8,0.5416666666666666,0.0,0.16129032258064518,0.08333333333333333,0.0,0.2857142857142857,0.0,0.0,0.0,0.0,0.04175016700066801,0.0,0.0,0.0,0.0,0,0,69,0,69
1463662,0.6666666666666666,0.0,0.0,0.0,0.0,0.0,0.6000000000000001,0.6,0.3333333333333333,0.0,0.16129032258064518,0.08333333333333333,0.0,0.0,0.0,0.0,0.0,0.0,0.055666889334224014,0.0,0.0,0.0,0.0,0,0,12,0,12
1463661,0.7499999999999999,0.005714285714285714,0.02564102564102564,0.0,0.0,0.0625,0.8,0.8,0.41666666666666663,0.0,0.24731182795698928,0.08333333333333333,0.125,0.0,0.0,0.0,0.0,0.0,0.06401692273435762,0.16666666666666666,0.0,0.0,0.0,0,1,14,8,23
1463655,0.6666666666666666,0.0,0.0,0.0,0.0,0.0,0.8,0.8,0.5,0.0,0.3010752688172043,0.08333333333333333,0.25,0.14285714285714285,0.0,0.0,0.0,0.0,0.07793364506791362,0.0,0.0,0.0,0.0,0,0,39,0,39
1454821,0.6666666666666666,0.0,0.01282051282051282,0.0,0.0,0.0,0.6000000000000001,0.6,0.25,0.0,0.20430107526881722,0.16666666666666666,0.0,0.14285714285714285,0.3333333333333333,0.0,0.0,0.0,0.0704742818971276,0.0,0.0,0.0,0.0,0,-2,41,0,39
1454820,0.6666666666666666,0.14285714285714285,0.23076923076923075,0.09090909090909091,0.05555555555555555,0.17361249999999998,0.4,0.4,0.16666666666666666,0.0,0.13978494623655915,0.0,0.125,0.2857142857142857,0.0,0.2857142857142857,0.0,0.05,0.07236695613449122,0.0,0.0,0.0,0.0,2,45,72,0,117
1199545,0.7499999999999999,0.0,0.0,0.0,0.0,0.0,0.2,0.2,0.041666666666666664,0.0,0.10752688172043012,0.0,0.125,0.0,0.0,0.0,0.0,0.0,0.11133377866844803,0.0,0.0,0.0,0.0,0,0,1,0,1
1172507,0.8333333333333333,0.0,0.0,0.0,0.0,0.0,0.8,0.8,0.20833333333333331,0.0,0.38709677419354843,0.25,0.125,0.0,0.0,0.0,0.0,0.0,0.10020040080160322,0.0,0.0,0.0,0.0,0,0,5,0,5
1172506,0.8333333333333333,0.03428571428571429,0.07692307692307693,0.0,0.0,0.125,0.4,0.4,0.08333333333333333,0.0,0.3010752688172043,0.3333333333333333,0.125,0.0,0.0,0.0,0.0,0.0,0.15586729013582723,0.0,0.0,0.0,0.0,0,6,-4,0,2
