match_id,batting_position,runs,balls,fours,sixes,strike_rate,overs,total_balls,dots,maidens,conceded,fours_conceded,sixes_conceded,wickets,LBW,Bowled,noballs,wides,economy_rate,catches,stumping,direct_hit,indirect_hit,strike_rate_fp,batting_fp,bowling_fp,fielding_fp,total_fp
1418185,0.7499999999999999,0.0,0.0,0.0,0.0,0.0,0.0,0.0,0.0,0.0,0.0,0.0,0.0,0.0,0.0,0.0,0.0,0.0,0.0,0.0,0.0,0.0,0.0,0,0,0,0,0
1418177,0.08333333333333333,0.0,0.20512820512820512,0.0,0.0,0.0,0.0,0.0,0.0,0.0,0.0,0.0,0.0,0.0,0.0,0.0,0.0,0.0,0.0,0.0,0.0,0.0,0.0,-6,-8,0,0,-8
1418176,0.7499999999999999,0.0,0.0,0.0,0.0,0.0,0.0,0.0,0.0,0.0,0.0,0.0,0.0,0.0,0.0,0.0,0.0,0.0,0.0,0.0,0.0,0.0,0.0,0,0,0,0,0
1407719,0.3333333333333333,0.0,0.0,0.0,0.0,0.0,0.0,0.0,0.0,0.0,0.0,0.0,0.0,0.0,0.0,0.0,0.0,0.0,0.0,0.0,0.0,0.0,0.0,0,0,0,0,0
1407718,0.4166666666666667,0.0,0.0,0.0,0.0,0.0,0.0,0.0,0.0,0.0,0.0,0.0,0.0,0.0,0.0,0.0,0.0,0.0,0.0,0.0,0.0,0.0,0.0,0,0,0,0,0
1407716,0.3333333333333333,0.0,0.0,0.0,0.0,0.0,0.6000000000000001,0.6,0.3333333333333333,0.0,0.25806451612903225,0.08333333333333333,0.25,0.14285714285714285,0.0,0.0,0.0,0.0,0.08906702293475842,0.0,0.0,0.0,0.0,0,0,33,0,33
1407717,0.49999999999999994,0.022857142857142857,0.23076923076923075,0.0,0.0,0.027774999999999998,0.0,0.0,0.0,0.0,0.0,0.0,0.0,0.0,0.0,0.0,0.0,0.0,0.0,0.0,0.0,0.0,0.0,-6,-2,0,0,-2
1407714,0.08333333333333333,0.08571428571428572,0.21794871794871795,0.13636363636363635,0.0,0.1103,0.4,0.4,0.125,0.0,0.2688172043010753,0.25,0.125,0.0,0.0,0.0,0.0,0.05,0.13916722333556003,0.0,0.0,0.0,0.0,0,27,-3,0,24
1407715,0.08333333333333333,0.005714285714285714,0.05128205128205128,0.0,0.0,0.03125,0.8,0.8,0.625,0.0,0.2688172043010753,0.3333333333333333,0.0,0.2857142857142857,0.0,0.0,0.0,0.05,0.06958361166778002,0.16666666666666666,0.0,0.0,0.0,0,1,67,8,76
