match_id,batting_position,runs,balls,fours,sixes,strike_rate,overs,total_balls,dots,maidens,conceded,fours_conceded,sixes_conceded,wickets,LBW,Bowled,noballs,wides,economy_rate,catches,stumping,direct_hit,indirect_hit,strike_rate_fp,batting_fp,bowling_fp,fielding_fp,total_fp
1444962,0.4166666666666667,0.022857142857142857,0.0641025641025641,0.0,0.0,0.1,0.8,0.8,0.5,0.0,0.13978494623655915,0.0,0.0,0.2857142857142857,0.0,0.14285714285714285,0.0,0.0,0.03618347806724561,0.0,0.0,0.0,0.0,0,4,76,0,80
1444960,0.4166666666666667,0.22285714285714286,0.3846153846153846,0.2272727272727273,0.0,0.1625,0.8,0.8,0.29166666666666663,0.0,0.3010752688172043,0.08333333333333333,0.125,0.14285714285714285,0.0,0.0,0.0,0.0,0.07793364506791362,0.0,0.0,0.0,0.0,2,65,34,0,99
1444958,0.4166666666666667,0.0,0.02564102564102564,0.0,0.0,0.0,0.8,0.8,0.4583333333333333,0.0,0.33333333333333337,0.16666666666666666,0.25,0.0,0.0,0.0,0.0,0.0,0.08628367846804721,0.0,0.0,0.0,0.0,0,-2,11,0,9
1444957,0.3333333333333333,0.05714285714285714,0.1794871794871795,0.045454545454545456,0.0,0.0892875,0.8,0.8,0.5833333333333333,0.0,0.11827956989247312,0.0,0.0,0.42857142857142855,0.0,0.2857142857142857,0.0,0.05,0.030616789133823208,0.0,0.0,0.0,0.3333333333333333,0,14,115,6,135
1444955,0.49999999999999994,0.045714285714285714,0.16666666666666666,0.0,0.0,0.07692500000000001,0.8,0.8,0.375,0.0,0.3118279569892473,0.16666666666666666,0.125,0.14285714285714285,0.3333333333333333,0.0,0.0,0.0,0.08071698953462482,0.0,0.0,0.0,0.0,-2,6,42,0,48
1444953,0.4166666666666667,0.022857142857142857,0.1282051282051282,0.0,0.0,0.05,0.0,0.0,0.0,0.0,0.0,0.0,0.0,0.0,0.0,0.0,0.0,0.0,0.0,0.0,0.0,0.0,0.0,-6,-2,0,0,-2
