match_id,batting_position,runs,balls,fours,sixes,strike_rate,overs,total_balls,dots,maidens,conceded,fours_conceded,sixes_conceded,wickets,LBW,Bowled,noballs,wides,economy_rate,catches,stumping,direct_hit,indirect_hit,strike_rate_fp,batting_fp,bowling_fp,fielding_fp,total_fp
1279385,0.7499999999999999,0.011428571428571429,0.02564102564102564,0.0,0.0,0.125,0.8,0.8,0.4583333333333333,0.0,0.20430107526881722,0.16666666666666666,0.0,0.2857142857142857,0.0,0.14285714285714285,0.0,0.0,0.05288354486751281,0.0,0.0,0.0,0.0,0,2,75,0,77
1279383,0.7499999999999999,0.0,0.0,0.0,0.0,0.0,0.8,0.8,0.41666666666666663,0.0,0.23655913978494625,0.16666666666666666,0.0,0.42857142857142855,0.3333333333333333,0.14285714285714285,0.0,0.05,0.061233578267646416,0.0,0.0,0.0,0.0,0,0,109,0,109
1279379,0.7499999999999999,0.0,0.0,0.0,0.0,0.0,0.6000000000000001,0.6,0.375,0.0,0.12903225806451613,0.08333333333333333,0.0,0.14285714285714285,0.0,0.0,0.0,0.0,0.04453351146737921,0.0,0.0,0.0,0.0,0,0,40,0,40
