match_id,batting_position,runs,balls,fours,sixes,strike_rate,overs,total_balls,dots,maidens,conceded,fours_conceded,sixes_conceded,wickets,LBW,Bowled,noballs,wides,economy_rate,catches,stumping,direct_hit,indirect_hit,strike_rate_fp,batting_fp,bowling_fp,fielding_fp,total_fp
1359802,0.4166666666666667,0.0,0.01282051282051282,0.0,0.0,0.0,0.8,0.8,0.41666666666666663,0.0,0.2903225806451613,0.25,0.125,0.2857142857142857,0.0,0.14285714285714285,0.0,0.0,0.07515030060120241,0.0,0.0,0.0,0.0,0,-2,70,0,68
1359798,0.49999999999999994,0.0,0.01282051282051282,0.0,0.0,0.0,0.6000000000000001,0.6,0.4583333333333333,0.0,0.11827956989247312,0.08333333333333333,0.0,0.0,0.0,0.0,0.0,0.1,0.040859496771320426,0.3333333333333333,0.0,0.0,0.0,0,-2,17,16,31
1359793,0.5833333333333333,0.0,0.038461538461538464,0.0,0.0,0.0,0.8,0.8,0.20833333333333331,0.0,0.49462365591397855,0.25,0.375,0.0,0.0,0.0,0.0,0.15000000000000002,0.12803384546871524,0.0,0.0,0.0,0.0,0,-2,1,0,-1
1359794,0.49999999999999994,0.05714285714285714,0.11538461538461538,0.0,0.0,0.1388875,0.8,0.8,0.29166666666666663,0.0,0.3010752688172043,0.08333333333333333,0.0,0.0,0.0,0.0,0.0,0.05,0.07793364506791362,0.16666666666666666,0.0,0.0,0.0,0,10,9,8,27
1359786,0.6666666666666666,0.0,0.02564102564102564,0.0,0.0,0.0,0.0,0.0,0.0,0.0,0.0,0.0,0.0,0.0,0.0,0.0,0.0,0.0,0.0,0.3333333333333333,0.0,0.0,0.0,0,-2,0,16,14
