match_id,batting_position,runs,balls,fours,sixes,strike_rate,overs,total_balls,dots,maidens,conceded,fours_conceded,sixes_conceded,wickets,LBW,Bowled,noballs,wides,economy_rate,catches,stumping,direct_hit,indirect_hit,strike_rate_fp,batting_fp,bowling_fp,fielding_fp,total_fp
1063048,0.7499999999999999,0.0,0.0641025641025641,0.0,0.0,0.0,0.4,0.4,0.29166666666666663,0.0,0.06451612903225806,0.0,0.0,0.0,0.0,0.0,0.0,0.05,0.033400133600534405,0.0,0.0,0.0,0.0,0,-2,13,0,11
1063055,0.7499999999999999,0.045714285714285714,0.02564102564102564,0.09090909090909091,0.0,0.5,0.8,0.8,0.5,0.0,0.22580645161290325,0.08333333333333333,0.125,0.14285714285714285,0.0,0.0,0.0,0.0,0.05845023380093521,0.0,0.0,0.0,0.0,0,16,41,0,57
