match_id,batting_position,runs,balls,fours,sixes,strike_rate,overs,total_balls,dots,maidens,conceded,fours_conceded,sixes_conceded,wickets,LBW,Bowled,noballs,wides,economy_rate,catches,stumping,direct_hit,indirect_hit,strike_rate_fp,batting_fp,bowling_fp,fielding_fp,total_fp
1344794,0.3333333333333333,0.03428571428571429,0.08974358974358974,0.045454545454545456,0.0,0.1071375,0.0,0.0,0.0,0.0,0.0,0.0,0.0,0.0,0.0,0.0,0.0,0.0,0.0,0.0,0.0,0.0,0.0,0,10,0,0,10
1344793,0.6666666666666666,0.0,0.0,0.0,0.0,0.0,0.2,0.2,0.08333333333333333,0.0,0.07526881720430108,0.08333333333333333,0.0,0.0,0.0,0.0,0.0,0.0,0.07793364506791362,0.16666666666666666,0.0,0.0,0.0,0,0,2,8,10
1344788,0.4166666666666667,0.12,0.3205128205128205,0.0,0.05555555555555555,0.105,0.2,0.2,0.041666666666666664,0.0,0.16129032258064518,0.0,0.25,0.14285714285714285,0.0,0.0,0.0,0.0,0.16700066800267205,0.16666666666666666,0.0,0.0,0.0,0,27,26,8,61
1344786,0.49999999999999994,0.10857142857142857,0.24358974358974358,0.0,0.05555555555555555,0.125,0.0,0.0,0.0,0.0,0.0,0.0,0.0,0.0,0.0,0.0,0.0,0.0,0.0,0.0,0.0,0.0,0.0,0,25,0,0,25
1344784,0.49999999999999994,0.10285714285714286,0.3076923076923077,0.045454545454545456,0.0,0.09375,0.0,0.0,0.0,0.0,0.0,0.0,0.0,0.0,0.0,0.0,0.0,0.0,0.0,0.0,0.0,0.0,0.0,0,22,0,0,22
