match_id,batting_position,runs,balls,fours,sixes,strike_rate,overs,total_balls,dots,maidens,conceded,fours_conceded,sixes_conceded,wickets,LBW,Bowled,noballs,wides,economy_rate,catches,stumping,direct_hit,indirect_hit,strike_rate_fp,batting_fp,bowling_fp,fielding_fp,total_fp
1157179,0.6666666666666666,0.03428571428571429,0.05128205128205128,0.045454545454545456,0.0,0.1875,0.6000000000000001,0.6,0.4583333333333333,0.25,0.17204301075268819,0.25,0.0,0.2857142857142857,0.0,0.0,0.0,0.0,0.0593409040302828,0.0,0.0,0.0,0.0,0,10,77,0,87
1157162,0.5833333333333333,0.02857142857142857,0.0641025641025641,0.045454545454545456,0.0,0.125,0.8,0.8,0.375,0.0,0.3655913978494624,0.3333333333333333,0.125,0.0,0.0,0.0,0.0,0.0,0.09463371186818081,0.0,0.0,0.0,0.0,0,9,9,0,18
1157146,0.6666666666666666,0.04,0.21794871794871795,0.0,0.0,0.051475,0.2,0.2,0.08333333333333333,0.0,0.13978494623655915,0.25,0.0,0.0,0.0,0.0,0.0,0.0,0.14473391226898244,0.0,0.0,0.0,0.0,-6,1,2,0,3
1157130,0.49999999999999994,0.06285714285714286,0.0641025641025641,0.0,0.05555555555555555,0.275,0.6000000000000001,0.6,0.20833333333333331,0.0,0.2795698924731183,0.16666666666666666,0.125,0.0,0.0,0.0,0.0,0.0,0.09652638610554444,0.16666666666666666,0.0,0.0,0.0,0,17,5,8,30
1157113,0.6666666666666666,0.06857142857142857,0.14102564102564102,0.045454545454545456,0.0,0.1363625,0.46660000000000007,0.4666666666666667,0.25,0.0,0.16129032258064518,0.16666666666666666,0.0,0.14285714285714285,0.0,0.0,0.0,0.0,0.07158761968381208,0.0,0.0,0.0,0.0,0,16,33,0,49
