match_id,batting_position,runs,balls,fours,sixes,strike_rate,overs,total_balls,dots,maidens,conceded,fours_conceded,sixes_conceded,wickets,LBW,Bowled,noballs,wides,economy_rate,catches,stumping,direct_hit,indirect_hit,strike_rate_fp,batting_fp,bowling_fp,fielding_fp,total_fp
1280257,0.8333333333333333,0.0,0.02564102564102564,0.0,0.0,0.0,0.8,0.8,0.4583333333333333,0.0,0.3655913978494624,0.5,0.0,0.2857142857142857,0.0,0.14285714285714285,0.1,0.0,0.09463371186818081,0.0,0.0,0.0,0.0,0,-2,69,0,67
1280219,0.8333333333333333,0.0,0.0,0.0,0.0,0.0,0.8,0.8,0.29166666666666663,0.0,0.2688172043010753,0.16666666666666666,0.0,0.14285714285714285,0.0,0.0,0.0,0.05,0.06958361166778002,0.16666666666666666,0.0,0.0,0.0,0,0,34,8,42
1244320,0.6666666666666666,0.0,0.0,0.0,0.0,0.0,0.6000000000000001,0.6,0.08333333333333333,0.0,0.3118279569892473,0.16666666666666666,0.125,0.0,0.0,0.0,0.0,0.0,0.10765976397238924,0.0,0.0,0.0,0.0,0,0,2,0,2
