match_id,batting_position,runs,balls,fours,sixes,strike_rate,overs,total_balls,dots,maidens,conceded,fours_conceded,sixes_conceded,wickets,LBW,Bowled,noballs,wides,economy_rate,catches,stumping,direct_hit,indirect_hit,strike_rate_fp,batting_fp,bowling_fp,fielding_fp,total_fp
1446761,0.49999999999999994,0.0,0.0,0.0,0.0,0.0,0.4,0.4,0.08333333333333333,0.0,0.13978494623655915,0.08333333333333333,0.0,0.0,0.0,0.0,0.0,0.0,0.07236695613449122,0.0,0.0,0.0,0.0,0,0,4,0,4
1191006,0.25,0.08,0.1923076923076923,0.0,0.0,0.1166625,0.2,0.2,0.20833333333333331,0.0,0.043010752688172046,0.08333333333333333,0.0,0.14285714285714285,0.0,0.0,0.0,0.0,0.04453351146737921,0.0,0.0,0.0,0.0,0,14,30,0,44
1188380,0.3333333333333333,0.10285714285714286,0.21794871794871795,0.045454545454545456,0.0,0.13235,0.0,0.0,0.0,0.0,0.0,0.0,0.0,0.0,0.0,0.0,0.0,0.0,0.0,0.0,0.0,0.0,0.0,0,22,0,0,22
1142506,0.8333333333333333,0.0,0.0,0.0,0.0,0.0,0.0,0.0,0.0,0.0,0.0,0.0,0.0,0.0,0.0,0.0,0.0,0.0,0.0,0.0,0.0,0.0,0.0,0,0,0,0,0
1142501,0.25,0.005714285714285714,0.0641025641025641,0.0,0.0,0.025,0.6000000000000001,0.6,0.16666666666666666,0.0,0.23655913978494625,0.08333333333333333,0.125,0.0,0.0,0.0,0.0,0.0,0.0816076597639724,0.0,0.0,0.0,0.0,0,1,4,0,5
