match_id,batting_position,runs,balls,fours,sixes,strike_rate,overs,total_balls,dots,maidens,conceded,fours_conceded,sixes_conceded,wickets,LBW,Bowled,noballs,wides,economy_rate,catches,stumping,direct_hit,indirect_hit,strike_rate_fp,batting_fp,bowling_fp,fielding_fp,total_fp
1167203,0.8333333333333333,0.0,0.0,0.0,0.0,0.0,0.4,0.4,0.125,0.0,0.19354838709677422,0.25,0.0,0.0,0.0,0.0,0.0,0.05,0.10020040080160322,0.0,0.0,0.0,0.0,0,0,3,0,3
1167184,0.7499999999999999,0.011428571428571429,0.05128205128205128,0.0,0.0,0.0625,0.6000000000000001,0.6,0.041666666666666664,0.0,0.41935483870967744,0.41666666666666663,0.125,0.0,0.0,0.0,0.0,0.0,0.14473391226898244,0.0,0.0,0.0,0.0,0,2,-5,0,-3
1167176,0.8333333333333333,0.02857142857142857,0.07692307692307693,0.045454545454545456,0.0,0.1041625,0.6000000000000001,0.6,0.3333333333333333,0.0,0.16129032258064518,0.08333333333333333,0.0,0.14285714285714285,0.0,0.0,0.0,0.05,0.055666889334224014,0.0,0.0,0.0,0.0,0,9,37,0,46
1167169,0.8333333333333333,0.0,0.0,0.0,0.0,0.0,0.8,0.8,0.29166666666666663,0.0,0.4408602150537635,0.3333333333333333,0.125,0.14285714285714285,0.0,0.0,0.0,0.1,0.11411712313515922,0.0,0.0,0.0,0.0,0,0,30,0,30
1167157,0.8333333333333333,0.0,0.0,0.0,0.0,0.0,0.8,0.8,0.4583333333333333,0.0,0.37634408602150543,0.41666666666666663,0.125,0.0,0.0,0.0,0.2,0.0,0.09741705633489202,0.16666666666666666,0.0,0.0,0.0,0,0,11,8,19
1068408,0.8333333333333333,0.0,0.0,0.0,0.0,0.0,0.2,0.2,0.0,0.0,0.10752688172043012,0.08333333333333333,0.0,0.0,0.0,0.0,0.0,0.05,0.11133377866844803,0.16666666666666666,0.0,0.0,0.0,0,0,0,8,8
1068393,0.7499999999999999,0.0,0.0,0.0,0.0,0.0,0.2,0.2,0.125,0.0,0.08602150537634409,0.08333333333333333,0.0,0.0,0.0,0.0,0.0,0.0,0.08906702293475842,0.0,0.0,0.0,0.0,0,0,3,0,3
1068387,0.7499999999999999,0.0,0.0,0.0,0.0,0.0,0.6000000000000001,0.6,0.29166666666666663,0.0,0.25806451612903225,0.3333333333333333,0.0,0.14285714285714285,0.0,0.0,0.0,0.05,0.08906702293475842,0.0,0.0,0.0,0.0,0,0,32,0,32
1068371,0.8333333333333333,0.0,0.0,0.0,0.0,0.0,0.4,0.4,0.16666666666666666,0.0,0.20430107526881722,0.08333333333333333,0.125,0.14285714285714285,0.0,0.14285714285714285,0.0,0.0,0.10576708973502562,0.0,0.0,0.0,0.0,0,0,37,0,37
