match_id,batting_position,runs,balls,fours,sixes,strike_rate,overs,total_balls,dots,maidens,conceded,fours_conceded,sixes_conceded,wickets,LBW,Bowled,noballs,wides,economy_rate,catches,stumping,direct_hit,indirect_hit,strike_rate_fp,batting_fp,bowling_fp,fielding_fp,total_fp
1343761,0.7499999999999999,0.045714285714285714,0.1282051282051282,0.0,0.0,0.1,0.4,0.4,0.20833333333333331,0.0,0.23655913978494625,0.08333333333333333,0.25,0.14285714285714285,0.0,0.0,0.0,0.05,0.12246715653529283,0.0,0.0,0.0,0.0,0,8,28,0,36
1343758,0.7499999999999999,0.0,0.0,0.0,0.0,0.0,0.0,0.0,0.0,0.0,0.0,0.0,0.0,0.0,0.0,0.0,0.0,0.0,0.0,0.0,0.0,0.0,0.0,0,0,0,0,0
1343747,0.4166666666666667,0.0,0.0,0.0,0.0,0.0,0.4,0.4,0.41666666666666663,0.0,0.043010752688172046,0.0,0.0,0.0,0.0,0.0,0.0,0.05,0.022266755733689605,0.0,0.0,0.0,0.0,0,0,16,0,16
1343743,0.7499999999999999,0.0,0.0,0.0,0.0,0.0,0.4,0.4,0.20833333333333331,0.0,0.11827956989247312,0.0,0.125,0.0,0.0,0.0,0.0,0.0,0.061233578267646416,0.0,0.0,0.0,0.0,0,0,9,0,9
