match_id,batting_position,runs,balls,fours,sixes,strike_rate,overs,total_balls,dots,maidens,conceded,fours_conceded,sixes_conceded,wickets,LBW,Bowled,noballs,wides,economy_rate,catches,stumping,direct_hit,indirect_hit,strike_rate_fp,batting_fp,bowling_fp,fielding_fp,total_fp
1459576,0.6666666666666666,0.022857142857142857,0.0641025641025641,0.0,0.0,0.1,0.8,0.8,0.20833333333333331,0.0,0.38709677419354843,0.16666666666666666,0.25,0.2857142857142857,0.0,0.0,0.0,0.0,0.10020040080160322,0.16666666666666666,0.0,0.0,0.0,0,4,55,8,67
1459572,0.0,0.05142857142857143,0.15384615384615385,0.0,0.05555555555555555,0.09375,0.0,0.0,0.0,0.0,0.0,0.0,0.0,0.0,0.0,0.0,0.0,0.0,0.0,0.0,0.0,0.0,0.0,0,15,0,0,15
1459568,0.49999999999999994,0.05142857142857143,0.16666666666666666,0.0,0.0,0.0865375,0.6000000000000001,0.6,0.29166666666666663,0.0,0.16129032258064518,0.08333333333333333,0.0,0.14285714285714285,0.0,0.0,0.0,0.0,0.055666889334224014,0.0,0.0,0.0,0.0,-2,7,36,0,43
1459563,0.49999999999999994,0.06857142857142857,0.05128205128205128,0.045454545454545456,0.05555555555555555,0.375,0.8,0.8,0.4583333333333333,0.0,0.2903225806451613,0.08333333333333333,0.25,0.2857142857142857,0.0,0.0,0.0,0.0,0.07515030060120241,0.0,0.0,0.0,0.0,0,22,63,0,85
1459540,0.49999999999999994,0.045714285714285714,0.1794871794871795,0.0,0.0,0.071425,0.4,0.4,0.16666666666666666,0.0,0.17204301075268819,0.08333333333333333,0.125,0.14285714285714285,0.0,0.0,0.0,0.0,0.08906702293475842,0.0,0.0,0.0,0.0,-4,4,29,0,33
1121275,0.4166666666666667,0.0,0.02564102564102564,0.0,0.0,0.0,0.8,0.8,0.125,0.0,0.3010752688172043,0.0,0.125,0.0,0.0,0.0,0.0,0.0,0.07793364506791362,0.16666666666666666,0.0,0.0,0.0,0,0,5,8,13
1121251,0.4166666666666667,0.0,0.01282051282051282,0.0,0.0,0.0,0.4,0.4,0.0,0.0,0.24731182795698928,0.0,0.25,0.0,0.0,0.0,0.0,0.0,0.12803384546871524,0.0,0.0,0.0,0.0,0,-2,-4,0,-6
599899,0.49999999999999994,0.011428571428571429,0.02564102564102564,0.0,0.0,0.125,0.8,0.8,0.375,0.0,0.3548387096774194,0.16666666666666666,0.25,0.14285714285714285,0.3333333333333333,0.0,0.0,0.0,0.09185036740146962,0.0,0.0,0.0,0.0,0,2,42,0,44
599869,0.4166666666666667,0.017142857142857144,0.05128205128205128,0.0,0.0,0.09375,0.2,0.2,0.0,0.0,0.16129032258064518,0.16666666666666666,0.0,0.0,0.0,0.0,0.0,0.0,0.16700066800267205,0.0,0.0,0.0,0.0,0,3,0,0,3
