match_id,batting_position,runs,balls,fours,sixes,strike_rate,overs,total_balls,dots,maidens,conceded,fours_conceded,sixes_conceded,wickets,LBW,Bowled,noballs,wides,economy_rate,catches,stumping,direct_hit,indirect_hit,strike_rate_fp,batting_fp,bowling_fp,fielding_fp,total_fp
1443775,0.8333333333333333,0.005714285714285714,0.01282051282051282,0.0,0.0,0.125,0.5334,0.5333333333333333,0.16666666666666666,0.0,0.23655913978494625,0.25,0.0,0.0,0.0,0.0,0.0,0.0,0.09185036740146962,0.0,0.0,0.0,0.0,0,1,4,0,5
1443767,0.8333333333333333,0.0,0.0,0.0,0.0,0.0,0.7666000000000001,0.7666666666666666,0.625,0.0,0.11827956989247312,0.0,0.0,0.2857142857142857,0.0,0.0,0.0,0.0,0.03195279447784458,0.0,0.0,0.3333333333333333,0.0,0,0,71,12,83
1440131,0.6666666666666666,0.0,0.0,0.0,0.0,0.0,0.8,0.8,0.3333333333333333,0.0,0.2903225806451613,0.0,0.25,0.14285714285714285,0.0,0.0,0.0,0.0,0.07515030060120241,0.3333333333333333,0.0,0.0,0.0,0,0,35,16,51
1387245,0.7499999999999999,0.0,0.0,0.0,0.0,0.0,0.8,0.8,0.29166666666666663,0.0,0.3548387096774194,0.25,0.125,0.14285714285714285,0.0,0.0,0.0,0.15000000000000002,0.09185036740146962,0.0,0.0,0.0,0.0,0,0,32,0,32
1387243,0.7499999999999999,0.017142857142857144,0.05128205128205128,0.0,0.0,0.09375,0.4,0.4,0.25,0.0,0.12903225806451613,0.16666666666666666,0.0,0.0,0.0,0.0,0.0,0.0,0.06680026720106881,0.0,0.0,0.0,0.0,0,3,8,0,11
1387244,0.8333333333333333,0.0,0.0,0.0,0.0,0.0,0.8,0.8,0.29166666666666663,0.0,0.4408602150537635,0.41666666666666663,0.25,0.14285714285714285,0.0,0.0,0.0,0.05,0.11411712313515922,0.0,0.0,0.0,0.0,0,0,30,0,30
