match_id,batting_position,runs,balls,fours,sixes,strike_rate,overs,total_balls,dots,maidens,conceded,fours_conceded,sixes_conceded,wickets,LBW,Bowled,noballs,wides,economy_rate,catches,stumping,direct_hit,indirect_hit,strike_rate_fp,batting_fp,bowling_fp,fielding_fp,total_fp
1443789,0.7499999999999999,0.0,0.0,0.0,0.0,0.0,0.8,0.8,0.4583333333333333,0.0,0.37634408602150543,0.3333333333333333,0.125,0.2857142857142857,0.0,0.0,0.0,0.25,0.09741705633489202,0.0,0.0,0.0,0.0,0,0,61,0,61
1443780,0.6666666666666666,0.0,0.0,0.0,0.0,0.0,0.8,0.8,0.375,0.0,0.3118279569892473,0.16666666666666666,0.125,0.0,0.0,0.0,0.0,0.1,0.08071698953462482,0.0,0.0,0.0,0.0,0,0,9,0,9
1443775,0.6666666666666666,0.04,0.02564102564102564,0.0,0.05555555555555555,0.4375,0.6000000000000001,0.6,0.5,0.0,0.11827956989247312,0.0,0.0,0.42857142857142855,0.3333333333333333,0.14285714285714285,0.0,0.05,0.040859496771320426,0.16666666666666666,0.0,0.0,0.0,0,13,113,8,134
1443772,0.5833333333333333,0.0,0.0,0.0,0.0,0.0,0.8,0.8,0.5416666666666666,0.0,0.24731182795698928,0.16666666666666666,0.0,0.2857142857142857,0.0,0.14285714285714285,0.0,0.35000000000000003,0.06401692273435762,0.0,0.0,0.0,0.0,0,0,75,0,75
1443767,0.5833333333333333,0.0,0.0,0.0,0.0,0.0,0.8,0.8,0.5,0.0,0.17204301075268819,0.0,0.0,0.42857142857142855,0.3333333333333333,0.14285714285714285,0.0,0.05,0.04453351146737921,0.16666666666666666,0.0,0.0,0.0,0,0,113,8,121
1440131,0.49999999999999994,0.03428571428571429,0.1282051282051282,0.0,0.0,0.075,0.8,0.8,0.41666666666666663,0.0,0.23655913978494625,0.16666666666666666,0.0,0.42857142857142855,0.3333333333333333,0.0,0.0,0.05,0.061233578267646416,0.0,0.0,0.0,0.0,-2,4,101,0,105
1440129,0.49999999999999994,0.07428571428571429,0.1282051282051282,0.09090909090909091,0.0,0.1625,0.8,0.8,0.375,0.0,0.32258064516129037,0.3333333333333333,0.0,0.0,0.0,0.0,0.0,0.0,0.08350033400133602,0.0,0.0,0.0,0.0,2,23,9,0,32
1440130,0.49999999999999994,0.03428571428571429,0.10256410256410256,0.045454545454545456,0.0,0.09375,0.2,0.2,0.08333333333333333,0.0,0.12903225806451613,0.16666666666666666,0.0,0.0,0.0,0.0,0.0,0.0,0.13360053440213762,0.0,0.0,0.0,0.0,0,10,2,0,12
