match_id,batting_position,runs,balls,fours,sixes,strike_rate,overs,total_balls,dots,maidens,conceded,fours_conceded,sixes_conceded,wickets,LBW,Bowled,noballs,wides,economy_rate,catches,stumping,direct_hit,indirect_hit,strike_rate_fp,batting_fp,bowling_fp,fielding_fp,total_fp
1324649,0.08333333333333333,0.017142857142857144,0.1282051282051282,0.0,0.0,0.0375,0.0,0.0,0.0,0.0,0.0,0.0,0.0,0.0,0.0,0.0,0.0,0.0,0.0,0.0,0.0,0.0,0.0,-6,-3,0,0,-3
1324646,0.08333333333333333,0.28,0.5128205128205128,0.2272727272727273,0.05555555555555555,0.153125,0.0,0.0,0.0,0.0,0.0,0.0,0.0,0.0,0.0,0.0,0.0,0.0,0.0,0.16666666666666666,0.0,0.0,0.0,0,79,0,8,87
1324639,0.08333333333333333,0.0,0.01282051282051282,0.0,0.0,0.0,0.0,0.0,0.0,0.0,0.0,0.0,0.0,0.0,0.0,0.0,0.0,0.0,0.0,0.0,0.0,0.0,0.0,0,-2,0,0,-2
1269689,0.08333333333333333,0.08571428571428572,0.11538461538461538,0.045454545454545456,0.05555555555555555,0.20833749999999998,0.0,0.0,0.0,0.0,0.0,0.0,0.0,0.0,0.0,0.0,0.0,0.0,0.0,0.0,0.0,0.0,0.0,0,25,0,0,25
1269686,0.08333333333333333,0.15428571428571428,0.2948717948717949,0.09090909090909091,0.05555555555555555,0.1467375,0.0,0.0,0.0,0.0,0.0,0.0,0.0,0.0,0.0,0.0,0.0,0.0,0.0,0.0,0.0,0.0,0.0,0,45,0,0,45
1269683,0.08333333333333333,0.14285714285714285,0.3333333333333333,0.045454545454545456,0.0,0.12018750000000002,0.0,0.0,0.0,0.0,0.0,0.0,0.0,0.0,0.0,0.0,0.0,0.0,0.0,0.0,0.0,0.0,0.0,0,33,0,0,33
1269680,0.08333333333333333,0.06857142857142857,0.11538461538461538,0.045454545454545456,0.05555555555555555,0.16666250000000002,0.0,0.0,0.0,0.0,0.0,0.0,0.0,0.0,0.0,0.0,0.0,0.0,0.0,0.3333333333333333,0.0,0.0,0.0,0,22,0,16,38
1269672,0.08333333333333333,0.10285714285714286,0.1794871794871795,0.13636363636363635,0.0,0.1607125,0.0,0.0,0.0,0.0,0.0,0.0,0.0,0.0,0.0,0.0,0.0,0.0,0.0,0.0,0.0,0.0,0.0,0,30,0,0,30
1269669,0.3333333333333333,0.02857142857142857,0.14102564102564102,0.0,0.0,0.0568125,0.0,0.0,0.0,0.0,0.0,0.0,0.0,0.0,0.0,0.0,0.0,0.0,0.0,0.0,0.0,0.0,0.0,-6,-1,0,0,-1
