match_id,batting_position,runs,balls,fours,sixes,strike_rate,overs,total_balls,dots,maidens,conceded,fours_conceded,sixes_conceded,wickets,LBW,Bowled,noballs,wides,economy_rate,catches,stumping,direct_hit,indirect_hit,strike_rate_fp,batting_fp,bowling_fp,fielding_fp,total_fp
1333017,0.9166666666666666,0.0,0.0,0.0,0.0,0.0,0.8,0.8,0.25,0.0,0.32258064516129037,0.25,0.0,0.14285714285714285,0.0,0.0,0.0,0.0,0.08350033400133602,0.0,0.0,0.0,0.0,0,0,31,0,31
1332997,0.9166666666666666,0.0,0.0,0.0,0.0,0.0,0.4334,0.43333333333333335,0.041666666666666664,0.0,0.21505376344086025,0.16666666666666666,0.0,0.14285714285714285,0.0,0.0,0.0,0.0,0.10276107771097753,0.0,0.0,0.0,0.0,0,0,26,0,26
1332981,0.8333333333333333,0.0,0.0,0.0,0.0,0.0,0.2,0.2,0.125,0.0,0.03225806451612903,0.0,0.0,0.14285714285714285,0.0,0.0,0.0,0.0,0.033400133600534405,0.0,0.0,0.0,0.3333333333333333,0,0,28,6,34
1280290,0.49999999999999994,0.0,0.0,0.0,0.0,0.0,0.6000000000000001,0.6,0.20833333333333331,0.0,0.19354838709677422,0.08333333333333333,0.0,0.0,0.0,0.0,0.0,0.05,0.06680026720106881,0.0,0.0,0.0,0.0,0,0,7,0,7
1280270,0.8333333333333333,0.0,0.0,0.0,0.0,0.0,0.8,0.8,0.16666666666666666,0.0,0.3118279569892473,0.25,0.0,0.0,0.0,0.0,0.0,0.0,0.08071698953462482,0.0,0.0,0.0,0.0,0,0,4,0,4
