match_id,batting_position,runs,balls,fours,sixes,strike_rate,overs,total_balls,dots,maidens,conceded,fours_conceded,sixes_conceded,wickets,LBW,Bowled,noballs,wides,economy_rate,catches,stumping,direct_hit,indirect_hit,strike_rate_fp,batting_fp,bowling_fp,fielding_fp,total_fp
1418188,0.8333333333333333,0.02857142857142857,0.0641025641025641,0.0,0.0,0.125,0.2,0.2,0.08333333333333333,0.0,0.17204301075268819,0.16666666666666666,0.125,0.0,0.0,0.0,0.1,0.0,0.17813404586951684,0.0,0.0,0.0,0.0,0,5,2,0,7
1407719,0.7499999999999999,0.0,0.0,0.0,0.0,0.0,0.5,0.5,0.3333333333333333,0.0,0.10752688172043012,0.0,0.0,0.14285714285714285,0.0,0.0,0.0,0.0,0.04453351146737921,0.0,0.0,0.0,0.0,0,0,39,0,39
1407716,0.7499999999999999,0.0,0.0,0.0,0.0,0.0,0.6000000000000001,0.6,0.20833333333333331,0.0,0.2688172043010753,0.08333333333333333,0.125,0.0,0.0,0.0,0.0,0.15000000000000002,0.0927410376308172,0.0,0.0,0.0,0.0,0,0,5,0,5
1407714,0.6666666666666666,0.0,0.0,0.0,0.0,0.0,0.8,0.8,0.625,0.0,0.21505376344086025,0.16666666666666666,0.125,0.2857142857142857,0.0,0.2857142857142857,0.0,0.0,0.055666889334224014,0.0,0.0,0.0,0.3333333333333333,0,0,85,6,91
1407715,0.7499999999999999,0.0,0.0,0.0,0.0,0.0,0.8,0.8,0.3333333333333333,0.0,0.3118279569892473,0.08333333333333333,0.125,0.14285714285714285,0.0,0.0,0.0,0.15000000000000002,0.08071698953462482,0.0,0.0,0.0,0.0,0,0,33,0,33
