match_id,batting_position,runs,balls,fours,sixes,strike_rate,overs,total_balls,dots,maidens,conceded,fours_conceded,sixes_conceded,wickets,LBW,Bowled,noballs,wides,economy_rate,catches,stumping,direct_hit,indirect_hit,strike_rate_fp,batting_fp,bowling_fp,fielding_fp,total_fp
947313,0.7499999999999999,0.0,0.01282051282051282,0.0,0.0,0.0,0.8,0.8,0.29166666666666663,0.0,0.4516129032258065,0.25,0.375,0.2857142857142857,0.0,0.14285714285714285,0.0,0.0,0.11690046760187042,0.0,0.0,0.0,0.0,0,0,63,0,63
947299,0.8333333333333333,0.0,0.0,0.0,0.0,0.0,0.4,0.4,0.25,0.0,0.22580645161290325,0.41666666666666663,0.0,0.0,0.0,0.0,0.0,0.0,0.11690046760187042,0.0,0.0,0.0,0.0,0,0,4,0,4
947289,0.8333333333333333,0.0,0.0,0.0,0.0,0.0,0.6000000000000001,0.6,0.29166666666666663,0.0,0.23655913978494625,0.16666666666666666,0.0,0.0,0.0,0.0,0.0,0.0,0.0816076597639724,0.0,0.0,0.0,0.0,0,0,7,0,7
947263,0.8333333333333333,0.005714285714285714,0.038461538461538464,0.0,0.0,0.0416625,0.6000000000000001,0.6,0.3333333333333333,0.0,0.19354838709677422,0.16666666666666666,0.0,0.14285714285714285,0.0,0.0,0.0,0.0,0.06680026720106881,0.0,0.0,0.0,0.0,0,1,35,0,36
947241,0.8333333333333333,0.0,0.0,0.0,0.0,0.0,0.6000000000000001,0.6,0.41666666666666663,0.0,0.1827956989247312,0.16666666666666666,0.0,0.14285714285714285,0.0,0.0,0.0,0.05,0.06312625250501003,0.0,0.0,0.0,0.0,0,0,39,0,39
947221,0.8333333333333333,0.0,0.0,0.0,0.0,0.0,0.8,0.8,0.25,0.0,0.3010752688172043,0.16666666666666666,0.0,0.0,0.0,0.0,0.0,0.05,0.07793364506791362,0.0,0.0,0.0,0.0,0,0,8,0,8
947177,0.8333333333333333,0.0,0.0,0.0,0.0,0.0,0.6000000000000001,0.6,0.375,0.0,0.1827956989247312,0.0,0.125,0.42857142857142855,0.0,0.0,0.0,0.05,0.06312625250501003,0.0,0.0,0.0,0.0,0,0,92,0,92
