match_id,batting_position,runs,balls,fours,sixes,strike_rate,overs,total_balls,dots,maidens,conceded,fours_conceded,sixes_conceded,wickets,LBW,Bowled,noballs,wides,economy_rate,catches,stumping,direct_hit,indirect_hit,strike_rate_fp,batting_fp,bowling_fp,fielding_fp,total_fp
902179,0.4166666666666667,0.21714285714285714,0.21794871794871795,0.09090909090909091,0.16666666666666666,0.2794125,0.2,0.2,0.08333333333333333,0.0,0.09677419354838711,0.0,0.125,0.0,0.0,0.0,0.0,0.0,0.10020040080160322,0.0,0.0,0.0,0.0,6,74,2,0,76
902129,0.49999999999999994,0.04,0.02564102564102564,0.0,0.05555555555555555,0.4375,0.2,0.2,0.08333333333333333,0.0,0.07526881720430108,0.08333333333333333,0.0,0.0,0.0,0.0,0.0,0.0,0.07793364506791362,0.0,0.0,0.0,0.0,0,13,2,0,15
902109,0.8333333333333333,0.0,0.0,0.0,0.0,0.0,0.0,0.0,0.0,0.0,0.0,0.0,0.0,0.0,0.0,0.0,0.0,0.0,0.0,0.3333333333333333,0.0,0.0,0.0,0,0,0,16,16
