match_id,batting_position,runs,balls,fours,sixes,strike_rate,overs,total_balls,dots,maidens,conceded,fours_conceded,sixes_conceded,wickets,LBW,Bowled,noballs,wides,economy_rate,catches,stumping,direct_hit,indirect_hit,strike_rate_fp,batting_fp,bowling_fp,fielding_fp,total_fp
660225,0.49999999999999994,0.011428571428571429,0.02564102564102564,0.0,0.0,0.125,0.4,0.4,0.125,0.0,0.15053763440860216,0.0,0.125,0.0,0.0,0.0,0.0,0.0,0.07793364506791362,0.0,0.0,0.0,0.0,0,2,5,0,7
660219,0.5833333333333333,0.03428571428571429,0.07692307692307693,0.0,0.0,0.125,0.8,0.8,0.25,0.0,0.32258064516129037,0.08333333333333333,0.125,0.0,0.0,0.0,0.0,0.0,0.08350033400133602,0.16666666666666666,0.0,0.0,0.0,0,6,6,8,20
660201,0.5833333333333333,0.0,0.0,0.0,0.0,0.0,0.8,0.8,0.41666666666666663,0.0,0.2688172043010753,0.25,0.0,0.2857142857142857,0.0,0.0,0.0,0.05,0.06958361166778002,0.0,0.0,0.3333333333333333,0.0,0,0,62,12,74
660163,0.6666666666666666,0.06285714285714286,0.1794871794871795,0.0,0.0,0.0982125,0.8,0.8,0.20833333333333331,0.0,0.4731182795698925,0.16666666666666666,0.25,0.0,0.0,0.0,0.0,0.05,0.12246715653529283,0.0,0.0,0.0,0.0,0,11,3,0,14
660151,0.6666666666666666,0.0,0.0,0.0,0.0,0.0,0.6666000000000001,0.6666666666666666,0.41666666666666663,0.0,0.32258064516129037,0.08333333333333333,0.375,0.14285714285714285,0.0,0.0,0.0,0.05,0.10020040080160322,0.0,0.0,0.0,0.0,0,0,35,0,35
660105,0.6666666666666666,0.0,0.0,0.0,0.0,0.0,0.8,0.8,0.375,0.0,0.33333333333333337,0.25,0.125,0.2857142857142857,0.0,0.0,0.0,0.05,0.08628367846804721,0.0,0.0,0.0,0.0,0,0,59,0,59
