match_id,batting_position,runs,balls,fours,sixes,strike_rate,overs,total_balls,dots,maidens,conceded,fours_conceded,sixes_conceded,wickets,LBW,Bowled,noballs,wides,economy_rate,catches,stumping,direct_hit,indirect_hit,strike_rate_fp,batting_fp,bowling_fp,fielding_fp,total_fp
1439832,0.8333333333333333,0.06857142857142857,0.24358974358974358,0.0,0.05555555555555555,0.07894999999999999,0.4,0.4,0.16666666666666666,0.0,0.32258064516129037,0.16666666666666666,0.375,0.0,0.0,0.0,0.0,0.0,0.16700066800267205,0.0,0.0,0.0,0.0,-2,16,-2,0,14
1439824,0.8333333333333333,0.0,0.0,0.0,0.0,0.0,0.6000000000000001,0.6,0.3333333333333333,0.0,0.1827956989247312,0.08333333333333333,0.0,0.2857142857142857,0.0,0.0,0.0,0.05,0.06312625250501003,0.0,0.0,0.0,0.0,0,0,62,0,62
1439817,0.8333333333333333,0.0,0.02564102564102564,0.0,0.0,0.0,0.4,0.4,0.20833333333333331,0.0,0.13978494623655915,0.08333333333333333,0.0,0.14285714285714285,0.0,0.0,0.0,0.2,0.07236695613449122,0.0,0.0,0.0,0.0,0,-2,32,0,30
