match_id,batting_position,runs,balls,fours,sixes,strike_rate,overs,total_balls,dots,maidens,conceded,fours_conceded,sixes_conceded,wickets,LBW,Bowled,noballs,wides,economy_rate,catches,stumping,direct_hit,indirect_hit,strike_rate_fp,batting_fp,bowling_fp,fielding_fp,total_fp
1143125,0.6666666666666666,0.005714285714285714,0.01282051282051282,0.0,0.0,0.125,0.4,0.4,0.16666666666666666,0.0,0.19354838709677422,0.08333333333333333,0.0,0.0,0.0,0.0,0.0,0.25,0.10020040080160322,0.0,0.0,0.0,0.0,0,1,4,0,5
1143121,0.49999999999999994,0.0,0.038461538461538464,0.0,0.0,0.0,0.8,0.8,0.41666666666666663,0.0,0.19354838709677422,0.0,0.0,0.14285714285714285,0.0,0.0,0.0,0.05,0.05010020040080161,0.0,0.0,0.0,0.0,0,-2,41,0,39
