match_id,batting_position,runs,balls,fours,sixes,strike_rate,overs,total_balls,dots,maidens,conceded,fours_conceded,sixes_conceded,wickets,LBW,Bowled,noballs,wides,economy_rate,catches,stumping,direct_hit,indirect_hit,strike_rate_fp,batting_fp,bowling_fp,fielding_fp,total_fp
1423439,0.5833333333333333,0.017142857142857144,0.0641025641025641,0.0,0.0,0.075,0.6000000000000001,0.6,0.125,0.0,0.5161290322580645,0.25,0.5,0.14285714285714285,0.3333333333333333,0.0,0.0,0.2,0.17813404586951684,0.0,0.0,0.0,0.0,0,3,30,0,33
1208606,0.6666666666666666,0.0,0.0,0.0,0.0,0.0,0.8,0.8,0.5833333333333333,0.0,0.20430107526881722,0.0,0.0,0.0,0.0,0.0,0.0,0.35000000000000003,0.05288354486751281,0.0,0.0,0.0,0.0,0,0,20,0,20
