match_id,batting_position,runs,balls,fours,sixes,strike_rate,overs,total_balls,dots,maidens,conceded,fours_conceded,sixes_conceded,wickets,LBW,Bowled,noballs,wides,economy_rate,catches,stumping,direct_hit,indirect_hit,strike_rate_fp,batting_fp,bowling_fp,fielding_fp,total_fp
336013,0.5833333333333333,0.0,0.0,0.0,0.0,0.0,0.6000000000000001,0.6,0.16666666666666666,0.0,0.37634408602150543,0.25,0.25,0.14285714285714285,0.0,0.0,0.0,0.0,0.12992651970607885,0.16666666666666666,0.0,0.0,0.0,0,0,25,8,33
336009,0.6666666666666666,0.0,0.0,0.0,0.0,0.0,0.6000000000000001,0.6,0.125,0.0,0.37634408602150543,0.41666666666666663,0.125,0.0,0.0,0.0,0.0,0.0,0.12992651970607885,0.0,0.0,0.0,0.0,0,0,-1,0,-1
335996,0.7499999999999999,0.0,0.0,0.0,0.0,0.0,0.8,0.8,0.20833333333333331,0.0,0.40860215053763443,0.41666666666666663,0.0,0.2857142857142857,0.0,0.0,0.0,0.0,0.10576708973502562,0.0,0.0,0.0,0.0,0,0,55,0,55
335993,0.6666666666666666,0.0,0.0,0.0,0.0,0.0,0.8,0.8,0.41666666666666663,0.0,0.3118279569892473,0.41666666666666663,0.0,0.2857142857142857,0.0,0.0,0.0,0.0,0.08071698953462482,0.0,0.0,0.0,0.0,0,0,60,0,60
335989,0.6666666666666666,0.0,0.0,0.0,0.0,0.0,0.8,0.8,0.25,0.0,0.6129032258064516,0.5,0.375,0.14285714285714285,0.0,0.14285714285714285,0.0,0.0,0.15865063460253842,0.0,0.0,0.0,0.0,0,0,33,0,33
335983,0.6666666666666666,0.0,0.0,0.0,0.0,0.0,0.8,0.8,0.041666666666666664,0.0,0.4516129032258065,0.41666666666666663,0.125,0.14285714285714285,0.0,0.0,0.0,0.0,0.11690046760187042,0.16666666666666666,0.0,0.0,0.0,0,0,24,8,32
