match_id,batting_position,runs,balls,fours,sixes,strike_rate,overs,total_balls,dots,maidens,conceded,fours_conceded,sixes_conceded,wickets,LBW,Bowled,noballs,wides,economy_rate,catches,stumping,direct_hit,indirect_hit,strike_rate_fp,batting_fp,bowling_fp,fielding_fp,total_fp
238195,0.5833333333333333,0.0,0.0,0.0,0.0,0.0,0.8,0.8,0.5416666666666666,0.0,0.23655913978494625,0.16666666666666666,0.0,0.42857142857142855,0.6666666666666666,0.0,0.0,0.05,0.061233578267646416,0.0,0.0,0.0,0.0,0,0,112,0,112
226374,0.5833333333333333,0.06285714285714286,0.1282051282051282,0.045454545454545456,0.0,0.1375,0.8,0.8,0.16666666666666666,0.0,0.40860215053763443,0.16666666666666666,0.25,0.0,0.0,0.0,0.0,0.0,0.10576708973502562,0.0,0.0,0.0,0.0,0,15,4,0,19
