match_id,batting_position,runs,balls,fours,sixes,strike_rate,overs,total_balls,dots,maidens,conceded,fours_conceded,sixes_conceded,wickets,LBW,Bowled,noballs,wides,economy_rate,catches,stumping,direct_hit,indirect_hit,strike_rate_fp,batting_fp,bowling_fp,fielding_fp,total_fp
1447495,0.25,0.13714285714285715,0.10256410256410256,0.18181818181818182,0.05555555555555555,0.375,0.0,0.0,0.0,0.0,0.0,0.0,0.0,0.0,0.0,0.0,0.0,0.0,0.0,0.0,0.0,0.0,0.0,0,46,0,0,46
1447493,0.16666666666666669,0.26285714285714284,0.5,0.045454545454545456,0.1111111111111111,0.1474375,0.0,0.0,0.0,0.0,0.0,0.0,0.0,0.0,0.0,0.0,0.0,0.0,0.0,0.16666666666666666,0.0,0.0,0.0,0,66,0,8,74
1447490,0.08333333333333333,0.03428571428571429,0.02564102564102564,0.045454545454545456,0.0,0.375,0.0,0.0,0.0,0.0,0.0,0.0,0.0,0.0,0.0,0.0,0.0,0.0,0.0,0.16666666666666666,0.0,0.0,0.0,0,10,0,8,18
1447488,0.25,0.045714285714285714,0.11538461538461538,0.0,0.0,0.1111125,0.0,0.0,0.0,0.0,0.0,0.0,0.0,0.0,0.0,0.0,0.0,0.0,0.0,0.0,0.0,0.0,0.0,0,8,0,0,8
1447483,0.16666666666666669,0.05142857142857143,0.10256410256410256,0.0,0.05555555555555555,0.140625,0.0,0.0,0.0,0.0,0.0,0.0,0.0,0.0,0.0,0.0,0.0,0.0,0.0,0.0,0.0,0.0,0.0,0,15,0,0,15
1447480,0.25,0.13714285714285715,0.2692307692307692,0.045454545454545456,0.1111111111111111,0.1428625,0.0,0.0,0.0,0.0,0.0,0.0,0.0,0.0,0.0,0.0,0.0,0.0,0.0,0.0,0.0,0.0,0.0,0,40,0,0,40
