match_id,batting_position,runs,balls,fours,sixes,strike_rate,overs,total_balls,dots,maidens,conceded,fours_conceded,sixes_conceded,wickets,LBW,Bowled,noballs,wides,economy_rate,catches,stumping,direct_hit,indirect_hit,strike_rate_fp,batting_fp,bowling_fp,fielding_fp,total_fp
501258,0.8333333333333333,0.0,0.16666666666666666,0.0,0.0,0.0,0.2666,0.26666666666666666,0.16666666666666666,0.0,0.16129032258064518,0.16666666666666666,0.125,0.14285714285714285,0.0,0.14285714285714285,0.0,0.0,0.12525050100200402,0.0,0.0,0.0,0.0,-6,-8,37,0,29
501240,0.7499999999999999,0.0,0.0,0.0,0.0,0.0,0.4,0.4,0.16666666666666666,0.0,0.25806451612903225,0.16666666666666666,0.25,0.0,0.0,0.0,0.0,0.0,0.13360053440213762,0.0,0.0,0.0,0.0,0,0,0,0,0
501209,0.8333333333333333,0.0,0.0,0.0,0.0,0.0,0.4,0.4,0.08333333333333333,0.0,0.24731182795698928,0.08333333333333333,0.25,0.0,0.0,0.0,0.0,0.0,0.12803384546871524,0.0,0.0,0.0,0.0,0,0,-2,0,-2
419164,0.7499999999999999,0.0,0.0,0.0,0.0,0.0,0.8,0.8,0.5833333333333333,0.0,0.1827956989247312,0.0,0.125,0.14285714285714285,0.0,0.0,0.0,0.05,0.04731685593409041,0.0,0.0,0.0,0.0,0,0,45,0,45
