match_id,batting_position,runs,balls,fours,sixes,strike_rate,overs,total_balls,dots,maidens,conceded,fours_conceded,sixes_conceded,wickets,LBW,Bowled,noballs,wides,economy_rate,catches,stumping,direct_hit,indirect_hit,strike_rate_fp,batting_fp,bowling_fp,fielding_fp,total_fp
1443781,0.8333333333333333,0.0,0.0,0.0,0.0,0.0,0.8,0.8,0.7083333333333333,0.0,0.13978494623655915,0.0,0.0,0.2857142857142857,0.0,0.0,0.0,0.15000000000000002,0.03618347806724561,0.3333333333333333,0.0,0.0,0.0,0,0,73,16,89
1443766,0.8333333333333333,0.0,0.0,0.0,0.0,0.0,0.8,0.8,0.25,0.0,0.4731182795698925,0.41666666666666663,0.125,0.0,0.0,0.0,0.0,0.1,0.12246715653529283,0.0,0.0,0.0,0.0,0,0,4,0,4
1444951,0.8333333333333333,0.0,0.0,0.0,0.0,0.0,0.8,0.8,0.625,0.0,0.1827956989247312,0.16666666666666666,0.0,0.2857142857142857,0.0,0.14285714285714285,0.0,0.0,0.04731685593409041,0.16666666666666666,0.0,0.0,0.0,0,0,79,8,87
1444947,0.8333333333333333,0.0,0.0,0.0,0.0,0.0,0.8,0.8,0.5833333333333333,0.0,0.16129032258064518,0.08333333333333333,0.0,0.0,0.0,0.0,0.0,0.1,0.04175016700066801,0.16666666666666666,0.0,0.0,0.0,0,0,20,8,28
1426480,0.7499999999999999,0.005714285714285714,0.02564102564102564,0.0,0.0,0.0625,0.8,0.8,0.3333333333333333,0.0,0.3010752688172043,0.08333333333333333,0.125,0.14285714285714285,0.0,0.0,0.0,0.0,0.07793364506791362,0.0,0.0,0.0,0.0,0,1,35,0,36
1320975,0.5833333333333333,0.0,0.0,0.0,0.0,0.0,0.6000000000000001,0.6,0.20833333333333331,0.0,0.23655913978494625,0.16666666666666666,0.0,0.14285714285714285,0.0,0.0,0.0,0.05,0.0816076597639724,0.0,0.0,0.0,0.0,0,0,30,0,30
