match_id,batting_position,runs,balls,fours,sixes,strike_rate,overs,total_balls,dots,maidens,conceded,fours_conceded,sixes_conceded,wickets,LBW,Bowled,noballs,wides,economy_rate,catches,stumping,direct_hit,indirect_hit,strike_rate_fp,batting_fp,bowling_fp,fielding_fp,total_fp
1334916,0.5833333333333333,0.017142857142857144,0.05128205128205128,0.0,0.0,0.09375,0.2,0.2,0.041666666666666664,0.0,0.11827956989247312,0.16666666666666666,0.0,0.14285714285714285,0.0,0.0,0.0,0.0,0.12246715653529283,0.3333333333333333,0.0,0.0,0.3333333333333333,0,3,26,22,51
