match_id,batting_position,runs,balls,fours,sixes,strike_rate,overs,total_balls,dots,maidens,conceded,fours_conceded,sixes_conceded,wickets,LBW,Bowled,noballs,wides,economy_rate,catches,stumping,direct_hit,indirect_hit,strike_rate_fp,batting_fp,bowling_fp,fielding_fp,total_fp
1157179,0.25,0.24571428571428572,0.5128205128205128,0.18181818181818182,0.05555555555555555,0.134375,0.0,0.0,0.0,0.0,0.0,0.0,0.0,0.0,0.0,0.0,0.0,0.0,0.0,0.16666666666666666,0.0,0.3333333333333333,0.0,0,69,0,20,89
1157162,0.25,0.3485714285714286,0.782051282051282,0.2727272727272727,0.05555555555555555,0.125,0.0,0.0,0.0,0.0,0.0,0.0,0.0,0.0,0.0,0.0,0.0,0.0,0.0,0.0,0.0,0.0,0.0,0,99,0,0,99
1157146,0.3333333333333333,0.045714285714285714,0.24358974358974358,0.0,0.0,0.052637500000000004,0.0,0.0,0.0,0.0,0.0,0.0,0.0,0.0,0.0,0.0,0.0,0.0,0.0,0.0,0.0,0.0,0.0,-6,2,0,0,2
1157130,0.4166666666666667,0.12,0.16666666666666666,0.18181818181818182,0.0,0.201925,0.0,0.0,0.0,0.0,0.0,0.0,0.0,0.0,0.0,0.0,0.0,0.0,0.0,0.0,0.0,0.0,0.0,4,41,0,0,41
1157113,0.25,0.06857142857142857,0.23076923076923075,0.09090909090909091,0.0,0.08333750000000001,0.2,0.2,0.08333333333333333,0.0,0.06451612903225806,0.0,0.0,0.0,0.0,0.0,0.0,0.0,0.06680026720106881,0.0,0.0,0.0,0.0,-2,18,2,0,20
