match_id,batting_position,runs,balls,fours,sixes,strike_rate,overs,total_balls,dots,maidens,conceded,fours_conceded,sixes_conceded,wickets,LBW,Bowled,noballs,wides,economy_rate,catches,stumping,direct_hit,indirect_hit,strike_rate_fp,batting_fp,bowling_fp,fielding_fp,total_fp
1321483,0.5833333333333333,0.045714285714285714,0.14102564102564102,0.0,0.0,0.09091250000000001,0.4,0.4,0.125,0.0,0.3118279569892473,0.08333333333333333,0.375,0.14285714285714285,0.0,0.0,0.0,0.0,0.16143397906924964,0.16666666666666666,0.0,0.0,0.0,0,8,22,8,38
1321480,0.6666666666666666,0.0,0.01282051282051282,0.0,0.0,0.0,0.8,0.8,0.16666666666666666,0.0,0.24731182795698928,0.08333333333333333,0.0,0.14285714285714285,0.0,0.0,0.0,0.0,0.06401692273435762,0.0,0.0,0.0,0.0,0,0,33,0,33
1321475,0.6666666666666666,0.02857142857142857,0.08974358974358974,0.0,0.0,0.0892875,0.6000000000000001,0.6,0.08333333333333333,0.0,0.33333333333333337,0.25,0.125,0.14285714285714285,0.3333333333333333,0.0,0.0,0.05,0.11500779336450681,0.0,0.0,0.0,0.0,0,5,33,0,38
1321470,0.7499999999999999,0.0,0.0,0.0,0.0,0.0,0.6000000000000001,0.6,0.5416666666666666,0.0,0.16129032258064518,0.25,0.0,0.14285714285714285,0.0,0.0,0.0,0.05,0.055666889334224014,0.16666666666666666,0.0,0.0,0.0,0,0,42,8,50
1023603,0.7499999999999999,0.0,0.0,0.0,0.0,0.0,0.4,0.4,0.125,0.0,0.22580645161290325,0.25,0.0,0.14285714285714285,0.0,0.0,0.0,0.0,0.11690046760187042,0.0,0.0,0.0,0.3333333333333333,0,0,26,6,32
897741,0.7499999999999999,0.0,0.0,0.0,0.0,0.0,0.6000000000000001,0.6,0.29166666666666663,0.0,0.3010752688172043,0.41666666666666663,0.0,0.14285714285714285,0.0,0.0,0.0,0.0,0.103874415497662,0.0,0.0,0.0,0.0,0,0,32,0,32
897709,0.8333333333333333,0.0,0.0,0.0,0.0,0.0,0.4,0.4,0.16666666666666666,0.0,0.21505376344086025,0.16666666666666666,0.125,0.0,0.0,0.0,0.0,0.0,0.11133377866844803,0.0,0.0,0.0,0.0,0,0,2,0,2
