match_id,batting_position,runs,balls,fours,sixes,strike_rate,overs,total_balls,dots,maidens,conceded,fours_conceded,sixes_conceded,wickets,LBW,Bowled,noballs,wides,economy_rate,catches,stumping,direct_hit,indirect_hit,strike_rate_fp,batting_fp,bowling_fp,fielding_fp,total_fp
1283041,0.8333333333333333,0.0,0.0,0.0,0.0,0.0,0.8,0.8,0.4583333333333333,0.0,0.13978494623655915,0.0,0.0,0.2857142857142857,0.3333333333333333,0.14285714285714285,0.0,0.0,0.03618347806724561,0.0,0.0,0.0,0.0,0,0,83,0,83
1283032,0.7499999999999999,0.0,0.0,0.0,0.0,0.0,0.2,0.2,0.08333333333333333,0.0,0.12903225806451613,0.08333333333333333,0.125,0.0,0.0,0.0,0.0,0.0,0.13360053440213762,0.0,0.0,0.0,0.0,0,0,2,0,2
1275047,0.5833333333333333,0.0,0.0,0.0,0.0,0.0,0.8,0.8,0.5,0.0,0.24731182795698928,0.08333333333333333,0.125,0.2857142857142857,0.0,0.0,0.0,0.0,0.06401692273435762,0.16666666666666666,0.0,0.0,0.0,0,0,66,8,74
