match_id,batting_position,runs,balls,fours,sixes,strike_rate,overs,total_balls,dots,maidens,conceded,fours_conceded,sixes_conceded,wickets,LBW,Bowled,noballs,wides,economy_rate,catches,stumping,direct_hit,indirect_hit,strike_rate_fp,batting_fp,bowling_fp,fielding_fp,total_fp
1130711,0.7499999999999999,0.0,0.0,0.0,0.0,0.0,0.4,0.4,0.041666666666666664,0.0,0.33333333333333337,0.08333333333333333,0.375,0.0,0.0,0.0,0.1,0.05,0.17256735693609443,0.0,0.0,0.0,0.0,0,0,-5,0,-5
1130672,0.5833333333333333,0.0,0.0,0.0,0.0,0.0,0.4,0.4,0.125,0.0,0.23655913978494625,0.3333333333333333,0.0,0.0,0.0,0.0,0.0,0.05,0.12246715653529283,0.0,0.0,0.0,0.0,0,0,1,0,1
902209,0.8333333333333333,0.0,0.0,0.0,0.0,0.0,0.8,0.8,0.375,0.0,0.16129032258064518,0.0,0.0,0.0,0.0,0.0,0.0,0.0,0.04175016700066801,0.0,0.0,0.0,0.0,0,0,15,0,15
902183,0.5833333333333333,0.0,0.0,0.0,0.0,0.0,0.8,0.8,0.20833333333333331,0.0,0.3010752688172043,0.0,0.125,0.14285714285714285,0.0,0.0,0.0,0.0,0.07793364506791362,0.0,0.0,0.0,0.0,0,0,32,0,32
902161,0.7499999999999999,0.0,0.01282051282051282,0.0,0.0,0.0,0.5666000000000001,0.5666666666666667,0.29166666666666663,0.0,0.2688172043010753,0.25,0.125,0.14285714285714285,0.0,0.14285714285714285,0.0,0.0,0.09819639278557116,0.0,0.0,0.0,0.0,0,-2,40,0,38
902139,0.7499999999999999,0.0,0.0,0.0,0.0,0.0,0.8,0.8,0.29166666666666663,0.0,0.3655913978494624,0.0,0.375,0.14285714285714285,0.0,0.14285714285714285,0.0,0.0,0.09463371186818081,0.0,0.0,0.0,0.0,0,0,40,0,40
