match_id,batting_position,runs,balls,fours,sixes,strike_rate,overs,total_balls,dots,maidens,conceded,fours_conceded,sixes_conceded,wickets,LBW,Bowled,noballs,wides,economy_rate,catches,stumping,direct_hit,indirect_hit,strike_rate_fp,batting_fp,bowling_fp,fielding_fp,total_fp
1205768,0.8333333333333333,0.0,0.0,0.0,0.0,0.0,0.0,0.0,0.0,0.0,0.0,0.0,0.0,0.0,0.0,0.0,0.0,0.0,0.0,0.0,0.0,0.0,0.0,0,0,0,0,0
1205750,0.7499999999999999,0.0,0.0,0.0,0.0,0.0,0.4,0.4,0.125,0.0,0.2795698924731183,0.16666666666666666,0.25,0.0,0.0,0.0,0.0,0.05,0.14473391226898244,0.16666666666666666,0.0,0.0,0.0,0,0,-3,8,5
1205732,0.6666666666666666,0.0,0.0,0.0,0.0,0.0,0.4,0.4,0.041666666666666664,0.0,0.23655913978494625,0.16666666666666666,0.125,0.0,0.0,0.0,0.0,0.0,0.12246715653529283,0.16666666666666666,0.0,0.0,0.0,0,0,-1,8,7
1205724,0.5833333333333333,0.06857142857142857,0.1282051282051282,0.045454545454545456,0.0,0.15,0.2,0.2,0.041666666666666664,0.0,0.10752688172043012,0.0,0.125,0.0,0.0,0.0,0.0,0.0,0.11133377866844803,0.16666666666666666,0.0,0.0,0.0,0,16,1,8,25
1130708,0.49999999999999994,0.017142857142857144,0.038461538461538464,0.0,0.0,0.125,0.0,0.0,0.0,0.0,0.0,0.0,0.0,0.0,0.0,0.0,0.0,0.0,0.0,0.0,0.0,0.0,0.0,0,3,0,0,3
1130693,0.7499999999999999,0.0,0.0,0.0,0.0,0.0,0.0,0.0,0.0,0.0,0.0,0.0,0.0,0.0,0.0,0.0,0.0,0.0,0.0,0.16666666666666666,0.0,0.0,0.0,0,0,0,8,8
1130683,0.5833333333333333,0.05142857142857143,0.08974358974358974,0.0,0.0,0.1607125,0.0,0.0,0.0,0.0,0.0,0.0,0.0,0.0,0.0,0.0,0.0,0.0,0.0,0.0,0.0,0.0,0.0,0,9,0,0,9
1130661,0.8333333333333333,0.0,0.0,0.0,0.0,0.0,0.0,0.0,0.0,0.0,0.0,0.0,0.0,0.0,0.0,0.0,0.0,0.0,0.0,0.16666666666666666,0.0,0.0,0.0,0,0,0,8,8
