match_id,batting_position,runs,balls,fours,sixes,strike_rate,overs,total_balls,dots,maidens,conceded,fours_conceded,sixes_conceded,wickets,LBW,Bowled,noballs,wides,economy_rate,catches,stumping,direct_hit,indirect_hit,strike_rate_fp,batting_fp,bowling_fp,fielding_fp,total_fp
1169420,0.6666666666666666,0.005714285714285714,0.05128205128205128,0.0,0.0,0.03125,0.4,0.4,0.25,0.0,0.2795698924731183,0.16666666666666666,0.25,0.14285714285714285,0.0,0.0,0.1,0.1,0.14473391226898244,0.0,0.0,0.0,0.0,0,1,25,0,26
1169411,0.8333333333333333,0.0,0.01282051282051282,0.0,0.0,0.0,0.8,0.8,0.375,0.0,0.6344086021505377,0.16666666666666666,0.75,0.0,0.0,0.0,0.1,0.30000000000000004,0.16421732353596083,0.0,0.0,0.0,0.0,0,-2,3,0,1
1121288,0.8333333333333333,0.0,0.0,0.0,0.0,0.0,0.2,0.2,0.08333333333333333,0.0,0.10752688172043012,0.16666666666666666,0.0,0.0,0.0,0.0,0.0,0.0,0.11133377866844803,0.0,0.0,0.0,0.0,0,0,2,0,2
1121285,0.8333333333333333,0.0,0.0,0.0,0.0,0.0,0.2,0.2,0.041666666666666664,0.0,0.06451612903225806,0.0,0.0,0.0,0.0,0.0,0.0,0.05,0.06680026720106881,0.0,0.0,0.0,0.0,0,0,1,0,1
1121280,0.6666666666666666,0.0,0.0,0.0,0.0,0.0,0.2,0.2,0.16666666666666666,0.0,0.03225806451612903,0.0,0.0,0.2857142857142857,0.0,0.0,0.0,0.05,0.033400133600534405,0.0,0.0,0.0,0.0,0,0,54,0,54
1121273,0.7499999999999999,0.0,0.0,0.0,0.0,0.0,0.4,0.4,0.041666666666666664,0.0,0.23655913978494625,0.08333333333333333,0.0,0.0,0.0,0.0,0.0,0.35000000000000003,0.12246715653529283,0.0,0.0,0.0,0.3333333333333333,0,0,-1,6,5
1121265,0.6666666666666666,0.005714285714285714,0.038461538461538464,0.0,0.0,0.0416625,0.7334,0.7333333333333333,0.25,0.0,0.38709677419354843,0.3333333333333333,0.125,0.14285714285714285,0.0,0.0,0.0,0.1,0.10932977065241596,0.0,0.0,0.0,0.0,0,1,31,0,32
1121263,0.8333333333333333,0.0,0.0,0.0,0.0,0.0,0.6000000000000001,0.6,0.3333333333333333,0.0,0.20430107526881722,0.08333333333333333,0.125,0.14285714285714285,0.0,0.14285714285714285,0.0,0.05,0.0704742818971276,0.16666666666666666,0.0,0.0,0.0,0,0,43,8,51
1063048,0.5833333333333333,0.045714285714285714,0.14102564102564102,0.09090909090909091,0.0,0.09091250000000001,0.4,0.4,0.20833333333333331,0.0,0.16129032258064518,0.16666666666666666,0.0,0.0,0.0,0.0,0.0,0.05,0.08350033400133602,0.0,0.0,0.0,0.0,0,16,5,0,21
