match_id,batting_position,runs,balls,fours,sixes,strike_rate,overs,total_balls,dots,maidens,conceded,fours_conceded,sixes_conceded,wickets,LBW,Bowled,noballs,wides,economy_rate,catches,stumping,direct_hit,indirect_hit,strike_rate_fp,batting_fp,bowling_fp,fielding_fp,total_fp
875537,0.16666666666666669,0.11428571428571428,0.24358974358974358,0.0,0.05555555555555555,0.131575,0.0,0.0,0.0,0.0,0.0,0.0,0.0,0.0,0.0,0.0,0.0,0.0,0.0,0.0,0.0,0.0,0.0,0,26,0,0,26
875531,0.16666666666666669,0.09714285714285714,0.11538461538461538,0.18181818181818182,0.0,0.23611249999999998,0.6000000000000001,0.6,0.29166666666666663,0.0,0.3010752688172043,0.41666666666666663,0.0,0.42857142857142855,0.0,0.14285714285714285,0.0,0.0,0.103874415497662,0.0,0.0,0.0,0.0,0,33,94,0,127
875477,0.49999999999999994,0.011428571428571429,0.02564102564102564,0.0,0.0,0.125,0.2,0.2,0.08333333333333333,0.0,0.09677419354838711,0.08333333333333333,0.0,0.0,0.0,0.0,0.1,0.0,0.10020040080160322,0.0,0.0,0.0,0.0,0,2,2,0,4
875465,0.49999999999999994,0.005714285714285714,0.038461538461538464,0.0,0.0,0.0416625,0.0,0.0,0.0,0.0,0.0,0.0,0.0,0.0,0.0,0.0,0.0,0.0,0.0,0.0,0.0,0.0,0.0,0,1,0,0,1
660207,0.4166666666666667,0.17142857142857143,0.2564102564102564,0.09090909090909091,0.1111111111111111,0.1875,0.0,0.0,0.0,0.0,0.0,0.0,0.0,0.0,0.0,0.0,0.0,0.0,0.0,0.0,0.0,0.0,0.0,0,54,0,0,54
660179,0.5833333333333333,0.005714285714285714,0.038461538461538464,0.0,0.0,0.0416625,0.0,0.0,0.0,0.0,0.0,0.0,0.0,0.0,0.0,0.0,0.0,0.0,0.0,0.0,0.0,0.0,0.0,0,1,0,0,1
660153,0.4166666666666667,0.09142857142857143,0.16666666666666666,0.045454545454545456,0.0,0.15385000000000001,0.0,0.0,0.0,0.0,0.0,0.0,0.0,0.0,0.0,0.0,0.0,0.0,0.0,0.0,0.0,0.0,0.0,0,20,0,0,20
660125,0.08333333333333333,0.011428571428571429,0.038461538461538464,0.0,0.0,0.08333750000000001,0.0,0.0,0.0,0.0,0.0,0.0,0.0,0.0,0.0,0.0,0.0,0.0,0.0,0.0,0.0,0.0,0.0,0,2,0,0,2
660117,0.16666666666666669,0.02857142857142857,0.08974358974358974,0.0,0.0,0.0892875,0.0,0.0,0.0,0.0,0.0,0.0,0.0,0.0,0.0,0.0,0.0,0.0,0.0,0.0,0.0,0.0,0.0,0,5,0,0,5
