match_id,batting_position,runs,balls,fours,sixes,strike_rate,overs,total_balls,dots,maidens,conceded,fours_conceded,sixes_conceded,wickets,LBW,Bowled,noballs,wides,economy_rate,catches,stumping,direct_hit,indirect_hit,strike_rate_fp,batting_fp,bowling_fp,fielding_fp,total_fp
902221,0.8333333333333333,0.0,0.0,0.0,0.0,0.0,0.6666000000000001,0.6666666666666666,0.20833333333333331,0.0,0.4301075268817205,0.5,0.125,0.0,0.0,0.0,0.0,0.05,0.13360053440213762,0.0,0.0,0.0,0.0,0,0,-1,0,-1
902195,0.8333333333333333,0.0,0.0,0.0,0.0,0.0,0.8,0.8,0.5416666666666666,0.25,0.25806451612903225,0.16666666666666666,0.125,0.5714285714285714,0.3333333333333333,0.0,0.1,0.0,0.06680026720106881,0.16666666666666666,0.0,0.0,0.0,0,0,143,8,151
902173,0.8333333333333333,0.005714285714285714,0.038461538461538464,0.0,0.0,0.0416625,0.2,0.2,0.16666666666666666,0.0,0.06451612903225806,0.08333333333333333,0.0,0.0,0.0,0.0,0.0,0.0,0.06680026720106881,0.16666666666666666,0.0,0.0,0.0,0,1,4,8,13
902151,0.7499999999999999,0.0,0.01282051282051282,0.0,0.0,0.0,0.8,0.8,0.5,0.0,0.2795698924731183,0.3333333333333333,0.0,0.5714285714285714,0.0,0.0,0.0,0.05,0.07236695613449122,0.0,0.0,0.0,0.0,0,0,122,0,122
902127,0.7499999999999999,0.0,0.0,0.0,0.0,0.0,0.8,0.8,0.5833333333333333,0.0,0.22580645161290325,0.16666666666666666,0.0,0.2857142857142857,0.0,0.0,0.0,0.1,0.05845023380093521,0.0,0.0,0.0,0.0,0,0,68,0,68
