match_id,batting_position,runs,balls,fours,sixes,strike_rate,overs,total_balls,dots,maidens,conceded,fours_conceded,sixes_conceded,wickets,LBW,Bowled,noballs,wides,economy_rate,catches,stumping,direct_hit,indirect_hit,strike_rate_fp,batting_fp,bowling_fp,fielding_fp,total_fp
1412314,0.6666666666666666,0.017142857142857144,0.08974358974358974,0.0,0.0,0.053575,0.8,0.8,0.41666666666666663,0.0,0.23655913978494625,0.08333333333333333,0.125,0.14285714285714285,0.0,0.0,0.0,0.0,0.061233578267646416,0.0,0.0,0.0,0.0,0,3,39,0,42
1063083,0.5833333333333333,0.04,0.0641025641025641,0.045454545454545456,0.0,0.17500000000000002,0.0,0.0,0.0,0.0,0.0,0.0,0.0,0.0,0.0,0.0,0.0,0.0,0.0,0.0,0.0,0.0,0.0,0,11,0,0,11
1063082,0.5833333333333333,0.0,0.0,0.0,0.0,0.0,0.4,0.4,0.25,0.0,0.06451612903225806,0.0,0.0,0.14285714285714285,0.0,0.0,0.0,0.0,0.033400133600534405,0.3333333333333333,0.0,0.0,0.0,0,0,37,16,53
1063079,0.49999999999999994,0.11428571428571428,0.1923076923076923,0.045454545454545456,0.05555555555555555,0.16666250000000002,0.4,0.4,0.20833333333333331,0.0,0.11827956989247312,0.08333333333333333,0.0,0.0,0.0,0.0,0.0,0.0,0.061233578267646416,0.0,0.0,0.0,0.0,2,32,9,0,41
1063077,0.49999999999999994,0.017142857142857144,0.05128205128205128,0.0,0.0,0.09375,0.8,0.8,0.16666666666666666,0.0,0.25806451612903225,0.08333333333333333,0.0,0.14285714285714285,0.0,0.0,0.0,0.0,0.06680026720106881,0.16666666666666666,0.0,0.0,0.0,0,3,31,8,42
1063074,0.49999999999999994,0.11428571428571428,0.2564102564102564,0.045454545454545456,0.05555555555555555,0.125,0.0,0.0,0.0,0.0,0.0,0.0,0.0,0.0,0.0,0.0,0.0,0.0,0.0,0.0,0.0,0.0,0.0,0,30,0,0,30
1063072,0.5833333333333333,0.24,0.47435897435897434,0.045454545454545456,0.2222222222222222,0.1418875,0.0,0.0,0.0,0.0,0.0,0.0,0.0,0.0,0.0,0.0,0.0,0.0,0.0,0.16666666666666666,0.0,0.0,0.0,0,74,0,8,82
