match_id,batting_position,runs,balls,fours,sixes,strike_rate,overs,total_balls,dots,maidens,conceded,fours_conceded,sixes_conceded,wickets,LBW,Bowled,noballs,wides,economy_rate,catches,stumping,direct_hit,indirect_hit,strike_rate_fp,batting_fp,bowling_fp,fielding_fp,total_fp
1380583,0.08333333333333333,0.18857142857142858,0.3076923076923077,0.09090909090909091,0.1111111111111111,0.171875,0.0,0.0,0.0,0.0,0.0,0.0,0.0,0.0,0.0,0.0,0.0,0.0,0.0,0.0,0.0,0.0,0.0,2,59,0,0,59
1185181,0.08333333333333333,0.17142857142857143,0.3974358974358974,0.045454545454545456,0.05555555555555555,0.1209625,0.0,0.0,0.0,0.0,0.0,0.0,0.0,0.0,0.0,0.0,0.0,0.0,0.0,0.0,0.0,0.0,0.0,0,44,0,0,44
1178996,0.16666666666666669,0.13142857142857142,0.4230769230769231,0.0,0.05555555555555555,0.08712500000000001,0.0,0.0,0.0,0.0,0.0,0.0,0.0,0.0,0.0,0.0,0.0,0.0,0.0,0.0,0.0,0.0,0.0,-2,27,0,0,27
1155315,0.08333333333333333,0.05714285714285714,0.07692307692307693,0.09090909090909091,0.0,0.20833749999999998,0.0,0.0,0.0,0.0,0.0,0.0,0.0,0.0,0.0,0.0,0.0,0.0,0.0,0.0,0.0,0.0,0.0,0,18,0,0,18
1155310,0.08333333333333333,0.44571428571428573,0.6282051282051282,0.3181818181818182,0.05555555555555555,0.198975,0.0,0.0,0.0,0.0,0.0,0.0,0.0,0.0,0.0,0.0,0.0,0.0,0.0,0.0,0.0,0.0,0.0,4,128,0,0,128
1155304,0.08333333333333333,0.28,0.358974358974359,0.2272727272727273,0.0,0.21875,0.0,0.0,0.0,0.0,0.0,0.0,0.0,0.0,0.0,0.0,0.0,0.0,0.0,0.16666666666666666,0.0,0.0,0.0,6,79,0,8,87
1155306,0.08333333333333333,0.0,0.038461538461538464,0.0,0.0,0.0,0.0,0.0,0.0,0.0,0.0,0.0,0.0,0.0,0.0,0.0,0.0,0.0,0.0,0.0,0.0,0.0,0.0,0,-2,0,0,-2
1046681,0.08333333333333333,0.02857142857142857,0.05128205128205128,0.045454545454545456,0.0,0.15625,0.7666000000000001,0.7666666666666666,0.5833333333333333,0.0,0.16129032258064518,0.0,0.0,0.42857142857142855,0.3333333333333333,0.0,0.0,0.25,0.043531507459363177,0.16666666666666666,0.0,0.0,0.0,0,9,107,8,124
