match_id,batting_position,runs,balls,fours,sixes,strike_rate,overs,total_balls,dots,maidens,conceded,fours_conceded,sixes_conceded,wickets,LBW,Bowled,noballs,wides,economy_rate,catches,stumping,direct_hit,indirect_hit,strike_rate_fp,batting_fp,bowling_fp,fielding_fp,total_fp
1267311,0.8333333333333333,0.011428571428571429,0.0641025641025641,0.0,0.0,0.05,0.0,0.0,0.0,0.0,0.0,0.0,0.0,0.0,0.0,0.0,0.0,0.0,0.0,0.0,0.0,0.0,0.0,0,2,0,0,2
1267307,0.8333333333333333,0.0,0.0,0.0,0.0,0.0,0.4,0.4,0.16666666666666666,0.0,0.2903225806451613,0.0,0.5,0.14285714285714285,0.0,0.0,0.0,0.0,0.15030060120240482,0.0,0.0,0.0,0.0,0,0,23,0,23
1235832,0.8333333333333333,0.017142857142857144,0.038461538461538464,0.0,0.0,0.125,0.4,0.4,0.29166666666666663,0.0,0.12903225806451613,0.08333333333333333,0.0,0.0,0.0,0.0,0.0,0.0,0.06680026720106881,0.0,0.0,0.0,0.0,0,3,9,0,12
1235830,0.6666666666666666,0.0,0.0,0.0,0.0,0.0,0.6000000000000001,0.6,0.125,0.0,0.23655913978494625,0.08333333333333333,0.0,0.14285714285714285,0.0,0.0,0.0,0.05,0.0816076597639724,0.0,0.0,0.0,0.0,0,0,28,0,28
1235829,0.6666666666666666,0.0,0.0,0.0,0.0,0.0,0.8,0.8,0.29166666666666663,0.0,0.21505376344086025,0.0,0.0,0.2857142857142857,0.0,0.14285714285714285,0.0,0.0,0.055666889334224014,0.16666666666666666,0.0,0.0,0.0,0,0,69,8,77
