match_id,batting_position,runs,balls,fours,sixes,strike_rate,overs,total_balls,dots,maidens,conceded,fours_conceded,sixes_conceded,wickets,LBW,Bowled,noballs,wides,economy_rate,catches,stumping,direct_hit,indirect_hit,strike_rate_fp,batting_fp,bowling_fp,fielding_fp,total_fp
1299625,0.16666666666666669,0.011428571428571429,0.038461538461538464,0.0,0.0,0.08333750000000001,0.0,0.0,0.0,0.0,0.0,0.0,0.0,0.0,0.0,0.0,0.0,0.0,0.0,0.0,0.0,0.0,0.0,0,2,0,0,2
1299623,0.08333333333333333,0.03428571428571429,0.21794871794871795,0.0,0.0,0.0441125,0.0,0.0,0.0,0.0,0.0,0.0,0.0,0.0,0.0,0.0,0.0,0.0,0.0,0.16666666666666666,0.0,0.0,0.0,-6,0,0,8,8
1299618,0.08333333333333333,0.17714285714285713,0.3205128205128205,0.2272727272727273,0.0,0.155,0.0,0.0,0.0,0.0,0.0,0.0,0.0,0.0,0.0,0.0,0.0,0.0,0.0,0.0,0.0,0.0,0.0,0,55,0,0,55
1299612,0.3333333333333333,0.18285714285714286,0.4615384615384615,0.13636363636363635,0.0,0.1111125,0.0,0.0,0.0,0.0,0.0,0.0,0.0,0.0,0.0,0.0,0.0,0.0,0.0,0.0,0.0,0.0,0.0,0,48,0,0,48
