match_id,batting_position,runs,balls,fours,sixes,strike_rate,overs,total_balls,dots,maidens,conceded,fours_conceded,sixes_conceded,wickets,LBW,Bowled,noballs,wides,economy_rate,catches,stumping,direct_hit,indirect_hit,strike_rate_fp,batting_fp,bowling_fp,fielding_fp,total_fp
1473146,0.7499999999999999,0.02857142857142857,0.038461538461538464,0.045454545454545456,0.0,0.20833749999999998,0.4,0.4,0.16666666666666666,0.0,0.15053763440860216,0.16666666666666666,0.0,0.0,0.0,0.0,0.0,0.0,0.07793364506791362,0.0,0.0,0.0,0.0,0,9,6,0,15
1454819,0.5833333333333333,0.0,0.02564102564102564,0.0,0.0,0.0,0.0,0.0,0.0,0.0,0.0,0.0,0.0,0.0,0.0,0.0,0.0,0.0,0.0,0.16666666666666666,0.0,0.0,0.0,0,-2,0,8,6
1450828,0.49999999999999994,0.0,0.0641025641025641,0.0,0.0,0.0,0.23340000000000002,0.23333333333333334,0.125,0.0,0.17204301075268819,0.08333333333333333,0.125,0.0,0.0,0.0,0.0,0.15000000000000002,0.15263861055444225,0.0,0.0,0.0,0.0,0,-2,3,0,1
