match_id,batting_position,runs,balls,fours,sixes,strike_rate,overs,total_balls,dots,maidens,conceded,fours_conceded,sixes_conceded,wickets,LBW,Bowled,noballs,wides,economy_rate,catches,stumping,direct_hit,indirect_hit,strike_rate_fp,batting_fp,bowling_fp,fielding_fp,total_fp
1463665,0.8333333333333333,0.0,0.0,0.0,0.0,0.0,0.0,0.0,0.0,0.0,0.0,0.0,0.0,0.0,0.0,0.0,0.0,0.0,0.0,0.16666666666666666,0.0,0.0,0.0,0,0,0,8,8
1457234,0.6666666666666666,0.04,0.07692307692307693,0.045454545454545456,0.0,0.1458375,0.6000000000000001,0.6,0.125,0.0,0.4516129032258065,0.16666666666666666,0.5,0.14285714285714285,0.0,0.0,0.0,0.05,0.15586729013582723,0.0,0.0,0.0,0.0,0,11,22,0,33
1457229,0.6666666666666666,0.0,0.0,0.0,0.0,0.0,0.4,0.4,0.125,0.0,0.1827956989247312,0.08333333333333333,0.125,0.0,0.0,0.0,0.0,0.0,0.09463371186818081,0.0,0.0,0.0,0.0,0,0,3,0,3
1457228,0.6666666666666666,0.0,0.0,0.0,0.0,0.0,0.8,0.8,0.375,0.0,0.20430107526881722,0.08333333333333333,0.0,0.2857142857142857,0.0,0.0,0.0,0.05,0.05288354486751281,0.0,0.0,0.0,0.3333333333333333,0,0,65,6,71
