match_id,batting_position,runs,balls,fours,sixes,strike_rate,overs,total_balls,dots,maidens,conceded,fours_conceded,sixes_conceded,wickets,LBW,Bowled,noballs,wides,economy_rate,catches,stumping,direct_hit,indirect_hit,strike_rate_fp,batting_fp,bowling_fp,fielding_fp,total_fp
1280302,0.5833333333333333,0.0,0.0,0.0,0.0,0.0,0.6000000000000001,0.6,0.08333333333333333,0.0,0.32258064516129037,0.16666666666666666,0.125,0.0,0.0,0.0,0.0,0.1,0.11133377866844803,0.0,0.0,0.0,0.0,0,0,0,0,0
1280301,0.6666666666666666,0.0,0.0,0.0,0.0,0.0,0.6000000000000001,0.6,0.20833333333333331,0.0,0.41935483870967744,0.16666666666666666,0.5,0.14285714285714285,0.0,0.0,0.0,0.0,0.14473391226898244,0.0,0.0,0.0,0.0,0,0,24,0,24
1280297,0.6666666666666666,0.0,0.0,0.0,0.0,0.0,0.8,0.8,0.41666666666666663,0.0,0.2795698924731183,0.3333333333333333,0.0,0.42857142857142855,0.0,0.0,0.0,0.0,0.07236695613449122,0.0,0.0,0.0,0.0,0,0,91,0,91
1280239,0.6666666666666666,0.0,0.0,0.0,0.0,0.0,0.8,0.8,0.41666666666666663,0.0,0.32258064516129037,0.3333333333333333,0.0,0.2857142857142857,0.0,0.0,0.0,0.0,0.08350033400133602,0.0,0.0,0.0,0.0,0,0,60,0,60
