match_id,batting_position,runs,balls,fours,sixes,strike_rate,overs,total_balls,dots,maidens,conceded,fours_conceded,sixes_conceded,wickets,LBW,Bowled,noballs,wides,economy_rate,catches,stumping,direct_hit,indirect_hit,strike_rate_fp,batting_fp,bowling_fp,fielding_fp,total_fp
1450759,0.0,0.005714285714285714,0.15384615384615385,0.0,0.0,0.0104125,0.0,0.0,0.0,0.0,0.0,0.0,0.0,0.0,0.0,0.0,0.0,0.0,0.0,0.0,0.0,0.0,0.0,-6,-5,0,0,-5
1450754,0.0,0.005714285714285714,0.11538461538461538,0.0,0.0,0.013887499999999999,0.2,0.2,0.08333333333333333,0.0,0.12903225806451613,0.16666666666666666,0.0,0.14285714285714285,0.0,0.14285714285714285,0.1,0.05,0.13360053440213762,0.0,0.0,0.0,0.0,0,1,35,0,36
1450753,0.0,0.0,0.02564102564102564,0.0,0.0,0.0,0.1666,0.16666666666666666,0.041666666666666664,0.0,0.20430107526881722,0.25,0.0,0.0,0.0,0.0,0.1,0.2,0.2539523491427299,0.0,0.0,0.0,0.0,0,-2,1,0,-1
1343763,0.08333333333333333,0.03428571428571429,0.1282051282051282,0.045454545454545456,0.0,0.075,0.0,0.0,0.0,0.0,0.0,0.0,0.0,0.0,0.0,0.0,0.0,0.0,0.0,0.0,0.0,0.0,0.0,-2,8,0,0,8
1343756,0.0,0.017142857142857144,0.07692307692307693,0.0,0.0,0.0625,0.0,0.0,0.0,0.0,0.0,0.0,0.0,0.0,0.0,0.0,0.0,0.0,0.0,0.0,0.0,0.0,0.0,0,3,0,0,3
1343749,0.08333333333333333,0.02857142857142857,0.10256410256410256,0.0,0.0,0.078125,0.0,0.0,0.0,0.0,0.0,0.0,0.0,0.0,0.0,0.0,0.0,0.0,0.0,0.0,0.0,0.0,0.0,0,5,0,0,5
1343747,0.08333333333333333,0.017142857142857144,0.11538461538461538,0.0,0.0,0.0416625,0.4,0.4,0.25,0.0,0.15053763440860216,0.08333333333333333,0.0,0.0,0.0,0.0,0.0,0.0,0.07793364506791362,0.0,0.0,0.0,0.0,0,3,8,0,11
1343741,0.08333333333333333,0.005714285714285714,0.0,0.0,0.0,0.0,0.6000000000000001,0.6,0.375,0.0,0.3010752688172043,0.3333333333333333,0.0,0.14285714285714285,0.0,0.0,0.0,0.30000000000000004,0.103874415497662,0.16666666666666666,0.0,0.0,0.0,0,1,34,8,43
