match_id,batting_position,runs,balls,fours,sixes,strike_rate,overs,total_balls,dots,maidens,conceded,fours_conceded,sixes_conceded,wickets,LBW,Bowled,noballs,wides,economy_rate,catches,stumping,direct_hit,indirect_hit,strike_rate_fp,batting_fp,bowling_fp,fielding_fp,total_fp
1418544,0.08333333333333333,0.21714285714285714,0.6282051282051282,0.09090909090909091,0.0,0.0969375,0.5,0.5,0.29166666666666663,0.0,0.12903225806451613,0.08333333333333333,0.0,0.2857142857142857,0.0,0.14285714285714285,0.0,0.0,0.05344021376085505,0.0,0.0,0.0,0.0,0,50,71,0,121
1418539,0.16666666666666669,0.04,0.3076923076923077,0.0,0.0,0.0364625,0.8,0.8,0.375,0.0,0.34408602150537637,0.16666666666666666,0.25,0.0,0.0,0.0,0.0,0.0,0.08906702293475842,0.0,0.0,0.0,0.0,-6,1,9,0,10
1418177,0.08333333333333333,0.0,0.10256410256410256,0.0,0.0,0.0,0.0,0.0,0.0,0.0,0.0,0.0,0.0,0.0,0.0,0.0,0.0,0.0,0.0,0.0,0.0,0.0,0.0,0,-2,0,0,-2
1383106,0.5833333333333333,0.045714285714285714,0.1794871794871795,0.0,0.0,0.071425,0.4,0.4,0.125,0.0,0.23655913978494625,0.16666666666666666,0.125,0.0,0.0,0.0,0.0,0.0,0.12246715653529283,0.0,0.0,0.0,0.3333333333333333,-4,4,1,6,11
