match_id,batting_position,runs,balls,fours,sixes,strike_rate,overs,total_balls,dots,maidens,conceded,fours_conceded,sixes_conceded,wickets,LBW,Bowled,noballs,wides,economy_rate,catches,stumping,direct_hit,indirect_hit,strike_rate_fp,batting_fp,bowling_fp,fielding_fp,total_fp
1207783,0.8333333333333333,0.0,0.0,0.0,0.0,0.0,0.8,0.8,0.29166666666666663,0.0,0.40860215053763443,0.3333333333333333,0.125,0.14285714285714285,0.0,0.0,0.2,0.05,0.10576708973502562,0.16666666666666666,0.0,0.0,0.0,0,0,32,8,40
1207770,0.8333333333333333,0.0,0.0,0.0,0.0,0.0,0.2,0.2,0.041666666666666664,0.0,0.1827956989247312,0.16666666666666666,0.125,0.14285714285714285,0.0,0.0,0.0,0.0,0.18926742373636163,0.0,0.0,0.0,0.0,0,0,26,0,26
1207761,0.8333333333333333,0.0,0.0,0.0,0.0,0.0,0.8,0.8,0.25,0.0,0.34408602150537637,0.16666666666666666,0.125,0.0,0.0,0.0,0.0,0.1,0.08906702293475842,0.16666666666666666,0.0,0.0,0.0,0,0,6,8,14
1207755,0.8333333333333333,0.0,0.0,0.0,0.0,0.0,0.8,0.8,0.25,0.0,0.39784946236559143,0.3333333333333333,0.125,0.2857142857142857,0.0,0.14285714285714285,0.0,0.1,0.10298374526831443,0.3333333333333333,0.0,0.0,0.0,0,0,64,16,80
