match_id,batting_position,runs,balls,fours,sixes,strike_rate,overs,total_balls,dots,maidens,conceded,fours_conceded,sixes_conceded,wickets,LBW,Bowled,noballs,wides,economy_rate,catches,stumping,direct_hit,indirect_hit,strike_rate_fp,batting_fp,bowling_fp,fielding_fp,total_fp
1446107,0.49999999999999994,0.10857142857142857,0.1794871794871795,0.045454545454545456,0.05555555555555555,0.16963750000000002,0.6000000000000001,0.6,0.20833333333333331,0.0,0.3655913978494624,0.16666666666666666,0.375,0.0,0.0,0.0,0.0,0.0,0.1261411712313516,0.3333333333333333,0.0,0.0,0.0,2,31,1,16,48
1446106,0.6666666666666666,0.0,0.0,0.0,0.0,0.0,0.8,0.8,0.375,0.0,0.3010752688172043,0.16666666666666666,0.125,0.0,0.0,0.0,0.0,0.05,0.07793364506791362,0.0,0.0,0.0,0.0,0,0,11,0,11
1446103,0.49999999999999994,0.0,0.0,0.0,0.0,0.0,0.6000000000000001,0.6,0.125,0.0,0.19354838709677422,0.16666666666666666,0.0,0.14285714285714285,0.0,0.0,0.0,0.0,0.06680026720106881,0.0,0.0,0.0,0.0,0,0,30,0,30
1383541,0.4166666666666667,0.0,0.0,0.0,0.0,0.0,0.8,0.8,0.16666666666666666,0.0,0.3655913978494624,0.0,0.25,0.14285714285714285,0.0,0.14285714285714285,0.0,0.15000000000000002,0.09463371186818081,0.16666666666666666,0.0,0.0,0.0,0,0,37,8,45
1383485,0.5833333333333333,0.011428571428571429,0.038461538461538464,0.0,0.0,0.08333750000000001,0.0,0.0,0.0,0.0,0.0,0.0,0.0,0.0,0.0,0.0,0.0,0.0,0.0,0.0,0.0,0.0,0.0,0,2,0,0,2
1383467,0.49999999999999994,0.18285714285714286,0.358974358974359,0.045454545454545456,0.1111111111111111,0.1428625,0.0,0.0,0.0,0.0,0.0,0.0,0.0,0.0,0.0,0.0,0.0,0.0,0.0,0.0,0.0,0.0,0.0,0,52,0,0,52
1280207,0.6666666666666666,0.0,0.0,0.0,0.0,0.0,0.2,0.2,0.125,0.0,0.07526881720430108,0.08333333333333333,0.0,0.0,0.0,0.0,0.0,0.05,0.07793364506791362,0.0,0.0,0.0,0.0,0,0,3,0,3
1205728,0.5833333333333333,0.0,0.0,0.0,0.0,0.0,0.8,0.8,0.20833333333333331,0.0,0.25806451612903225,0.08333333333333333,0.0,0.2857142857142857,0.0,0.0,0.0,0.05,0.06680026720106881,0.0,0.0,0.0,0.0,0,0,57,0,57
