match_id,batting_position,runs,balls,fours,sixes,strike_rate,overs,total_balls,dots,maidens,conceded,fours_conceded,sixes_conceded,wickets,LBW,Bowled,noballs,wides,economy_rate,catches,stumping,direct_hit,indirect_hit,strike_rate_fp,batting_fp,bowling_fp,fielding_fp,total_fp
1444654,0.25,0.18285714285714286,0.3974358974358974,0.13636363636363635,0.0,0.1290375,0.6000000000000001,0.6,0.3333333333333333,0.0,0.20430107526881722,0.25,0.0,0.14285714285714285,0.0,0.0,0.0,0.0,0.0704742818971276,0.0,0.0,0.0,0.0,0,48,35,0,83
1444653,0.25,0.0,0.0,0.0,0.0,0.0,0.4,0.4,0.25,0.0,0.07526881720430108,0.0,0.0,0.14285714285714285,0.3333333333333333,0.0,0.0,0.0,0.03896682253395681,0.3333333333333333,0.0,0.0,0.0,0,0,45,16,61
1444652,0.25,0.07428571428571429,0.24358974358974358,0.0,0.0,0.085525,0.0,0.0,0.0,0.0,0.0,0.0,0.0,0.0,0.0,0.0,0.0,0.0,0.0,0.16666666666666666,0.0,0.0,0.0,-2,11,0,8,19
1426554,0.3333333333333333,0.005714285714285714,0.11538461538461538,0.0,0.0,0.013887499999999999,0.0,0.0,0.0,0.0,0.0,0.0,0.0,0.0,0.0,0.0,0.0,0.0,0.0,0.0,0.0,0.0,0.0,0,1,0,0,1
1426553,0.3333333333333333,0.0,0.01282051282051282,0.0,0.0,0.0,0.0,0.0,0.0,0.0,0.0,0.0,0.0,0.0,0.0,0.0,0.0,0.0,0.0,0.16666666666666666,0.0,0.0,0.0,0,-2,0,8,6
1426552,0.3333333333333333,0.022857142857142857,0.02564102564102564,0.045454545454545456,0.0,0.25,0.0,0.0,0.0,0.0,0.0,0.0,0.0,0.0,0.0,0.0,0.0,0.0,0.0,0.0,0.0,0.0,0.0,0,8,0,0,8
