match_id,batting_position,runs,balls,fours,sixes,strike_rate,overs,total_balls,dots,maidens,conceded,fours_conceded,sixes_conceded,wickets,LBW,Bowled,noballs,wides,economy_rate,catches,stumping,direct_hit,indirect_hit,strike_rate_fp,batting_fp,bowling_fp,fielding_fp,total_fp
1205858,0.6666666666666666,0.011428571428571429,0.038461538461538464,0.0,0.0,0.08333750000000001,0.8,0.8,0.375,0.0,0.23655913978494625,0.0,0.125,0.14285714285714285,0.0,0.0,0.0,0.0,0.061233578267646416,0.0,0.0,0.0,0.0,0,2,38,0,40
1205851,0.8333333333333333,0.0,0.0,0.0,0.0,0.0,0.8,0.8,0.29166666666666663,0.0,0.3655913978494624,0.16666666666666666,0.25,0.2857142857142857,0.0,0.14285714285714285,0.0,0.0,0.09463371186818081,0.0,0.0,0.0,0.0,0,0,65,0,65
1205846,0.8333333333333333,0.0,0.0,0.0,0.0,0.0,0.8,0.8,0.375,0.0,0.3010752688172043,0.3333333333333333,0.0,0.42857142857142855,0.0,0.0,0.0,0.0,0.07793364506791362,0.0,0.0,0.0,0.0,0,0,90,0,90
955063,0.7499999999999999,0.0,0.0,0.0,0.0,0.0,0.4334,0.43333333333333335,0.08333333333333333,0.0,0.3118279569892473,0.08333333333333333,0.375,0.0,0.0,0.0,0.0,0.0,0.14896459585838345,0.0,0.0,0.0,0.0,0,0,-4,0,-4
902235,0.6666666666666666,0.0,0.0,0.0,0.0,0.0,0.6000000000000001,0.6,0.29166666666666663,0.0,0.37634408602150543,0.0,0.5,0.0,0.0,0.0,0.0,0.15000000000000002,0.12992651970607885,0.0,0.0,0.0,0.0,0,0,3,0,3
902215,0.7499999999999999,0.0,0.0,0.0,0.0,0.0,0.8,0.8,0.5,0.0,0.24731182795698928,0.25,0.0,0.2857142857142857,0.0,0.14285714285714285,0.0,0.0,0.06401692273435762,0.0,0.0,0.0,0.0,0,0,74,0,74
902189,0.6666666666666666,0.0,0.0,0.0,0.0,0.0,0.8,0.8,0.5833333333333333,0.25,0.17204301075268819,0.16666666666666666,0.0,0.2857142857142857,0.0,0.0,0.0,0.0,0.04453351146737921,0.0,0.0,0.0,0.0,0,0,82,0,82
