match_id,batting_position,runs,balls,fours,sixes,strike_rate,overs,total_balls,dots,maidens,conceded,fours_conceded,sixes_conceded,wickets,LBW,Bowled,noballs,wides,economy_rate,catches,stumping,direct_hit,indirect_hit,strike_rate_fp,batting_fp,bowling_fp,fielding_fp,total_fp
238195,0.7499999999999999,0.0,0.0,0.0,0.0,0.0,0.8,0.8,0.29166666666666663,0.0,0.33333333333333337,0.16666666666666666,0.125,0.2857142857142857,0.3333333333333333,0.14285714285714285,0.0,0.0,0.08628367846804721,0.0,0.0,0.0,0.0,0,0,73,0,73
226374,0.8333333333333333,0.0,0.0,0.0,0.0,0.0,0.7000000000000001,0.7,0.4583333333333333,0.0,0.19354838709677422,0.16666666666666666,0.0,0.2857142857142857,0.0,0.14285714285714285,0.0,0.0,0.057225562235582283,0.16666666666666666,0.0,0.0,0.0,0,0,73,8,81
