match_id,batting_position,runs,balls,fours,sixes,strike_rate,overs,total_balls,dots,maidens,conceded,fours_conceded,sixes_conceded,wickets,LBW,Bowled,noballs,wides,economy_rate,catches,stumping,direct_hit,indirect_hit,strike_rate_fp,batting_fp,bowling_fp,fielding_fp,total_fp
1250355,0.7499999999999999,0.0,0.0,0.0,0.0,0.0,0.8,0.8,0.41666666666666663,0.0,0.24731182795698928,0.16666666666666666,0.0,0.14285714285714285,0.0,0.14285714285714285,0.0,0.1,0.06401692273435762,0.0,0.0,0.0,0.0,0,0,47,0,47
1250349,0.7499999999999999,0.0,0.02564102564102564,0.0,0.0,0.0,0.8,0.8,0.3333333333333333,0.0,0.25806451612903225,0.0,0.125,0.42857142857142855,0.0,0.2857142857142857,0.0,0.05,0.06680026720106881,0.0,0.0,0.0,0.0,0,0,105,0,105
