match_id,batting_position,runs,balls,fours,sixes,strike_rate,overs,total_balls,dots,maidens,conceded,fours_conceded,sixes_conceded,wickets,LBW,Bowled,noballs,wides,economy_rate,catches,stumping,direct_hit,indirect_hit,strike_rate_fp,batting_fp,bowling_fp,fielding_fp,total_fp
1383563,0.6666666666666666,0.0,0.0,0.0,0.0,0.0,0.4,0.4,0.16666666666666666,0.0,0.21505376344086025,0.16666666666666666,0.125,0.0,0.0,0.0,0.0,0.05,0.11133377866844803,0.0,0.0,0.0,0.0,0,0,2,0,2
1207082,0.25,0.017142857142857144,0.05128205128205128,0.0,0.0,0.09375,0.0,0.0,0.0,0.0,0.0,0.0,0.0,0.0,0.0,0.0,0.0,0.0,0.0,0.0,0.0,0.0,0.0,0,3,0,0,3
1130676,0.6666666666666666,0.011428571428571429,0.038461538461538464,0.0,0.0,0.08333750000000001,0.8,0.8,0.25,0.0,0.41935483870967744,0.41666666666666663,0.125,0.0,0.0,0.0,0.0,0.0,0.10855043420173682,0.16666666666666666,0.0,0.0,0.0,0,2,6,8,16
1130670,0.5833333333333333,0.017142857142857144,0.038461538461538464,0.0,0.0,0.125,0.8,0.8,0.08333333333333333,0.0,0.38709677419354843,0.16666666666666666,0.125,0.0,0.0,0.0,0.0,0.1,0.10020040080160322,0.0,0.0,0.0,0.0,0,3,2,0,5
