match_id,batting_position,runs,balls,fours,sixes,strike_rate,overs,total_balls,dots,maidens,conceded,fours_conceded,sixes_conceded,wickets,LBW,Bowled,noballs,wides,economy_rate,catches,stumping,direct_hit,indirect_hit,strike_rate_fp,batting_fp,bowling_fp,fielding_fp,total_fp
1439836,0.8333333333333333,0.005714285714285714,0.01282051282051282,0.0,0.0,0.125,0.23340000000000002,0.23333333333333334,0.0,0.0,0.1827956989247312,0.25,0.0,0.0,0.0,0.0,0.0,0.0,0.16221331551992876,0.0,0.0,0.0,0.0,0,1,0,0,1
1439830,0.8333333333333333,0.0,0.0,0.0,0.0,0.0,0.6000000000000001,0.6,0.375,0.0,0.1827956989247312,0.08333333333333333,0.125,0.5714285714285714,0.0,0.0,0.0,0.0,0.06312625250501003,0.16666666666666666,0.0,0.0,0.0,0,0,121,8,129
1439822,0.8333333333333333,0.0,0.01282051282051282,0.0,0.0,0.0,0.6000000000000001,0.6,0.25,0.0,0.21505376344086025,0.08333333333333333,0.125,0.14285714285714285,0.0,0.0,0.0,0.0,0.07425963037185483,0.0,0.0,0.0,0.0,0,0,33,0,33
1439817,0.7499999999999999,0.0,0.0,0.0,0.0,0.0,0.5666000000000001,0.5666666666666667,0.5416666666666666,0.0,0.05376344086021506,0.0,0.0,0.42857142857142855,0.3333333333333333,0.0,0.0,0.0,0.01959474504564685,0.16666666666666666,0.0,0.0,0.0,0,0,106,8,114
1439816,0.7499999999999999,0.0,0.0,0.0,0.0,0.0,0.8,0.8,0.41666666666666663,0.0,0.2795698924731183,0.0,0.25,0.42857142857142855,0.0,0.14285714285714285,0.0,0.0,0.07236695613449122,0.0,0.0,0.0,0.0,0,0,99,0,99
1438262,0.8333333333333333,0.0,0.0,0.0,0.0,0.0,0.8,0.8,0.41666666666666663,0.0,0.1827956989247312,0.0,0.0,0.42857142857142855,0.0,0.0,0.0,0.15000000000000002,0.04731685593409041,0.16666666666666666,0.0,0.0,0.0,0,0,95,8,103
1438259,0.7499999999999999,0.0,0.0,0.0,0.0,0.0,0.8,0.8,0.25,0.0,0.2688172043010753,0.0,0.125,0.42857142857142855,0.0,0.14285714285714285,0.0,0.0,0.06958361166778002,0.16666666666666666,0.0,0.0,0.0,0,0,95,8,103
1438257,0.5833333333333333,0.0,0.0,0.0,0.0,0.0,0.6000000000000001,0.6,0.29166666666666663,0.0,0.15053763440860216,0.08333333333333333,0.0,0.14285714285714285,0.0,0.14285714285714285,0.0,0.0,0.051992874638165223,0.0,0.0,0.0,0.0,0,0,46,0,46
