match_id,batting_position,runs,balls,fours,sixes,strike_rate,overs,total_balls,dots,maidens,conceded,fours_conceded,sixes_conceded,wickets,LBW,Bowled,noballs,wides,economy_rate,catches,stumping,direct_hit,indirect_hit,strike_rate_fp,batting_fp,bowling_fp,fielding_fp,total_fp
1347687,0.8333333333333333,0.011428571428571429,0.02564102564102564,0.0,0.0,0.125,0.6000000000000001,0.6,0.29166666666666663,0.0,0.3118279569892473,0.08333333333333333,0.25,0.42857142857142855,0.3333333333333333,0.0,0.2,0.1,0.10765976397238924,0.16666666666666666,0.0,0.0,0.0,0,2,94,8,104
1347681,0.8333333333333333,0.0,0.0,0.0,0.0,0.0,0.8,0.8,0.375,0.0,0.38709677419354843,0.16666666666666666,0.25,0.14285714285714285,0.0,0.0,0.2,0.1,0.10020040080160322,0.0,0.0,0.0,0.0,0,0,34,0,34
1250278,0.7499999999999999,0.017142857142857144,0.038461538461538464,0.0,0.0,0.125,0.4,0.4,0.08333333333333333,0.0,0.10752688172043012,0.0,0.0,0.0,0.0,0.0,0.0,0.0,0.055666889334224014,0.0,0.0,0.0,0.0,0,3,6,0,9
1250272,0.7499999999999999,0.0,0.0,0.0,0.0,0.0,0.0,0.0,0.0,0.0,0.0,0.0,0.0,0.0,0.0,0.0,0.0,0.0,0.0,0.0,0.0,0.0,0.0,0,0,0,0,0
1250262,0.8333333333333333,0.0,0.0,0.0,0.0,0.0,0.4,0.4,0.041666666666666664,0.0,0.25806451612903225,0.16666666666666666,0.125,0.0,0.0,0.0,0.0,0.05,0.13360053440213762,0.0,0.0,0.0,0.0,0,0,-3,0,-3
1250245,0.8333333333333333,0.0,0.0,0.0,0.0,0.0,0.4,0.4,0.08333333333333333,0.0,0.2688172043010753,0.16666666666666666,0.125,0.0,0.0,0.0,0.0,0.15000000000000002,0.13916722333556003,0.16666666666666666,0.0,0.0,0.0,0,0,-4,8,4
1250242,0.8333333333333333,0.0,0.0,0.0,0.0,0.0,0.5666000000000001,0.5666666666666667,0.20833333333333331,0.0,0.4623655913978495,0.41666666666666663,0.25,0.0,0.0,0.0,0.0,0.05,0.1690046760187041,0.0,0.0,0.0,0.0,0,0,-1,0,-1
