match_id,batting_position,runs,balls,fours,sixes,strike_rate,overs,total_balls,dots,maidens,conceded,fours_conceded,sixes_conceded,wickets,LBW,Bowled,noballs,wides,economy_rate,catches,stumping,direct_hit,indirect_hit,strike_rate_fp,batting_fp,bowling_fp,fielding_fp,total_fp
1328478,0.08333333333333333,0.1657142857142857,0.2692307692307692,0.18181818181818182,0.05555555555555555,0.172625,0.0,0.0,0.0,0.0,0.0,0.0,0.0,0.0,0.0,0.0,0.0,0.0,0.0,0.16666666666666666,0.0,0.0,0.0,2,57,0,8,65
1328477,0.08333333333333333,0.03428571428571429,0.14102564102564102,0.045454545454545456,0.0,0.0681875,0.0,0.0,0.0,0.0,0.0,0.0,0.0,0.0,0.0,0.0,0.0,0.0,0.0,0.16666666666666666,0.5,0.0,0.0,-4,6,0,32,38
1328476,0.08333333333333333,0.2,0.3974358974358974,0.09090909090909091,0.16666666666666666,0.141125,0.0,0.0,0.0,0.0,0.0,0.0,0.0,0.0,0.0,0.0,0.0,0.0,0.0,0.0,0.0,0.0,0.0,0,65,0,0,65
