match_id,batting_position,runs,balls,fours,sixes,strike_rate,overs,total_balls,dots,maidens,conceded,fours_conceded,sixes_conceded,wickets,LBW,Bowled,noballs,wides,economy_rate,catches,stumping,direct_hit,indirect_hit,strike_rate_fp,batting_fp,bowling_fp,fielding_fp,total_fp
1339210,0.6666666666666666,0.0,0.0,0.0,0.0,0.0,0.2,0.2,0.041666666666666664,0.0,0.15053763440860216,0.0,0.125,0.0,0.0,0.0,0.0,0.15000000000000002,0.15586729013582723,0.0,0.0,0.0,0.0,0,0,1,0,1
1339207,0.7499999999999999,0.0,0.0,0.0,0.0,0.0,0.6000000000000001,0.6,0.16666666666666666,0.0,0.20430107526881722,0.0,0.125,0.0,0.0,0.0,0.0,0.0,0.0704742818971276,0.0,0.0,0.0,0.0,0,0,6,0,6
1339206,0.6666666666666666,0.0,0.0,0.0,0.0,0.0,0.46660000000000007,0.4666666666666667,0.125,0.0,0.1827956989247312,0.16666666666666666,0.0,0.14285714285714285,0.0,0.0,0.0,0.0,0.08116232464929861,0.0,0.0,0.0,0.0,0,0,28,0,28
