match_id,batting_position,runs,balls,fours,sixes,strike_rate,overs,total_balls,dots,maidens,conceded,fours_conceded,sixes_conceded,wickets,LBW,Bowled,noballs,wides,economy_rate,catches,stumping,direct_hit,indirect_hit,strike_rate_fp,batting_fp,bowling_fp,fielding_fp,total_fp
1438262,0.7499999999999999,0.09714285714285714,0.24358974358974358,0.09090909090909091,0.0,0.1118375,0.4,0.4,0.20833333333333331,0.0,0.15053763440860216,0.16666666666666666,0.0,0.0,0.0,0.0,0.0,0.0,0.07793364506791362,0.0,0.0,0.0,0.0,0,25,7,0,32
1273146,0.7499999999999999,0.0,0.0,0.0,0.0,0.0,0.6000000000000001,0.6,0.08333333333333333,0.0,0.33333333333333337,0.08333333333333333,0.125,0.14285714285714285,0.0,0.0,0.0,0.15000000000000002,0.11500779336450681,0.0,0.0,0.0,0.0,0,0,25,0,25
1273147,0.6666666666666666,0.0,0.0,0.0,0.0,0.0,0.4,0.4,0.125,0.0,0.19354838709677422,0.08333333333333333,0.125,0.14285714285714285,0.0,0.0,0.0,0.05,0.10020040080160322,0.0,0.0,0.0,0.0,0,0,28,0,28
1156663,0.7499999999999999,0.005714285714285714,0.02564102564102564,0.0,0.0,0.0625,0.8,0.8,0.4583333333333333,0.0,0.20430107526881722,0.08333333333333333,0.0,0.42857142857142855,0.0,0.14285714285714285,0.0,0.1,0.05288354486751281,0.16666666666666666,0.0,0.0,0.0,0,1,104,8,113
1156660,0.8333333333333333,0.0,0.0,0.0,0.0,0.0,0.8,0.8,0.375,0.0,0.16129032258064518,0.0,0.0,0.14285714285714285,0.0,0.0,0.0,0.0,0.04175016700066801,0.16666666666666666,0.0,0.0,0.0,0,0,40,8,48
1156656,0.7499999999999999,0.017142857142857144,0.07692307692307693,0.0,0.0,0.0625,0.6000000000000001,0.6,0.16666666666666666,0.0,0.21505376344086025,0.0,0.0,0.0,0.0,0.0,0.0,0.1,0.07425963037185483,0.0,0.0,0.0,0.0,0,3,6,0,9
1156653,0.8333333333333333,0.0,0.0,0.0,0.0,0.0,0.6000000000000001,0.6,0.041666666666666664,0.0,0.23655913978494625,0.0,0.0,0.0,0.0,0.0,0.0,0.05,0.0816076597639724,0.0,0.0,0.0,0.0,0,0,1,0,1
