match_id,batting_position,runs,balls,fours,sixes,strike_rate,overs,total_balls,dots,maidens,conceded,fours_conceded,sixes_conceded,wickets,LBW,Bowled,noballs,wides,economy_rate,catches,stumping,direct_hit,indirect_hit,strike_rate_fp,batting_fp,bowling_fp,fielding_fp,total_fp
1444962,0.7499999999999999,0.017142857142857144,0.07692307692307693,0.0,0.0,0.0625,0.8,0.8,0.5,0.0,0.24731182795698928,0.25,0.0,0.2857142857142857,0.0,0.14285714285714285,0.1,0.05,0.06401692273435762,0.0,0.0,0.0,0.0,0,3,74,0,77
1444961,0.6666666666666666,0.0,0.0,0.0,0.0,0.0,0.8,0.8,0.375,0.0,0.40860215053763443,0.5,0.125,0.0,0.0,0.0,0.0,0.0,0.10576708973502562,0.0,0.0,0.0,0.0,0,0,9,0,9
1444959,0.7499999999999999,0.0,0.0,0.0,0.0,0.0,0.8,0.8,0.41666666666666663,0.0,0.37634408602150543,0.25,0.125,0.14285714285714285,0.0,0.0,0.1,0.05,0.09741705633489202,0.0,0.0,0.0,0.0,0,0,35,0,35
1444957,0.7499999999999999,0.06285714285714286,0.2948717948717949,0.0,0.0,0.0597875,0.4,0.4,0.20833333333333331,0.0,0.2795698924731183,0.25,0.125,0.0,0.0,0.0,0.1,0.15000000000000002,0.14473391226898244,0.16666666666666666,0.0,0.0,0.3333333333333333,-6,5,-1,14,18
1444954,0.5833333333333333,0.0,0.0,0.0,0.0,0.0,0.2,0.2,0.25,0.0,0.043010752688172046,0.0,0.0,0.0,0.0,0.0,0.0,0.2,0.04453351146737921,0.0,0.0,0.0,0.0,0,0,6,0,6
1444952,0.5833333333333333,0.0,0.0,0.0,0.0,0.0,0.2,0.2,0.125,0.0,0.08602150537634409,0.0,0.125,0.0,0.0,0.0,0.0,0.0,0.08906702293475842,0.16666666666666666,0.0,0.0,0.0,0,0,3,8,11
