match_id,batting_position,runs,balls,fours,sixes,strike_rate,overs,total_balls,dots,maidens,conceded,fours_conceded,sixes_conceded,wickets,LBW,Bowled,noballs,wides,economy_rate,catches,stumping,direct_hit,indirect_hit,strike_rate_fp,batting_fp,bowling_fp,fielding_fp,total_fp
1321274,0.5833333333333333,0.005714285714285714,0.07692307692307693,0.0,0.0,0.020837500000000002,0.0,0.0,0.0,0.0,0.0,0.0,0.0,0.0,0.0,0.0,0.0,0.0,0.0,0.0,0.0,0.0,0.0,0,1,0,0,1
1321258,0.8333333333333333,0.0,0.038461538461538464,0.0,0.0,0.0,0.1,0.1,0.0,0.0,0.15053763440860216,0.16666666666666666,0.125,0.0,0.0,0.0,0.0,0.0,0.31173458027165446,0.0,0.0,0.0,0.0,0,0,0,0,0
