match_id,batting_position,runs,balls,fours,sixes,strike_rate,overs,total_balls,dots,maidens,conceded,fours_conceded,sixes_conceded,wickets,LBW,Bowled,noballs,wides,economy_rate,catches,stumping,direct_hit,indirect_hit,strike_rate_fp,batting_fp,bowling_fp,fielding_fp,total_fp
1152520,0.8333333333333333,0.0,0.01282051282051282,0.0,0.0,0.0,0.2,0.2,0.0,0.0,0.24731182795698928,0.25,0.125,0.0,0.0,0.0,0.0,0.1,0.2560676909374305,0.0,0.0,0.0,0.0,0,0,0,0,0
897757,0.8333333333333333,0.0,0.0,0.0,0.0,0.0,0.4,0.4,0.08333333333333333,0.0,0.40860215053763443,0.16666666666666666,0.5,0.0,0.0,0.0,0.0,0.05,0.21153417947005124,0.0,0.0,0.0,0.0,0,0,-4,0,-4
897749,0.8333333333333333,0.0,0.0,0.0,0.0,0.0,0.8,0.8,0.5,0.0,0.25806451612903225,0.08333333333333333,0.125,0.2857142857142857,0.0,0.0,0.0,0.1,0.06680026720106881,0.16666666666666666,0.0,0.0,0.0,0,0,64,8,72
