match_id,batting_position,runs,balls,fours,sixes,strike_rate,overs,total_balls,dots,maidens,conceded,fours_conceded,sixes_conceded,wickets,LBW,Bowled,noballs,wides,economy_rate,catches,stumping,direct_hit,indirect_hit,strike_rate_fp,batting_fp,bowling_fp,fielding_fp,total_fp
1267310,0.25,0.0,0.0,0.0,0.0,0.0,0.8,0.8,0.4583333333333333,0.0,0.3548387096774194,0.25,0.125,0.14285714285714285,0.0,0.14285714285714285,0.0,0.2,0.09185036740146962,0.16666666666666666,0.0,0.0,0.0,0,0,44,8,52
1267308,0.4166666666666667,0.0,0.05128205128205128,0.0,0.0,0.0,0.8,0.8,0.5833333333333333,0.0,0.17204301075268819,0.16666666666666666,0.0,0.14285714285714285,0.0,0.0,0.0,0.0,0.04453351146737921,0.0,0.0,0.0,0.0,0,-2,45,0,43
