match_id,batting_position,runs,balls,fours,sixes,strike_rate,overs,total_balls,dots,maidens,conceded,fours_conceded,sixes_conceded,wickets,LBW,Bowled,noballs,wides,economy_rate,catches,stumping,direct_hit,indirect_hit,strike_rate_fp,batting_fp,bowling_fp,fielding_fp,total_fp
1282749,0.6666666666666666,0.0,0.0,0.0,0.0,0.0,0.0,0.0,0.0,0.0,0.0,0.0,0.0,0.0,0.0,0.0,0.0,0.0,0.0,0.0,0.0,0.0,0.0,0,0,0,0,0
1282747,0.8333333333333333,0.005714285714285714,0.02564102564102564,0.0,0.0,0.0625,0.4,0.4,0.20833333333333331,0.0,0.13978494623655915,0.16666666666666666,0.0,0.14285714285714285,0.0,0.0,0.0,0.0,0.07236695613449122,0.0,0.0,0.0,0.0,0,1,32,0,33
1282744,0.7499999999999999,0.005714285714285714,0.01282051282051282,0.0,0.0,0.125,0.0,0.0,0.0,0.0,0.0,0.0,0.0,0.0,0.0,0.0,0.0,0.0,0.0,0.0,0.0,0.0,0.0,0,1,0,0,1
