match_id,batting_position,runs,balls,fours,sixes,strike_rate,overs,total_balls,dots,maidens,conceded,fours_conceded,sixes_conceded,wickets,LBW,Bowled,noballs,wides,economy_rate,catches,stumping,direct_hit,indirect_hit,strike_rate_fp,batting_fp,bowling_fp,fielding_fp,total_fp
1205767,0.6666666666666666,0.0,0.0,0.0,0.0,0.0,0.2,0.2,0.041666666666666664,0.0,0.10752688172043012,0.08333333333333333,0.0,0.0,0.0,0.0,0.0,0.0,0.11133377866844803,0.0,0.0,0.0,0.0,0,0,1,0,1
1157205,0.8333333333333333,0.0,0.0,0.0,0.0,0.0,0.4,0.4,0.25,0.0,0.20430107526881722,0.3333333333333333,0.0,0.14285714285714285,0.0,0.14285714285714285,0.0,0.0,0.10576708973502562,0.0,0.0,0.0,0.0,0,0,39,0,39
