match_id,batting_position,runs,balls,fours,sixes,strike_rate,overs,total_balls,dots,maidens,conceded,fours_conceded,sixes_conceded,wickets,LBW,Bowled,noballs,wides,economy_rate,catches,stumping,direct_hit,indirect_hit,strike_rate_fp,batting_fp,bowling_fp,fielding_fp,total_fp
1399149,0.25,0.011428571428571429,0.02564102564102564,0.0,0.0,0.125,0.2,0.2,0.0,0.0,0.23655913978494625,0.16666666666666666,0.125,0.0,0.0,0.0,0.0,0.05,0.24493431307058566,0.0,0.0,0.0,0.0,0,2,0,0,2
1399145,0.5833333333333333,0.0,0.0,0.0,0.0,0.0,0.4,0.4,0.29166666666666663,0.0,0.17204301075268819,0.25,0.0,0.14285714285714285,0.0,0.0,0.0,0.1,0.08906702293475842,0.3333333333333333,0.0,0.0,0.0,0,0,32,16,48
1399143,0.3333333333333333,0.06857142857142857,0.15384615384615385,0.0,0.05555555555555555,0.125,0.8,0.8,0.5,0.0,0.32258064516129037,0.25,0.125,0.0,0.0,0.0,0.0,0.1,0.08350033400133602,0.16666666666666666,0.0,0.0,0.0,0,18,12,8,38
