match_id,batting_position,runs,balls,fours,sixes,strike_rate,overs,total_balls,dots,maidens,conceded,fours_conceded,sixes_conceded,wickets,LBW,Bowled,noballs,wides,economy_rate,catches,stumping,direct_hit,indirect_hit,strike_rate_fp,batting_fp,bowling_fp,fielding_fp,total_fp
1235376,0.5833333333333333,0.0,0.0,0.0,0.0,0.0,0.2,0.2,0.08333333333333333,0.0,0.12903225806451613,0.16666666666666666,0.0,0.14285714285714285,0.3333333333333333,0.0,0.0,0.1,0.13360053440213762,0.5,0.0,0.0,0.0,0,0,35,28,63
1235374,0.5833333333333333,0.0,0.0,0.0,0.0,0.0,0.4,0.4,0.08333333333333333,0.0,0.17204301075268819,0.08333333333333333,0.0,0.0,0.0,0.0,0.0,0.15000000000000002,0.08906702293475842,0.0,0.0,0.0,0.0,0,0,2,0,2
1235380,0.5833333333333333,0.011428571428571429,0.02564102564102564,0.0,0.0,0.125,0.6000000000000001,0.6,0.29166666666666663,0.0,0.38709677419354843,0.25,0.25,0.14285714285714285,0.0,0.14285714285714285,0.1,0.15000000000000002,0.13360053440213762,0.0,0.0,0.0,0.0,0,2,36,0,38
1235379,0.5833333333333333,0.02857142857142857,0.07692307692307693,0.0,0.0,0.1041625,0.8,0.8,0.375,0.0,0.2795698924731183,0.25,0.0,0.0,0.0,0.0,0.0,0.05,0.07236695613449122,0.16666666666666666,0.0,0.0,0.3333333333333333,0,5,11,14,30
575177,0.5833333333333333,0.02857142857142857,0.038461538461538464,0.045454545454545456,0.0,0.20833749999999998,0.8,0.8,0.41666666666666663,0.0,0.3548387096774194,0.16666666666666666,0.25,0.5714285714285714,0.0,0.14285714285714285,0.0,0.1,0.09185036740146962,0.0,0.0,0.0,0.0,0,9,126,0,135
575172,0.5833333333333333,0.0,0.0,0.0,0.0,0.0,0.8,0.8,0.125,0.0,0.4408602150537635,0.25,0.125,0.2857142857142857,0.0,0.0,0.0,0.0,0.11411712313515922,0.16666666666666666,0.0,0.0,0.0,0,0,51,8,59
