match_id,batting_position,runs,balls,fours,sixes,strike_rate,overs,total_balls,dots,maidens,conceded,fours_conceded,sixes_conceded,wickets,LBW,Bowled,noballs,wides,economy_rate,catches,stumping,direct_hit,indirect_hit,strike_rate_fp,batting_fp,bowling_fp,fielding_fp,total_fp
811137,0.7499999999999999,0.0,0.038461538461538464,0.0,0.0,0.0,0.6000000000000001,0.6,0.3333333333333333,0.0,0.22580645161290325,0.25,0.0,0.14285714285714285,0.0,0.0,0.0,0.0,0.07793364506791362,0.0,0.0,0.0,0.0,0,-2,35,0,33
811123,0.8333333333333333,0.005714285714285714,0.01282051282051282,0.0,0.0,0.125,0.2,0.2,0.041666666666666664,0.0,0.21505376344086025,0.08333333333333333,0.25,0.0,0.0,0.0,0.0,0.0,0.22266755733689605,0.0,0.0,0.0,0.0,0,1,1,0,2
