match_id,batting_position,runs,balls,fours,sixes,strike_rate,overs,total_balls,dots,maidens,conceded,fours_conceded,sixes_conceded,wickets,LBW,Bowled,noballs,wides,economy_rate,catches,stumping,direct_hit,indirect_hit,strike_rate_fp,batting_fp,bowling_fp,fielding_fp,total_fp
1185848,0.6666666666666666,0.0,0.0,0.0,0.0,0.0,0.8,0.8,0.4583333333333333,0.0,0.40860215053763443,0.41666666666666663,0.125,0.0,0.0,0.0,0.0,0.15000000000000002,0.10576708973502562,0.0,0.0,0.0,0.0,0,0,11,0,11
1185843,0.7499999999999999,0.0,0.0,0.0,0.0,0.0,0.6000000000000001,0.6,0.08333333333333333,0.0,0.34408602150537637,0.16666666666666666,0.25,0.0,0.0,0.0,0.0,0.0,0.11879314183923403,0.0,0.0,0.0,0.0,0,0,0,0,0
1185839,0.7499999999999999,0.0,0.0,0.0,0.0,0.0,0.6000000000000001,0.6,0.29166666666666663,0.0,0.40860215053763443,0.41666666666666663,0.25,0.14285714285714285,0.0,0.14285714285714285,0.0,0.0,0.14105989757292364,0.0,0.0,0.0,0.0,0,0,34,0,34
1148670,0.7499999999999999,0.0,0.0,0.0,0.0,0.0,0.8,0.8,0.625,0.0,0.22580645161290325,0.25,0.0,0.2857142857142857,0.0,0.0,0.1,0.0,0.05845023380093521,0.3333333333333333,0.0,0.0,0.0,0,0,69,16,85
