match_id,batting_position,runs,balls,fours,sixes,strike_rate,overs,total_balls,dots,maidens,conceded,fours_conceded,sixes_conceded,wickets,LBW,Bowled,noballs,wides,economy_rate,catches,stumping,direct_hit,indirect_hit,strike_rate_fp,batting_fp,bowling_fp,fielding_fp,total_fp
1452624,0.6666666666666666,0.0,0.05128205128205128,0.0,0.0,0.0,0.0,0.0,0.0,0.0,0.0,0.0,0.0,0.0,0.0,0.0,0.0,0.0,0.0,0.0,0.0,0.0,0.0,0,-2,0,0,-2
1452625,0.49999999999999994,0.005714285714285714,0.0641025641025641,0.0,0.0,0.025,0.6000000000000001,0.6,0.20833333333333331,0.0,0.25806451612903225,0.25,0.0,0.0,0.0,0.0,0.0,0.05,0.08906702293475842,0.0,0.0,0.0,0.0,0,1,5,0,6
1381457,0.6666666666666666,0.0,0.0,0.0,0.0,0.0,0.8,0.8,0.625,0.0,0.22580645161290325,0.16666666666666666,0.0,0.14285714285714285,0.0,0.0,0.0,0.35000000000000003,0.05845023380093521,0.0,0.0,0.0,0.3333333333333333,0,0,44,6,50
1381453,0.6666666666666666,0.005714285714285714,0.038461538461538464,0.0,0.0,0.0416625,0.4,0.4,0.16666666666666666,0.0,0.22580645161290325,0.08333333333333333,0.25,0.0,0.0,0.0,0.0,0.0,0.11690046760187042,0.0,0.0,0.0,0.0,0,1,2,0,3
1381455,0.6666666666666666,0.0,0.0,0.0,0.0,0.0,0.2,0.2,0.0,0.0,0.16129032258064518,0.25,0.0,0.0,0.0,0.0,0.0,0.0,0.16700066800267205,0.0,0.0,0.0,0.0,0,0,0,0,0
