match_id,batting_position,runs,balls,fours,sixes,strike_rate,overs,total_balls,dots,maidens,conceded,fours_conceded,sixes_conceded,wickets,LBW,Bowled,noballs,wides,economy_rate,catches,stumping,direct_hit,indirect_hit,strike_rate_fp,batting_fp,bowling_fp,fielding_fp,total_fp
1410487,0.8333333333333333,0.0,0.0,0.0,0.0,0.0,0.8,0.8,0.25,0.0,0.2795698924731183,0.16666666666666666,0.0,0.2857142857142857,0.0,0.0,0.0,0.05,0.07236695613449122,0.0,0.0,0.0,0.0,0,0,58,0,58
1410480,0.8333333333333333,0.0,0.0,0.0,0.0,0.0,0.5334,0.5333333333333333,0.20833333333333331,0.0,0.2795698924731183,0.16666666666666666,0.125,0.0,0.0,0.0,0.0,0.05,0.10855043420173682,0.0,0.0,0.0,0.0,0,0,5,0,5
1410463,0.8333333333333333,0.0,0.0,0.0,0.0,0.0,0.46660000000000007,0.4666666666666667,0.29166666666666663,0.0,0.11827956989247312,0.0,0.0,0.2857142857142857,0.0,0.0,0.0,0.1,0.05243820975283902,0.0,0.0,0.0,0.0,0,0,63,0,63
1410454,0.8333333333333333,0.0,0.0,0.0,0.0,0.0,0.4,0.4,0.041666666666666664,0.0,0.37634408602150543,0.5,0.125,0.0,0.0,0.0,0.0,0.0,0.19483411266978404,0.0,0.0,0.0,0.0,0,0,-5,0,-5
