match_id,batting_position,runs,balls,fours,sixes,strike_rate,overs,total_balls,dots,maidens,conceded,fours_conceded,sixes_conceded,wickets,LBW,Bowled,noballs,wides,economy_rate,catches,stumping,direct_hit,indirect_hit,strike_rate_fp,batting_fp,bowling_fp,fielding_fp,total_fp
1470191,0.5833333333333333,0.017142857142857144,0.07692307692307693,0.0,0.0,0.0625,0.2,0.2,0.16666666666666666,0.0,0.08602150537634409,0.0,0.125,0.0,0.0,0.0,0.1,0.0,0.08906702293475842,0.16666666666666666,0.0,0.0,0.0,0,3,4,8,15
1470188,0.8333333333333333,0.0,0.0,0.0,0.0,0.0,0.4,0.4,0.16666666666666666,0.0,0.15053763440860216,0.0,0.125,0.0,0.0,0.0,0.1,0.0,0.07793364506791362,0.16666666666666666,0.0,0.0,0.0,0,0,6,8,14
1470189,0.5833333333333333,0.0,0.0,0.0,0.0,0.0,0.5334,0.5333333333333333,0.3333333333333333,0.0,0.25806451612903225,0.08333333333333333,0.125,0.14285714285714285,0.0,0.0,0.2,0.15000000000000002,0.10020040080160322,0.0,0.0,0.0,0.0,0,0,33,0,33
1470186,0.3333333333333333,0.05714285714285714,0.2564102564102564,0.0,0.0,0.0625,0.0,0.0,0.0,0.0,0.0,0.0,0.0,0.0,0.0,0.0,0.0,0.0,0.0,0.0,0.0,0.0,0.0,-4,6,0,0,6
