match_id,batting_position,runs,balls,fours,sixes,strike_rate,overs,total_balls,dots,maidens,conceded,fours_conceded,sixes_conceded,wickets,LBW,Bowled,noballs,wides,economy_rate,catches,stumping,direct_hit,indirect_hit,strike_rate_fp,batting_fp,bowling_fp,fielding_fp,total_fp
1197510,0.25,0.09714285714285714,0.1923076923076923,0.045454545454545456,0.05555555555555555,0.1416625,0.0,0.0,0.0,0.0,0.0,0.0,0.0,0.0,0.0,0.0,0.0,0.0,0.0,0.0,0.0,0.0,0.0,0,27,0,0,27
1163067,0.0,0.2057142857142857,0.34615384615384615,0.09090909090909091,0.1111111111111111,0.16666250000000002,0.0,0.0,0.0,0.0,0.0,0.0,0.0,0.0,0.0,0.0,0.0,0.0,0.0,0.16666666666666666,0.0,0.0,0.0,2,62,0,8,70
1163066,0.0,0.005714285714285714,0.038461538461538464,0.0,0.0,0.0416625,0.0,0.0,0.0,0.0,0.0,0.0,0.0,0.0,0.0,0.0,0.0,0.0,0.0,0.0,0.0,0.0,0.0,0,1,0,0,1
1163060,0.0,0.48,0.6153846153846154,0.3181818181818182,0.16666666666666666,0.21875,0.0,0.0,0.0,0.0,0.0,0.0,0.0,0.0,0.0,0.0,0.0,0.0,0.0,0.0,0.0,0.0,0.0,6,148,0,0,148
1163054,0.0,0.5714285714285714,0.6282051282051282,0.6818181818181819,0.16666666666666666,0.2551,0.0,0.0,0.0,0.0,0.0,0.0,0.0,0.0,0.0,0.0,0.0,0.0,0.0,0.0,0.0,0.0,0.0,6,200,0,0,200
1163048,0.0,0.11428571428571428,0.14102564102564102,0.09090909090909091,0.05555555555555555,0.227275,0.0,0.0,0.0,0.0,0.0,0.0,0.0,0.0,0.0,0.0,0.0,0.0,0.0,0.0,0.0,0.0,0.0,6,40,0,0,40
