match_id,batting_position,runs,balls,fours,sixes,strike_rate,overs,total_balls,dots,maidens,conceded,fours_conceded,sixes_conceded,wickets,LBW,Bowled,noballs,wides,economy_rate,catches,stumping,direct_hit,indirect_hit,strike_rate_fp,batting_fp,bowling_fp,fielding_fp,total_fp
1235377,0.49999999999999994,0.05714285714285714,0.08974358974358974,0.0,0.05555555555555555,0.178575,0.0,0.0,0.0,0.0,0.0,0.0,0.0,0.0,0.0,0.0,0.0,0.0,0.0,0.16666666666666666,0.0,0.0,0.0,0,16,0,8,24
1157253,0.3333333333333333,0.21142857142857144,0.3717948717948718,0.045454545454545456,0.1111111111111111,0.1594875,0.0,0.0,0.0,0.0,0.0,0.0,0.0,0.0,0.0,0.0,0.0,0.0,0.0,0.0,0.0,0.0,0.0,0,57,0,0,57
1157250,0.16666666666666669,0.0,0.05128205128205128,0.0,0.0,0.0,0.2,0.2,0.125,0.0,0.03225806451612903,0.0,0.0,0.14285714285714285,0.0,0.0,0.0,0.0,0.033400133600534405,0.0,0.0,0.0,0.0,0,-2,28,0,26
1157245,0.3333333333333333,0.017142857142857144,0.02564102564102564,0.0,0.0,0.1875,0.6000000000000001,0.6,0.125,0.0,0.2795698924731183,0.08333333333333333,0.0,0.0,0.0,0.0,0.0,0.05,0.09652638610554444,0.0,0.0,0.0,0.3333333333333333,0,3,3,6,12
1157240,0.5833333333333333,0.0,0.0,0.0,0.0,0.0,0.8,0.8,0.20833333333333331,0.0,0.38709677419354843,0.3333333333333333,0.0,0.14285714285714285,0.0,0.0,0.0,0.05,0.10020040080160322,0.16666666666666666,0.0,0.0,0.0,0,0,30,8,38
1157238,0.4166666666666667,0.09142857142857143,0.16666666666666666,0.0,0.05555555555555555,0.15385000000000001,0.8,0.8,0.125,0.0,0.39784946236559143,0.08333333333333333,0.125,0.0,0.0,0.0,0.0,0.1,0.10298374526831443,0.0,0.0,0.0,0.0,0,22,3,0,25
1157229,0.3333333333333333,0.022857142857142857,0.038461538461538464,0.0,0.0,0.16666250000000002,0.4,0.4,0.125,0.0,0.12903225806451613,0.0,0.0,0.0,0.0,0.0,0.0,0.05,0.06680026720106881,0.0,0.0,0.0,0.3333333333333333,0,4,5,6,15
1157224,0.3333333333333333,0.24,0.23076923076923075,0.0,0.2222222222222222,0.29166250000000005,0.0,0.0,0.0,0.0,0.0,0.0,0.0,0.0,0.0,0.0,0.0,0.0,0.0,0.0,0.0,0.0,0.0,6,76,0,0,76
