match_id,batting_position,runs,balls,fours,sixes,strike_rate,overs,total_balls,dots,maidens,conceded,fours_conceded,sixes_conceded,wickets,LBW,Bowled,noballs,wides,economy_rate,catches,stumping,direct_hit,indirect_hit,strike_rate_fp,batting_fp,bowling_fp,fielding_fp,total_fp
1321284,0.16666666666666669,0.08571428571428572,0.2692307692307692,0.0,0.0,0.0892875,0.2,0.2,0.08333333333333333,0.0,0.15053763440860216,0.16666666666666666,0.0,0.0,0.0,0.0,0.0,0.15000000000000002,0.15586729013582723,0.0,0.0,0.0,0.0,0,15,2,0,17
1310182,0.6666666666666666,0.0,0.0,0.0,0.0,0.0,0.0,0.0,0.0,0.0,0.0,0.0,0.0,0.0,0.0,0.0,0.0,0.0,0.0,0.0,0.0,0.0,0.0,0,0,0,0,0
1310180,0.3333333333333333,0.005714285714285714,0.038461538461538464,0.0,0.0,0.0416625,0.0,0.0,0.0,0.0,0.0,0.0,0.0,0.0,0.0,0.0,0.0,0.0,0.0,0.16666666666666666,0.0,0.0,0.0,0,1,0,8,9
1310176,0.3333333333333333,0.08571428571428572,0.24358974358974358,0.045454545454545456,0.0,0.09868750000000001,0.0,0.0,0.0,0.0,0.0,0.0,0.0,0.0,0.0,0.0,0.0,0.0,0.0,0.0,0.0,0.0,0.0,0,19,0,0,19
1310177,0.6666666666666666,0.0,0.0,0.0,0.0,0.0,0.6000000000000001,0.6,0.16666666666666666,0.0,0.34408602150537637,0.3333333333333333,0.0,0.0,0.0,0.0,0.0,0.15000000000000002,0.11879314183923403,0.0,0.0,0.0,0.0,0,0,2,0,2
