match_id,batting_position,runs,balls,fours,sixes,strike_rate,overs,total_balls,dots,maidens,conceded,fours_conceded,sixes_conceded,wickets,LBW,Bowled,noballs,wides,economy_rate,catches,stumping,direct_hit,indirect_hit,strike_rate_fp,batting_fp,bowling_fp,fielding_fp,total_fp
1470186,0.49999999999999994,0.04,0.14102564102564102,0.0,0.0,0.07955,0.0,0.0,0.0,0.0,0.0,0.0,0.0,0.0,0.0,0.0,0.0,0.0,0.0,0.0,0.0,0.0,0.0,-2,5,0,0,5
1390169,0.6666666666666666,0.0,0.0,0.0,0.0,0.0,0.6000000000000001,0.6,0.41666666666666663,0.0,0.16129032258064518,0.16666666666666666,0.0,0.14285714285714285,0.0,0.0,0.0,0.05,0.055666889334224014,0.0,0.0,0.0,0.0,0,0,39,0,39
1390167,0.5833333333333333,0.11428571428571428,0.14102564102564102,0.0,0.1111111111111111,0.227275,0.6000000000000001,0.6,0.5416666666666666,0.0,0.11827956989247312,0.0,0.125,0.2857142857142857,0.0,0.0,0.0,0.05,0.040859496771320426,0.0,0.0,0.0,0.0,6,38,69,0,107
1380586,0.49999999999999994,0.11428571428571428,0.1282051282051282,0.09090909090909091,0.05555555555555555,0.25,0.8666,0.8666666666666667,0.5,0.0,0.40860215053763443,0.3333333333333333,0.125,0.0,0.0,0.0,0.0,0.2,0.09763972389222891,0.0,0.0,0.0,0.0,6,40,12,0,52
1380587,0.5833333333333333,0.045714285714285714,0.07692307692307693,0.045454545454545456,0.0,0.16666250000000002,0.8,0.8,0.4583333333333333,0.0,0.2688172043010753,0.16666666666666666,0.125,0.14285714285714285,0.0,0.0,0.0,0.1,0.06958361166778002,0.0,0.0,0.0,0.0,0,12,38,0,50
