match_id,batting_position,runs,balls,fours,sixes,strike_rate,overs,total_balls,dots,maidens,conceded,fours_conceded,sixes_conceded,wickets,LBW,Bowled,noballs,wides,economy_rate,catches,stumping,direct_hit,indirect_hit,strike_rate_fp,batting_fp,bowling_fp,fielding_fp,total_fp
1462908,0.8333333333333333,0.0,0.0,0.0,0.0,0.0,0.8,0.8,0.3333333333333333,0.0,0.2903225806451613,0.0,0.125,0.14285714285714285,0.0,0.0,0.0,0.05,0.07515030060120241,0.0,0.0,0.0,0.0,0,0,35,0,35
1462906,0.5833333333333333,0.0,0.0,0.0,0.0,0.0,0.0,0.0,0.0,0.0,0.0,0.0,0.0,0.0,0.0,0.0,0.0,0.0,0.0,0.0,0.0,0.0,0.0,0,0,0,0,0
1462899,0.8333333333333333,0.011428571428571429,0.02564102564102564,0.0,0.0,0.125,0.6666000000000001,0.6666666666666666,0.5,0.0,0.12903225806451613,0.0,0.0,0.42857142857142855,0.0,0.2857142857142857,0.0,0.15000000000000002,0.04008016032064129,0.16666666666666666,0.0,0.0,0.0,0,2,113,8,123
1462894,0.7499999999999999,0.0,0.0,0.0,0.0,0.0,0.7000000000000001,0.7,0.5833333333333333,0.0,0.11827956989247312,0.08333333333333333,0.0,0.2857142857142857,0.0,0.14285714285714285,0.0,0.05,0.03495880650189268,0.0,0.0,0.0,0.0,0,0,78,0,78
1462890,0.8333333333333333,0.0,0.0,0.0,0.0,0.0,0.8,0.8,0.8333333333333333,0.25,0.10752688172043012,0.0,0.0,0.2857142857142857,0.0,0.0,0.0,0.0,0.027833444667112007,0.3333333333333333,0.0,0.0,0.0,0,0,88,16,104
1462884,0.7499999999999999,0.0,0.0,0.0,0.0,0.0,0.8,0.8,0.625,0.0,0.16129032258064518,0.08333333333333333,0.0,0.2857142857142857,0.0,0.0,0.0,0.05,0.04175016700066801,0.0,0.0,0.0,0.0,0,0,71,0,71
1462882,0.8333333333333333,0.0,0.0,0.0,0.0,0.0,0.8,0.8,0.8333333333333333,0.25,0.043010752688172046,0.0,0.0,0.42857142857142855,0.0,0.0,0.0,0.0,0.011133377866844802,0.16666666666666666,0.0,0.0,0.0,0,0,117,8,125
