match_id,batting_position,runs,balls,fours,sixes,strike_rate,overs,total_balls,dots,maidens,conceded,fours_conceded,sixes_conceded,wickets,LBW,Bowled,noballs,wides,economy_rate,catches,stumping,direct_hit,indirect_hit,strike_rate_fp,batting_fp,bowling_fp,fielding_fp,total_fp
1444654,0.4166666666666667,0.11428571428571428,0.1923076923076923,0.13636363636363635,0.0,0.16666250000000002,0.0,0.0,0.0,0.0,0.0,0.0,0.0,0.0,0.0,0.0,0.0,0.0,0.0,0.0,0.0,0.0,0.0,2,34,0,0,34
1399119,0.4166666666666667,0.0,0.0,0.0,0.0,0.0,0.0,0.0,0.0,0.0,0.0,0.0,0.0,0.0,0.0,0.0,0.0,0.0,0.0,0.0,0.0,0.0,0.0,0,0,0,0,0
1399114,0.3333333333333333,0.06857142857142857,0.20512820512820512,0.09090909090909091,0.0,0.09375,0.36660000000000004,0.36666666666666664,0.3333333333333333,0.0,0.05376344086021506,0.08333333333333333,0.0,0.2857142857142857,0.0,0.14285714285714285,0.0,0.0,0.03039412157648631,0.16666666666666666,0.0,0.0,0.0,0,20,66,8,94
