match_id,batting_position,runs,balls,fours,sixes,strike_rate,overs,total_balls,dots,maidens,conceded,fours_conceded,sixes_conceded,wickets,LBW,Bowled,noballs,wides,economy_rate,catches,stumping,direct_hit,indirect_hit,strike_rate_fp,batting_fp,bowling_fp,fielding_fp,total_fp
335982,0.5833333333333333,0.05142857142857143,0.1282051282051282,0.045454545454545456,0.0,0.1125,0.8,0.8,0.25,0.0,0.4301075268817205,0.16666666666666666,0.25,0.14285714285714285,0.0,0.0,0.0,0.25,0.11133377866844803,0.0,0.0,0.0,0.0,0,13,29,0,42
291356,0.7499999999999999,0.0,0.0,0.0,0.0,0.0,0.8,0.8,0.29166666666666663,0.0,0.24731182795698928,0.08333333333333333,0.0,0.14285714285714285,0.0,0.0,0.0,0.0,0.06401692273435762,0.0,0.0,0.0,0.0,0,0,36,0,36
291343,0.49999999999999994,0.0,0.0,0.0,0.0,0.0,0.7000000000000001,0.7,0.5833333333333333,0.25,0.19354838709677422,0.25,0.0,0.42857142857142855,0.0,0.2857142857142857,0.0,0.05,0.057225562235582283,0.0,0.0,0.0,0.0,0,0,125,0,125
