match_id,batting_position,runs,balls,fours,sixes,strike_rate,overs,total_balls,dots,maidens,conceded,fours_conceded,sixes_conceded,wickets,LBW,Bowled,noballs,wides,economy_rate,catches,stumping,direct_hit,indirect_hit,strike_rate_fp,batting_fp,bowling_fp,fielding_fp,total_fp
1444791,0.7499999999999999,0.0,0.0,0.0,0.0,0.0,0.4,0.4,0.20833333333333331,0.0,0.09677419354838711,0.0,0.0,0.14285714285714285,0.0,0.0,0.0,0.0,0.05010020040080161,0.0,0.0,0.0,0.0,0,0,36,0,36
1444780,0.7499999999999999,0.011428571428571429,0.0641025641025641,0.0,0.0,0.05,0.6000000000000001,0.6,0.16666666666666666,0.0,0.3118279569892473,0.41666666666666663,0.0,0.0,0.0,0.0,0.0,0.0,0.10765976397238924,0.0,0.0,0.0,0.0,0,2,4,0,6
1394573,0.8333333333333333,0.0,0.0,0.0,0.0,0.0,0.6000000000000001,0.6,0.125,0.0,0.40860215053763443,0.5,0.125,0.14285714285714285,0.0,0.0,0.0,0.0,0.14105989757292364,0.0,0.0,0.0,0.0,0,0,22,0,22
1334910,0.7499999999999999,0.0,0.0,0.0,0.0,0.0,0.7000000000000001,0.7,0.41666666666666663,0.0,0.24731182795698928,0.16666666666666666,0.0,0.2857142857142857,0.0,0.0,0.1,0.15000000000000002,0.07314629258517036,0.16666666666666666,0.0,0.0,0.0,0,0,62,8,70
1334893,0.8333333333333333,0.04,0.07692307692307693,0.0,0.05555555555555555,0.1458375,0.0,0.0,0.0,0.0,0.0,0.0,0.0,0.0,0.0,0.0,0.0,0.0,0.0,0.0,0.0,0.0,0.0,0,13,0,0,13
1299629,0.8333333333333333,0.022857142857142857,0.038461538461538464,0.0,0.0,0.16666250000000002,0.4,0.4,0.16666666666666666,0.0,0.22580645161290325,0.08333333333333333,0.25,0.14285714285714285,0.0,0.0,0.0,0.0,0.11690046760187042,0.0,0.0,0.0,0.0,0,4,27,0,31
1299623,0.7499999999999999,0.0,0.0,0.0,0.0,0.0,0.6000000000000001,0.6,0.20833333333333331,0.0,0.25806451612903225,0.08333333333333333,0.125,0.0,0.0,0.0,0.0,0.05,0.08906702293475842,0.0,0.0,0.0,0.0,0,0,5,0,5
1299619,0.6666666666666666,0.0,0.0,0.0,0.0,0.0,0.6000000000000001,0.6,0.08333333333333333,0.0,0.2903225806451613,0.25,0.0,0.2857142857142857,0.3333333333333333,0.0,0.0,0.0,0.10020040080160322,0.16666666666666666,0.0,0.0,0.0,0,0,60,8,68
1299615,0.8333333333333333,0.0,0.0,0.0,0.0,0.0,0.8,0.8,0.29166666666666663,0.0,0.3655913978494624,0.25,0.125,0.0,0.0,0.0,0.0,0.0,0.09463371186818081,0.0,0.0,0.0,0.0,0,0,7,0,7
