match_id,batting_position,runs,balls,fours,sixes,strike_rate,overs,total_balls,dots,maidens,conceded,fours_conceded,sixes_conceded,wickets,LBW,Bowled,noballs,wides,economy_rate,catches,stumping,direct_hit,indirect_hit,strike_rate_fp,batting_fp,bowling_fp,fielding_fp,total_fp
1157700,0.7499999999999999,0.0,0.0,0.0,0.0,0.0,0.4,0.4,0.25,0.0,0.08602150537634409,0.08333333333333333,0.0,0.0,0.0,0.0,0.0,0.05,0.04453351146737921,0.0,0.0,0.0,0.0,0,0,12,0,12
1157697,0.6666666666666666,0.0,0.0,0.0,0.0,0.0,0.6000000000000001,0.6,0.4583333333333333,0.0,0.16129032258064518,0.08333333333333333,0.0,0.0,0.0,0.0,0.2,0.15000000000000002,0.055666889334224014,0.0,0.0,0.0,0.0,0,0,15,0,15
1157693,0.25,0.017142857142857144,0.02564102564102564,0.0,0.0,0.1875,0.4,0.4,0.3333333333333333,0.0,0.07526881720430108,0.08333333333333333,0.0,0.14285714285714285,0.0,0.0,0.0,0.0,0.03896682253395681,0.0,0.0,0.0,0.0,0,3,39,0,42
