match_id,batting_position,runs,balls,fours,sixes,strike_rate,overs,total_balls,dots,maidens,conceded,fours_conceded,sixes_conceded,wickets,LBW,Bowled,noballs,wides,economy_rate,catches,stumping,direct_hit,indirect_hit,strike_rate_fp,batting_fp,bowling_fp,fielding_fp,total_fp
955067,0.5833333333333333,0.10857142857142857,0.1794871794871795,0.045454545454545456,0.05555555555555555,0.16963750000000002,0.8,0.8,0.375,0.0,0.32258064516129037,0.16666666666666666,0.25,0.14285714285714285,0.0,0.0,0.0,0.0,0.08350033400133602,0.0,0.0,0.0,0.0,2,31,34,0,65
955055,0.8333333333333333,0.0,0.0,0.0,0.0,0.0,0.6000000000000001,0.6,0.29166666666666663,0.0,0.3010752688172043,0.08333333333333333,0.25,0.2857142857142857,0.0,0.0,0.0,0.0,0.103874415497662,0.0,0.0,0.0,0.0,0,0,57,0,57
955047,0.8333333333333333,0.0,0.0,0.0,0.0,0.0,0.8,0.8,0.20833333333333331,0.0,0.39784946236559143,0.3333333333333333,0.125,0.0,0.0,0.0,0.0,0.0,0.10298374526831443,0.0,0.0,0.0,0.0,0,0,5,0,5
902241,0.7499999999999999,0.0,0.0,0.0,0.0,0.0,0.8,0.8,0.5833333333333333,0.0,0.1827956989247312,0.16666666666666666,0.0,0.5714285714285714,0.6666666666666666,0.0,0.0,0.0,0.04731685593409041,0.16666666666666666,0.0,0.0,0.0,0,0,144,8,152
902171,0.7499999999999999,0.0,0.0,0.0,0.0,0.0,0.0,0.0,0.0,0.0,0.0,0.0,0.0,0.0,0.0,0.0,0.0,0.0,0.0,0.16666666666666666,0.0,0.0,0.0,0,0,0,8,8
902149,0.8333333333333333,0.0,0.0,0.0,0.0,0.0,0.4,0.4,0.29166666666666663,0.0,0.13978494623655915,0.08333333333333333,0.125,0.0,0.0,0.0,0.0,0.0,0.07236695613449122,0.0,0.0,0.0,0.0,0,0,9,0,9
902125,0.6666666666666666,0.011428571428571429,0.02564102564102564,0.0,0.0,0.125,0.8,0.8,0.41666666666666663,0.0,0.24731182795698928,0.08333333333333333,0.125,0.14285714285714285,0.0,0.0,0.0,0.05,0.06401692273435762,0.16666666666666666,0.0,0.0,0.0,0,2,39,8,49
902101,0.7499999999999999,0.0,0.0,0.0,0.0,0.0,0.8,0.8,0.25,0.0,0.5913978494623656,0.41666666666666663,0.5,0.14285714285714285,0.3333333333333333,0.0,0.0,0.05,0.15308394566911604,0.0,0.0,0.0,0.0,0,0,33,0,33
