match_id,batting_position,runs,balls,fours,sixes,strike_rate,overs,total_balls,dots,maidens,conceded,fours_conceded,sixes_conceded,wickets,LBW,Bowled,noballs,wides,economy_rate,catches,stumping,direct_hit,indirect_hit,strike_rate_fp,batting_fp,bowling_fp,fielding_fp,total_fp
1160962,0.5833333333333333,0.0,0.0,0.0,0.0,0.0,0.0,0.0,0.0,0.0,0.0,0.0,0.0,0.0,0.0,0.0,0.0,0.0,0.0,0.0,0.0,0.0,0.0,0,0,0,0,0
1160957,0.5833333333333333,0.13714285714285715,0.34615384615384615,0.09090909090909091,0.0,0.1111125,0.30000000000000004,0.3,0.125,0.0,0.1827956989247312,0.0,0.25,0.0,0.0,0.0,0.0,0.0,0.1261411712313516,0.16666666666666666,0.0,0.0,0.0,0,32,3,8,43
1160956,0.5833333333333333,0.0,0.02564102564102564,0.0,0.0,0.0,0.8,0.8,0.375,0.0,0.22580645161290325,0.16666666666666666,0.0,0.5714285714285714,0.0,0.2857142857142857,0.0,0.0,0.05845023380093521,0.3333333333333333,0.0,0.0,0.0,0,-2,137,16,151
1160949,0.4166666666666667,0.0,0.0,0.0,0.0,0.0,0.4,0.4,0.16666666666666666,0.0,0.20430107526881722,0.0,0.25,0.2857142857142857,0.0,0.0,0.0,0.0,0.10576708973502562,0.0,0.0,0.0,0.0,0,0,54,0,54
1160946,0.4166666666666667,0.0,0.0,0.0,0.0,0.0,0.4,0.4,0.3333333333333333,0.0,0.08602150537634409,0.08333333333333333,0.0,0.14285714285714285,0.0,0.14285714285714285,0.0,0.0,0.04453351146737921,0.3333333333333333,0.0,0.0,0.0,0,0,47,16,63
