match_id,batting_position,runs,balls,fours,sixes,strike_rate,overs,total_balls,dots,maidens,conceded,fours_conceded,sixes_conceded,wickets,LBW,Bowled,noballs,wides,economy_rate,catches,stumping,direct_hit,indirect_hit,strike_rate_fp,batting_fp,bowling_fp,fielding_fp,total_fp
1273148,0.8333333333333333,0.0,0.0,0.0,0.0,0.0,0.8,0.8,0.5,0.0,0.24731182795698928,0.16666666666666666,0.0,0.2857142857142857,0.0,0.0,0.0,0.0,0.06401692273435762,0.0,0.0,0.0,0.0,0,0,66,0,66
1273149,0.6666666666666666,0.0,0.0,0.0,0.0,0.0,0.8,0.8,0.29166666666666663,0.0,0.2795698924731183,0.08333333333333333,0.0,0.0,0.0,0.0,0.0,0.05,0.07236695613449122,0.0,0.0,0.0,0.0,0,0,9,0,9
1273146,0.6666666666666666,0.0,0.0,0.0,0.0,0.0,0.2,0.2,0.125,0.0,0.10752688172043012,0.16666666666666666,0.0,0.0,0.0,0.0,0.0,0.05,0.11133377866844803,0.0,0.0,0.0,0.0,0,0,3,0,3
1273133,0.8333333333333333,0.0,0.0,0.0,0.0,0.0,0.8,0.8,0.3333333333333333,0.0,0.25806451612903225,0.08333333333333333,0.0,0.0,0.0,0.0,0.0,0.05,0.06680026720106881,0.0,0.0,0.0,0.0,0,0,10,0,10
