match_id,batting_position,runs,balls,fours,sixes,strike_rate,overs,total_balls,dots,maidens,conceded,fours_conceded,sixes_conceded,wickets,LBW,Bowled,noballs,wides,economy_rate,catches,stumping,direct_hit,indirect_hit,strike_rate_fp,batting_fp,bowling_fp,fielding_fp,total_fp
1284496,0.16666666666666669,0.02857142857142857,0.11538461538461538,0.045454545454545456,0.0,0.06945,0.8,0.8,0.375,0.0,0.5053763440860215,0.16666666666666666,0.625,0.2857142857142857,0.0,0.14285714285714285,0.0,0.05,0.13081718993542643,0.0,0.0,0.0,0.0,0,9,63,0,72
1284489,0.25,0.12571428571428572,0.3717948717948718,0.0,0.1111111111111111,0.094825,0.8,0.8,0.6666666666666666,0.0,0.16129032258064518,0.0,0.125,0.14285714285714285,0.0,0.0,0.1,0.1,0.04175016700066801,0.16666666666666666,0.0,0.0,0.0,0,34,47,8,89
1142223,0.08333333333333333,0.22857142857142856,0.4487179487179487,0.13636363636363635,0.1111111111111111,0.1428625,0.8,0.8,0.5,0.0,0.2903225806451613,0.08333333333333333,0.25,0.14285714285714285,0.0,0.0,0.0,0.0,0.07515030060120241,0.3333333333333333,0.0,0.0,0.0,0,68,39,16,123
1142222,0.5833333333333333,0.09142857142857143,0.08974358974358974,0.0,0.1111111111111111,0.2857125,0.8,0.8,0.625,0.0,0.2795698924731183,0.25,0.125,0.42857142857142855,0.3333333333333333,0.0,0.0,0.05,0.07236695613449122,0.0,0.0,0.0,0.0,0,28,104,0,132
1142218,0.08333333333333333,0.0,0.02564102564102564,0.0,0.0,0.0,0.8,0.8,0.5416666666666666,0.0,0.3548387096774194,0.25,0.25,0.42857142857142855,0.0,0.0,0.1,0.05,0.09185036740146962,0.0,0.0,0.0,0.0,0,-2,92,0,90
1142215,0.08333333333333333,0.16,0.2564102564102564,0.18181818181818182,0.05555555555555555,0.17500000000000002,0.8,0.8,0.75,0.25,0.09677419354838711,0.08333333333333333,0.0,0.42857142857142855,0.3333333333333333,0.14285714285714285,0.0,0.0,0.025050100200400806,0.16666666666666666,0.0,0.0,0.0,2,56,131,8,195
1142213,0.08333333333333333,0.07428571428571429,0.11538461538461538,0.13636363636363635,0.0,0.18055,0.6000000000000001,0.6,0.3333333333333333,0.0,0.2795698924731183,0.25,0.125,0.14285714285714285,0.3333333333333333,0.0,0.0,0.0,0.09652638610554444,0.0,0.0,0.0,0.0,0,25,41,0,66
1142209,0.8333333333333333,0.0,0.0,0.0,0.0,0.0,0.8,0.8,0.5,0.0,0.13978494623655915,0.0,0.0,0.14285714285714285,0.3333333333333333,0.0,0.0,0.0,0.03618347806724561,0.0,0.0,0.0,0.0,0,0,51,0,51
