match_id,batting_position,runs,balls,fours,sixes,strike_rate,overs,total_balls,dots,maidens,conceded,fours_conceded,sixes_conceded,wickets,LBW,Bowled,noballs,wides,economy_rate,catches,stumping,direct_hit,indirect_hit,strike_rate_fp,batting_fp,bowling_fp,fielding_fp,total_fp
1127504,0.6666666666666666,0.005714285714285714,0.038461538461538464,0.0,0.0,0.0416625,0.6000000000000001,0.6,0.125,0.0,0.5806451612903226,0.16666666666666666,0.75,0.2857142857142857,0.0,0.14285714285714285,0.2,0.0,0.20040080160320645,0.0,0.0,0.0,0.0,0,1,55,0,56
1127485,0.8333333333333333,0.0,0.0,0.0,0.0,0.0,0.4,0.4,0.25,0.0,0.12903225806451613,0.16666666666666666,0.0,0.14285714285714285,0.0,0.0,0.0,0.0,0.06680026720106881,0.0,0.0,0.0,0.0,0,0,33,0,33
1127459,0.8333333333333333,0.0,0.0,0.0,0.0,0.0,0.8,0.8,0.29166666666666663,0.0,0.3548387096774194,0.3333333333333333,0.0,0.0,0.0,0.0,0.0,0.0,0.09185036740146962,0.0,0.0,0.0,0.0,0,0,7,0,7
693253,0.8333333333333333,0.0,0.0,0.0,0.0,0.0,0.8,0.8,0.5,0.0,0.2795698924731183,0.25,0.125,0.14285714285714285,0.0,0.0,0.2,0.05,0.07236695613449122,0.0,0.0,0.0,0.0,0,0,39,0,39
693223,0.8333333333333333,0.0,0.0,0.0,0.0,0.0,0.8,0.8,0.625,0.0,0.16129032258064518,0.16666666666666666,0.0,0.42857142857142855,0.0,0.0,0.0,0.0,0.04175016700066801,0.0,0.0,0.0,0.0,0,0,100,0,100
