match_id,batting_position,runs,balls,fours,sixes,strike_rate,overs,total_balls,dots,maidens,conceded,fours_conceded,sixes_conceded,wickets,LBW,Bowled,noballs,wides,economy_rate,catches,stumping,direct_hit,indirect_hit,strike_rate_fp,batting_fp,bowling_fp,fielding_fp,total_fp
1339210,0.08333333333333333,0.06285714285714286,0.2948717948717949,0.045454545454545456,0.0,0.0597875,0.4,0.4,0.125,0.0,0.10752688172043012,0.08333333333333333,0.0,0.42857142857142855,0.0,0.14285714285714285,0.0,0.0,0.055666889334224014,0.0,0.0,0.0,0.0,-6,9,94,0,103
1339207,0.08333333333333333,0.14285714285714285,0.2564102564102564,0.045454545454545456,0.05555555555555555,0.15625,0.5334,0.5333333333333333,0.20833333333333331,0.0,0.25806451612903225,0.0,0.25,0.0,0.0,0.0,0.1,0.05,0.10020040080160322,0.0,0.0,0.0,0.0,0,39,5,0,44
1339206,0.08333333333333333,0.005714285714285714,0.0641025641025641,0.0,0.0,0.025,0.4,0.4,0.0,0.0,0.24731182795698928,0.08333333333333333,0.125,0.0,0.0,0.0,0.1,0.0,0.12803384546871524,0.0,0.0,0.0,0.0,0,1,-4,0,-3
