match_id,batting_position,runs,balls,fours,sixes,strike_rate,overs,total_balls,dots,maidens,conceded,fours_conceded,sixes_conceded,wickets,LBW,Bowled,noballs,wides,economy_rate,catches,stumping,direct_hit,indirect_hit,strike_rate_fp,batting_fp,bowling_fp,fielding_fp,total_fp
1156678,0.7499999999999999,0.0,0.038461538461538464,0.0,0.0,0.0,0.7666000000000001,0.7666666666666666,0.4583333333333333,0.0,0.2688172043010753,0.08333333333333333,0.0,0.42857142857142855,0.0,0.14285714285714285,0.0,0.15000000000000002,0.0725896236918281,0.16666666666666666,0.0,0.0,0.0,0,0,100,8,108
1156676,0.49999999999999994,0.005714285714285714,0.02564102564102564,0.0,0.0,0.0625,0.8,0.8,0.5,0.0,0.25806451612903225,0.16666666666666666,0.0,0.2857142857142857,0.0,0.14285714285714285,0.0,0.05,0.06680026720106881,0.0,0.0,0.0,0.0,0,1,72,0,73
1157845,0.49999999999999994,0.005714285714285714,0.038461538461538464,0.0,0.0,0.0416625,0.6000000000000001,0.6,0.5416666666666666,0.0,0.15053763440860216,0.25,0.0,0.2857142857142857,0.0,0.0,0.0,0.0,0.051992874638165223,0.0,0.0,0.0,0.0,0,1,69,0,70
1156670,0.0,0.005714285714285714,0.10256410256410256,0.0,0.0,0.015625,0.8,0.8,0.5416666666666666,0.0,0.24731182795698928,0.25,0.0,0.2857142857142857,0.0,0.0,0.0,0.0,0.06401692273435762,0.0,0.0,0.0,0.0,0,1,67,0,68
1156672,0.49999999999999994,0.045714285714285714,0.15384615384615385,0.0,0.0,0.08333750000000001,0.8,0.8,0.4583333333333333,0.0,0.32258064516129037,0.3333333333333333,0.125,0.14285714285714285,0.3333333333333333,0.0,0.0,0.0,0.08350033400133602,0.3333333333333333,0.0,0.0,0.0,-2,6,44,16,66
