match_id,batting_position,runs,balls,fours,sixes,strike_rate,overs,total_balls,dots,maidens,conceded,fours_conceded,sixes_conceded,wickets,LBW,Bowled,noballs,wides,economy_rate,catches,stumping,direct_hit,indirect_hit,strike_rate_fp,batting_fp,bowling_fp,fielding_fp,total_fp
460064,0.49999999999999994,0.022857142857142857,0.08974358974358974,0.0,0.0,0.071425,0.2,0.2,0.08333333333333333,0.0,0.05376344086021506,0.0,0.0,0.0,0.0,0.0,0.0,0.0,0.055666889334224014,0.0,0.0,0.0,0.0,0,4,2,0,6
439499,0.49999999999999994,0.06857142857142857,0.08974358974358974,0.045454545454545456,0.0,0.21428750000000002,0.2,0.2,0.041666666666666664,0.0,0.13978494623655915,0.08333333333333333,0.125,0.0,0.0,0.0,0.0,0.0,0.14473391226898244,0.0,0.0,0.0,0.0,0,16,1,0,17
439497,0.5833333333333333,0.04,0.08974358974358974,0.0,0.0,0.125,0.8,0.8,0.29166666666666663,0.0,0.2795698924731183,0.16666666666666666,0.0,0.14285714285714285,0.0,0.0,0.0,0.05,0.07236695613449122,0.0,0.0,0.0,0.0,0,7,34,0,41
