match_id,batting_position,runs,balls,fours,sixes,strike_rate,overs,total_balls,dots,maidens,conceded,fours_conceded,sixes_conceded,wickets,LBW,Bowled,noballs,wides,economy_rate,catches,stumping,direct_hit,indirect_hit,strike_rate_fp,batting_fp,bowling_fp,fielding_fp,total_fp
1383517,0.25,0.17714285714285713,0.3846153846153846,0.13636363636363635,0.0,0.1291625,0.0,0.0,0.0,0.0,0.0,0.0,0.0,0.0,0.0,0.0,0.0,0.0,0.0,0.5,0.0,0.0,0.0,0,47,0,28,75
1383460,0.25,0.005714285714285714,0.07692307692307693,0.0,0.0,0.020837500000000002,0.0,0.0,0.0,0.0,0.0,0.0,0.0,0.0,0.0,0.0,0.0,0.0,0.0,0.16666666666666666,0.0,0.0,0.0,0,1,0,8,9
1333006,0.4166666666666667,0.08571428571428572,0.1923076923076923,0.09090909090909091,0.0,0.125,0.6000000000000001,0.6,0.25,0.0,0.21505376344086025,0.16666666666666666,0.0,0.0,0.0,0.0,0.0,0.0,0.07425963037185483,0.0,0.0,0.0,0.0,0,23,8,0,31
1332987,0.4166666666666667,0.21142857142857144,0.34615384615384615,0.13636363636363635,0.0,0.17129999999999998,0.2,0.2,0.0,0.0,0.12903225806451613,0.16666666666666666,0.0,0.0,0.0,0.0,0.0,0.0,0.13360053440213762,0.0,0.0,0.0,0.0,2,55,0,0,55
