match_id,batting_position,runs,balls,fours,sixes,strike_rate,overs,total_balls,dots,maidens,conceded,fours_conceded,sixes_conceded,wickets,LBW,Bowled,noballs,wides,economy_rate,catches,stumping,direct_hit,indirect_hit,strike_rate_fp,batting_fp,bowling_fp,fielding_fp,total_fp
1443786,0.0,0.15428571428571428,0.2948717948717949,0.18181818181818182,0.05555555555555555,0.1467375,0.8,0.8,0.4583333333333333,0.0,0.2903225806451613,0.3333333333333333,0.0,0.0,0.0,0.0,0.0,0.05,0.07515030060120241,0.0,0.0,0.0,0.0,0,53,13,0,66
1443783,0.0,0.05714285714285714,0.07692307692307693,0.09090909090909091,0.0,0.20833749999999998,0.8,0.8,0.8333333333333333,0.5,0.03225806451612903,0.0,0.0,0.14285714285714285,0.0,0.0,0.0,0.0,0.008350033400133601,0.16666666666666666,0.0,0.0,0.0,0,18,75,8,101
1443775,0.0,0.06857142857142857,0.14102564102564102,0.0,0.05555555555555555,0.1363625,0.0,0.0,0.0,0.0,0.0,0.0,0.0,0.0,0.0,0.0,0.0,0.0,0.0,0.0,0.0,0.0,0.0,0,18,0,0,18
1443770,0.0,0.03428571428571429,0.08974358974358974,0.045454545454545456,0.0,0.1071375,0.0,0.0,0.0,0.0,0.0,0.0,0.0,0.0,0.0,0.0,0.0,0.0,0.0,0.0,0.0,0.0,0.0,0,10,0,0,10
1443769,0.0,0.25142857142857145,0.3205128205128205,0.2272727272727273,0.1111111111111111,0.22,0.0,0.0,0.0,0.0,0.0,0.0,0.0,0.0,0.0,0.0,0.0,0.0,0.0,0.0,0.0,0.0,0.0,6,86,0,0,86
1438262,0.0,0.011428571428571429,0.038461538461538464,0.0,0.0,0.08333750000000001,0.0,0.0,0.0,0.0,0.0,0.0,0.0,0.0,0.0,0.0,0.0,0.0,0.0,0.0,0.0,0.0,0.0,0,2,0,0,2
1438259,0.0,0.16,0.1923076923076923,0.18181818181818182,0.05555555555555555,0.23333749999999998,0.4,0.4,0.16666666666666666,0.0,0.19354838709677422,0.0,0.125,0.0,0.0,0.0,0.0,0.15000000000000002,0.10020040080160322,0.0,0.0,0.0,0.0,6,60,4,0,64
1438257,0.0,0.022857142857142857,0.07692307692307693,0.0,0.0,0.08333750000000001,0.0,0.0,0.0,0.0,0.0,0.0,0.0,0.0,0.0,0.0,0.0,0.0,0.0,0.16666666666666666,0.0,0.0,0.0,0,4,0,8,12
