match_id,batting_position,runs,balls,fours,sixes,strike_rate,overs,total_balls,dots,maidens,conceded,fours_conceded,sixes_conceded,wickets,LBW,Bowled,noballs,wides,economy_rate,catches,stumping,direct_hit,indirect_hit,strike_rate_fp,batting_fp,bowling_fp,fielding_fp,total_fp
902177,0.8333333333333333,0.0,0.0,0.0,0.0,0.0,0.6000000000000001,0.6,0.5833333333333333,0.0,0.10752688172043012,0.08333333333333333,0.0,0.14285714285714285,0.0,0.14285714285714285,0.0,0.15000000000000002,0.037074148296593196,0.0,0.0,0.0,0.0,0,0,53,0,53
902201,0.5833333333333333,0.0,0.0,0.0,0.0,0.0,0.8,0.8,0.375,0.0,0.38709677419354843,0.41666666666666663,0.0,0.14285714285714285,0.0,0.0,0.1,0.1,0.10020040080160322,0.0,0.0,0.0,0.0,0,0,34,0,34
902157,0.4166666666666667,0.0,0.0,0.0,0.0,0.0,0.8,0.8,0.16666666666666666,0.0,0.49462365591397855,0.16666666666666666,0.375,0.0,0.0,0.0,0.0,0.0,0.12803384546871524,0.0,0.0,0.0,0.0,0,0,0,0,0
902129,0.8333333333333333,0.0,0.0,0.0,0.0,0.0,0.8,0.8,0.29166666666666663,0.0,0.41935483870967744,0.5,0.125,0.0,0.0,0.0,0.0,0.0,0.10855043420173682,0.0,0.0,0.0,0.0,0,0,7,0,7
902105,0.8333333333333333,0.0,0.0,0.0,0.0,0.0,0.8,0.8,0.5416666666666666,0.0,0.22580645161290325,0.25,0.0,0.2857142857142857,0.0,0.0,0.0,0.0,0.05845023380093521,0.0,0.0,0.0,0.0,0,0,67,0,67
