match_id,batting_position,runs,balls,fours,sixes,strike_rate,overs,total_balls,dots,maidens,conceded,fours_conceded,sixes_conceded,wickets,LBW,Bowled,noballs,wides,economy_rate,catches,stumping,direct_hit,indirect_hit,strike_rate_fp,batting_fp,bowling_fp,fielding_fp,total_fp
947333,0.5833333333333333,0.17142857142857143,0.2564102564102564,0.18181818181818182,0.0,0.1875,0.8,0.8,0.041666666666666664,0.0,0.5913978494623656,0.5,0.25,0.0,0.0,0.0,0.0,0.0,0.15308394566911604,0.0,0.0,0.0,0.0,0,50,-5,0,45
804477,0.5833333333333333,0.011428571428571429,0.02564102564102564,0.0,0.0,0.125,0.0,0.0,0.0,0.0,0.0,0.0,0.0,0.0,0.0,0.0,0.0,0.0,0.0,0.0,0.0,0.0,0.0,0,2,0,0,2
693227,0.3333333333333333,0.0,0.01282051282051282,0.0,0.0,0.0,0.8,0.8,0.5,0.0,0.24731182795698928,0.25,0.0,0.2857142857142857,0.0,0.2857142857142857,0.0,0.0,0.06401692273435762,0.16666666666666666,0.0,0.0,0.0,0,-2,82,8,88
693193,0.4166666666666667,0.022857142857142857,0.07692307692307693,0.0,0.0,0.08333750000000001,0.6000000000000001,0.6,0.29166666666666663,0.0,0.2795698924731183,0.08333333333333333,0.125,0.14285714285714285,0.0,0.0,0.0,0.25,0.09652638610554444,0.0,0.0,0.0,0.0,0,4,32,0,36
693183,0.4166666666666667,0.14857142857142858,0.20512820512820512,0.18181818181818182,0.0,0.203125,0.6000000000000001,0.6,0.3333333333333333,0.0,0.2903225806451613,0.3333333333333333,0.125,0.2857142857142857,0.0,0.14285714285714285,0.0,0.0,0.10020040080160322,0.0,0.0,0.0,0.0,4,50,66,0,116
693153,0.4166666666666667,0.12571428571428572,0.16666666666666666,0.0,0.1111111111111111,0.2115375,0.8,0.8,0.375,0.0,0.22580645161290325,0.08333333333333333,0.0,0.0,0.0,0.0,0.0,0.0,0.05845023380093521,0.0,0.0,0.0,0.0,4,38,13,0,51
693137,0.4166666666666667,0.13714285714285715,0.2948717948717949,0.09090909090909091,0.0,0.13043749999999998,0.0,0.0,0.0,0.0,0.0,0.0,0.0,0.0,0.0,0.0,0.0,0.0,0.0,0.0,0.0,0.0,0.0,0,32,0,0,32
