match_id,batting_position,runs,balls,fours,sixes,strike_rate,overs,total_balls,dots,maidens,conceded,fours_conceded,sixes_conceded,wickets,LBW,Bowled,noballs,wides,economy_rate,catches,stumping,direct_hit,indirect_hit,strike_rate_fp,batting_fp,bowling_fp,fielding_fp,total_fp
1157194,0.5833333333333333,0.017142857142857144,0.07692307692307693,0.0,0.0,0.0625,0.8,0.8,0.3333333333333333,0.0,0.33333333333333337,0.3333333333333333,0.0,0.14285714285714285,0.0,0.14285714285714285,0.0,0.05,0.08628367846804721,0.0,0.0,0.0,0.0,0,3,41,0,44
1130716,0.49999999999999994,0.06857142857142857,0.11538461538461538,0.0,0.05555555555555555,0.16666250000000002,0.8,0.8,0.25,0.0,0.34408602150537637,0.08333333333333333,0.25,0.14285714285714285,0.0,0.14285714285714285,0.0,0.0,0.08906702293475842,0.0,0.0,0.0,0.0,0,18,39,0,57
1130696,0.4166666666666667,0.0,0.0,0.0,0.0,0.0,0.8,0.8,0.3333333333333333,0.0,0.32258064516129037,0.08333333333333333,0.25,0.42857142857142855,0.0,0.14285714285714285,0.0,0.0,0.08350033400133602,0.0,0.0,0.0,0.0,0,0,95,0,95
1130691,0.5833333333333333,0.02857142857142857,0.05128205128205128,0.045454545454545456,0.0,0.15625,0.6000000000000001,0.6,0.08333333333333333,0.0,0.3010752688172043,0.0,0.25,0.0,0.0,0.0,0.0,0.0,0.103874415497662,0.0,0.0,0.0,0.0,0,9,2,0,11
