match_id,batting_position,runs,balls,fours,sixes,strike_rate,overs,total_balls,dots,maidens,conceded,fours_conceded,sixes_conceded,wickets,LBW,Bowled,noballs,wides,economy_rate,catches,stumping,direct_hit,indirect_hit,strike_rate_fp,batting_fp,bowling_fp,fielding_fp,total_fp
1386119,0.49999999999999994,0.0,0.0,0.0,0.0,0.0,0.4,0.4,0.08333333333333333,0.0,0.10752688172043012,0.0,0.0,0.0,0.0,0.0,0.0,0.0,0.055666889334224014,0.0,0.0,0.0,0.0,0,0,6,0,6
1324664,0.6666666666666666,0.005714285714285714,0.01282051282051282,0.0,0.0,0.125,0.8,0.8,0.4583333333333333,0.0,0.3548387096774194,0.08333333333333333,0.375,0.14285714285714285,0.0,0.0,0.0,0.0,0.09185036740146962,0.0,0.0,0.0,0.0,0,1,36,0,37
1324659,0.5833333333333333,0.005714285714285714,0.038461538461538464,0.0,0.0,0.0416625,0.8,0.8,0.29166666666666663,0.0,0.34408602150537637,0.16666666666666666,0.125,0.2857142857142857,0.0,0.0,0.0,0.0,0.08906702293475842,0.0,0.0,0.0,0.0,0,1,57,0,58
