match_id,batting_position,runs,balls,fours,sixes,strike_rate,overs,total_balls,dots,maidens,conceded,fours_conceded,sixes_conceded,wickets,LBW,Bowled,noballs,wides,economy_rate,catches,stumping,direct_hit,indirect_hit,strike_rate_fp,batting_fp,bowling_fp,fielding_fp,total_fp
1280238,0.7499999999999999,0.005714285714285714,0.02564102564102564,0.0,0.0,0.0625,0.6000000000000001,0.6,0.29166666666666663,0.0,0.21505376344086025,0.16666666666666666,0.0,0.14285714285714285,0.0,0.0,0.0,0.1,0.07425963037185483,0.0,0.0,0.0,0.0,0,1,34,0,35
1280200,0.7499999999999999,0.0,0.0,0.0,0.0,0.0,0.8,0.8,0.5416666666666666,0.0,0.21505376344086025,0.08333333333333333,0.125,0.2857142857142857,0.3333333333333333,0.0,0.0,0.0,0.055666889334224014,0.0,0.0,0.0,0.0,0,0,75,0,75
1244385,0.6666666666666666,0.0,0.0,0.0,0.0,0.0,0.4,0.4,0.08333333333333333,0.0,0.23655913978494625,0.16666666666666666,0.125,0.0,0.0,0.0,0.0,0.0,0.12246715653529283,0.0,0.0,0.0,0.0,0,0,0,0,0
