match_id,batting_position,runs,balls,fours,sixes,strike_rate,overs,total_balls,dots,maidens,conceded,fours_conceded,sixes_conceded,wickets,LBW,Bowled,noballs,wides,economy_rate,catches,stumping,direct_hit,indirect_hit,strike_rate_fp,batting_fp,bowling_fp,fielding_fp,total_fp
1299627,0.0,0.29714285714285715,0.6025641025641025,0.2727272727272727,0.05555555555555555,0.1383,0.0,0.0,0.0,0.0,0.0,0.0,0.0,0.0,0.0,0.0,0.0,0.0,0.0,0.0,0.0,0.0,0.0,0,90,0,0,90
1299625,0.08333333333333333,0.0,0.11538461538461538,0.0,0.0,0.0,0.033400000000000006,0.03333333333333333,0.0,0.0,0.043010752688172046,0.08333333333333333,0.0,0.0,0.0,0.0,0.0,0.0,0.266644399910933,0.0,0.0,0.0,0.0,0,-2,0,0,-2
1299620,0.0,0.03428571428571429,0.1282051282051282,0.0,0.0,0.075,0.0,0.0,0.0,0.0,0.0,0.0,0.0,0.0,0.0,0.0,0.0,0.0,0.0,0.5,0.0,0.0,0.0,-2,4,0,28,32
1299615,0.0,0.38285714285714284,0.6923076923076923,0.3181818181818182,0.05555555555555555,0.1550875,0.0,0.0,0.0,0.0,0.0,0.0,0.0,0.0,0.0,0.0,0.0,0.0,0.0,0.16666666666666666,0.0,0.0,0.0,0,109,0,8,117
