match_id,batting_position,runs,balls,fours,sixes,strike_rate,overs,total_balls,dots,maidens,conceded,fours_conceded,sixes_conceded,wickets,LBW,Bowled,noballs,wides,economy_rate,catches,stumping,direct_hit,indirect_hit,strike_rate_fp,batting_fp,bowling_fp,fielding_fp,total_fp
1130685,0.0,0.06857142857142857,0.08974358974358974,0.09090909090909091,0.0,0.21428750000000002,0.0,0.0,0.0,0.0,0.0,0.0,0.0,0.0,0.0,0.0,0.0,0.0,0.0,0.0,0.0,0.0,0.0,0,20,0,0,20
1130677,0.0,0.11428571428571428,0.1282051282051282,0.13636363636363635,0.05555555555555555,0.25,0.0,0.0,0.0,0.0,0.0,0.0,0.0,0.0,0.0,0.0,0.0,0.0,0.0,0.0,0.0,0.0,0.0,6,44,0,0,44
902221,0.25,0.02857142857142857,0.07692307692307693,0.0,0.0,0.1041625,0.2,0.2,0.041666666666666664,0.0,0.06451612903225806,0.0,0.0,0.0,0.0,0.0,0.0,0.0,0.06680026720106881,0.0,0.0,0.0,0.0,0,5,1,0,6
902195,0.16666666666666669,0.22285714285714286,0.4230769230769231,0.18181818181818182,0.05555555555555555,0.14772500000000002,0.0,0.0,0.0,0.0,0.0,0.0,0.0,0.0,0.0,0.0,0.0,0.0,0.0,0.0,0.0,0.0,0.0,0,65,0,0,65
902173,0.16666666666666669,0.16,0.34615384615384615,0.045454545454545456,0.05555555555555555,0.12962500000000002,0.0,0.0,0.0,0.0,0.0,0.0,0.0,0.0,0.0,0.0,0.0,0.0,0.0,0.16666666666666666,0.0,0.0,0.0,0,42,0,8,50
902151,0.16666666666666669,0.011428571428571429,0.038461538461538464,0.0,0.0,0.08333750000000001,0.0,0.0,0.0,0.0,0.0,0.0,0.0,0.0,0.0,0.0,0.0,0.0,0.0,0.0,0.0,0.0,0.0,0,2,0,0,2
902127,0.16666666666666669,0.08571428571428572,0.20512820512820512,0.0,0.05555555555555555,0.1171875,0.0,0.0,0.0,0.0,0.0,0.0,0.0,0.0,0.0,0.0,0.0,0.0,0.0,0.0,0.0,0.0,0.0,0,21,0,0,21
902101,0.16666666666666669,0.6742857142857143,0.7051282051282051,0.3181818181818182,0.611111111111111,0.2681875,0.0,0.0,0.0,0.0,0.0,0.0,0.0,0.0,0.0,0.0,0.0,0.0,0.0,0.0,0.0,0.0,0.0,6,234,0,0,234
