match_id,batting_position,runs,balls,fours,sixes,strike_rate,overs,total_balls,dots,maidens,conceded,fours_conceded,sixes_conceded,wickets,LBW,Bowled,noballs,wides,economy_rate,catches,stumping,direct_hit,indirect_hit,strike_rate_fp,batting_fp,bowling_fp,fielding_fp,total_fp
456992,0.8333333333333333,0.0,0.01282051282051282,0.0,0.0,0.0,0.4,0.4,0.16666666666666666,0.0,0.11827956989247312,0.08333333333333333,0.0,0.0,0.0,0.0,0.0,0.0,0.061233578267646416,0.0,0.0,0.0,0.0,0,-2,8,0,6
456991,0.8333333333333333,0.0,0.0,0.0,0.0,0.0,0.7334,0.7333333333333333,0.5416666666666666,0.0,0.21505376344086025,0.25,0.0,0.2857142857142857,0.0,0.14285714285714285,0.1,0.0,0.06067690937430417,0.0,0.0,0.0,0.0,0,0,75,0,75
