match_id,batting_position,runs,balls,fours,sixes,strike_rate,overs,total_balls,dots,maidens,conceded,fours_conceded,sixes_conceded,wickets,LBW,Bowled,noballs,wides,economy_rate,catches,stumping,direct_hit,indirect_hit,strike_rate_fp,batting_fp,bowling_fp,fielding_fp,total_fp
1157700,0.49999999999999994,0.02857142857142857,0.02564102564102564,0.045454545454545456,0.0,0.3125,0.0,0.0,0.0,0.0,0.0,0.0,0.0,0.0,0.0,0.0,0.0,0.0,0.0,0.0,0.0,0.0,0.0,0,9,0,0,9
1157698,0.7499999999999999,0.02857142857142857,0.05128205128205128,0.0,0.0,0.15625,0.0,0.0,0.0,0.0,0.0,0.0,0.0,0.0,0.0,0.0,0.0,0.0,0.0,0.16666666666666666,0.0,0.0,0.0,0,5,0,8,13
1157693,0.7499999999999999,0.005714285714285714,0.05128205128205128,0.0,0.0,0.03125,0.2,0.2,0.0,0.0,0.2688172043010753,0.08333333333333333,0.375,0.0,0.0,0.0,0.0,0.05,0.27833444667112006,0.0,0.0,0.0,0.0,0,1,0,0,1
