match_id,batting_position,runs,balls,fours,sixes,strike_rate,overs,total_balls,dots,maidens,conceded,fours_conceded,sixes_conceded,wickets,LBW,Bowled,noballs,wides,economy_rate,catches,stumping,direct_hit,indirect_hit,strike_rate_fp,batting_fp,bowling_fp,fielding_fp,total_fp
1023617,0.3333333333333333,0.011428571428571429,0.0641025641025641,0.0,0.0,0.05,0.4,0.4,0.125,0.0,0.17204301075268819,0.0,0.125,0.14285714285714285,0.0,0.0,0.0,0.0,0.08906702293475842,0.0,0.0,0.0,0.3333333333333333,0,2,28,6,36
1023603,0.4166666666666667,0.022857142857142857,0.0641025641025641,0.0,0.0,0.1,0.8,0.8,0.25,0.0,0.5053763440860215,0.41666666666666663,0.125,0.0,0.0,0.0,0.1,0.05,0.13081718993542643,0.0,0.0,0.0,0.3333333333333333,0,4,2,6,12
897713,0.5833333333333333,0.017142857142857144,0.02564102564102564,0.0,0.0,0.1875,0.4,0.4,0.08333333333333333,0.0,0.22580645161290325,0.08333333333333333,0.125,0.0,0.0,0.0,0.0,0.0,0.11690046760187042,0.0,0.0,0.0,0.0,0,3,0,0,3
897709,0.6666666666666666,0.03428571428571429,0.05128205128205128,0.045454545454545456,0.0,0.1875,0.6000000000000001,0.6,0.16666666666666666,0.0,0.2903225806451613,0.3333333333333333,0.0,0.0,0.0,0.0,0.0,0.0,0.10020040080160322,0.0,0.0,0.0,0.0,0,10,4,0,14
756765,0.5833333333333333,0.0,0.0,0.0,0.0,0.0,0.2,0.2,0.08333333333333333,0.0,0.16129032258064518,0.16666666666666666,0.125,0.0,0.0,0.0,0.0,0.0,0.16700066800267205,0.0,0.0,0.0,0.0,0,0,2,0,2
756743,0.5833333333333333,0.022857142857142857,0.038461538461538464,0.045454545454545456,0.0,0.16666250000000002,0.6000000000000001,0.6,0.3333333333333333,0.0,0.16129032258064518,0.08333333333333333,0.0,0.0,0.0,0.0,0.0,0.0,0.055666889334224014,0.16666666666666666,0.0,0.0,0.0,0,8,12,8,28
