match_id,batting_position,runs,balls,fours,sixes,strike_rate,overs,total_balls,dots,maidens,conceded,fours_conceded,sixes_conceded,wickets,LBW,Bowled,noballs,wides,economy_rate,catches,stumping,direct_hit,indirect_hit,strike_rate_fp,batting_fp,bowling_fp,fielding_fp,total_fp
1166892,0.49999999999999994,0.05714285714285714,0.15384615384615385,0.045454545454545456,0.0,0.1041625,0.2,0.2,0.041666666666666664,0.0,0.21505376344086025,0.0,0.375,0.0,0.0,0.0,0.0,0.0,0.22266755733689605,0.0,0.0,0.0,0.0,0,14,1,0,15
1166890,0.08333333333333333,0.03428571428571429,0.1794871794871795,0.0,0.0,0.053575,0.0,0.0,0.0,0.0,0.0,0.0,0.0,0.0,0.0,0.0,0.0,0.0,0.0,0.0,0.0,0.0,0.0,-6,0,0,0,0
1166887,0.16666666666666669,0.08571428571428572,0.2692307692307692,0.045454545454545456,0.0,0.0892875,0.0,0.0,0.0,0.0,0.0,0.0,0.0,0.0,0.0,0.0,0.0,0.0,0.0,0.0,0.0,0.0,0.0,0,19,0,0,19
1166884,0.08333333333333333,0.28,0.5512820512820512,0.045454545454545456,0.1111111111111111,0.1424375,0.0,0.0,0.0,0.0,0.0,0.0,0.0,0.0,0.0,0.0,0.0,0.0,0.0,0.16666666666666666,0.0,0.0,0.0,0,69,0,8,77
1166881,0.08333333333333333,0.005714285714285714,0.08974358974358974,0.0,0.0,0.0178625,0.0,0.0,0.0,0.0,0.0,0.0,0.0,0.0,0.0,0.0,0.0,0.0,0.0,0.0,0.0,0.0,0.0,0,1,0,0,1
1159091,0.08333333333333333,0.16,0.48717948717948717,0.18181818181818182,0.0,0.09210000000000002,0.8,0.8,0.5416666666666666,0.0,0.40860215053763443,0.3333333333333333,0.375,0.14285714285714285,0.0,0.0,0.0,0.0,0.10576708973502562,0.0,0.0,0.0,0.0,0,48,38,0,86
1159089,0.08333333333333333,0.045714285714285714,0.14102564102564102,0.045454545454545456,0.0,0.09091250000000001,0.0,0.0,0.0,0.0,0.0,0.0,0.0,0.0,0.0,0.0,0.0,0.0,0.0,0.16666666666666666,0.0,0.0,0.0,0,12,0,8,20
