match_id,batting_position,runs,balls,fours,sixes,strike_rate,overs,total_balls,dots,maidens,conceded,fours_conceded,sixes_conceded,wickets,LBW,Bowled,noballs,wides,economy_rate,catches,stumping,direct_hit,indirect_hit,strike_rate_fp,batting_fp,bowling_fp,fielding_fp,total_fp
1185184,0.8333333333333333,0.005714285714285714,0.02564102564102564,0.0,0.0,0.0625,0.6000000000000001,0.6,0.625,0.25,0.06451612903225806,0.08333333333333333,0.0,0.0,0.0,0.0,0.0,0.0,0.022266755733689605,0.0,0.0,0.0,0.0,0,1,33,0,34
1157844,0.8333333333333333,0.0,0.0,0.0,0.0,0.0,0.4,0.4,0.20833333333333331,0.0,0.22580645161290325,0.08333333333333333,0.25,0.14285714285714285,0.0,0.0,0.0,0.0,0.11690046760187042,0.0,0.0,0.0,0.0,0,0,28,0,28
1156655,0.5833333333333333,0.0,0.0,0.0,0.0,0.0,0.2,0.2,0.041666666666666664,0.0,0.06451612903225806,0.0,0.0,0.0,0.0,0.0,0.0,0.05,0.06680026720106881,0.0,0.0,0.0,0.0,0,0,1,0,1
