match_id,batting_position,runs,balls,fours,sixes,strike_rate,overs,total_balls,dots,maidens,conceded,fours_conceded,sixes_conceded,wickets,LBW,Bowled,noballs,wides,economy_rate,catches,stumping,direct_hit,indirect_hit,strike_rate_fp,batting_fp,bowling_fp,fielding_fp,total_fp
1436493,0.7499999999999999,0.0,0.0,0.0,0.0,0.0,0.6000000000000001,0.6,0.29166666666666663,0.0,0.15053763440860216,0.08333333333333333,0.0,0.5714285714285714,0.0,0.2857142857142857,0.0,0.0,0.051992874638165223,0.0,0.0,0.0,0.0,0,0,137,0,137
1436485,0.7499999999999999,0.0,0.0,0.0,0.0,0.0,0.6000000000000001,0.6,0.4583333333333333,0.0,0.17204301075268819,0.16666666666666666,0.0,0.14285714285714285,0.0,0.0,0.1,0.05,0.0593409040302828,0.0,0.0,0.0,0.0,0,0,40,0,40
1436480,0.8333333333333333,0.02857142857142857,0.05128205128205128,0.0,0.0,0.15625,0.6000000000000001,0.6,0.16666666666666666,0.0,0.2688172043010753,0.25,0.0,0.2857142857142857,0.0,0.0,0.0,0.0,0.0927410376308172,0.0,0.0,0.0,0.0,0,5,54,0,59
1367724,0.8333333333333333,0.0,0.0,0.0,0.0,0.0,0.8,0.8,0.375,0.0,0.2688172043010753,0.0,0.125,0.14285714285714285,0.0,0.0,0.0,0.25,0.06958361166778002,0.0,0.0,0.0,0.0,0,0,36,0,36
1367722,0.6666666666666666,0.0,0.0,0.0,0.0,0.0,0.30000000000000004,0.3,0.25,0.0,0.043010752688172046,0.0,0.0,0.2857142857142857,0.0,0.14285714285714285,0.0,0.05,0.029726118904475622,0.0,0.0,0.0,0.0,0,0,64,0,64
1320988,0.7499999999999999,0.10285714285714286,0.10256410256410256,0.045454545454545456,0.1111111111111111,0.28125,0.4,0.4,0.20833333333333331,0.0,0.13978494623655915,0.08333333333333333,0.0,0.0,0.0,0.0,0.0,0.1,0.07236695613449122,0.0,0.0,0.0,0.0,0,34,7,0,41
1320982,0.5833333333333333,0.0,0.0,0.0,0.0,0.0,0.7334,0.7333333333333333,0.5416666666666666,0.0,0.2688172043010753,0.08333333333333333,0.25,0.5714285714285714,0.0,0.14285714285714285,0.0,0.15000000000000002,0.07592963705188155,0.16666666666666666,0.0,0.0,0.0,0,0,131,8,139
1320977,0.5833333333333333,0.04,0.14102564102564102,0.0,0.0,0.07955,0.0,0.0,0.0,0.0,0.0,0.0,0.0,0.0,0.0,0.0,0.0,0.0,0.0,0.0,0.0,0.0,0.0,-2,5,0,0,5
1320973,0.7499999999999999,0.005714285714285714,0.01282051282051282,0.0,0.0,0.125,0.6000000000000001,0.6,0.29166666666666663,0.0,0.22580645161290325,0.0,0.125,0.14285714285714285,0.0,0.0,0.1,0.05,0.07793364506791362,0.16666666666666666,0.0,0.0,0.0,0,1,34,8,43
