match_id,batting_position,runs,balls,fours,sixes,strike_rate,overs,total_balls,dots,maidens,conceded,fours_conceded,sixes_conceded,wickets,LBW,Bowled,noballs,wides,economy_rate,catches,stumping,direct_hit,indirect_hit,strike_rate_fp,batting_fp,bowling_fp,fielding_fp,total_fp
1399154,0.4166666666666667,0.0,0.01282051282051282,0.0,0.0,0.0,0.8,0.8,0.125,0.0,0.6344086021505377,0.16666666666666666,0.75,0.14285714285714285,0.3333333333333333,0.0,0.0,0.15000000000000002,0.16421732353596083,0.0,0.0,0.0,0.0,0,-2,30,0,28
1399152,0.6666666666666666,0.011428571428571429,0.08974358974358974,0.0,0.0,0.0357125,0.4,0.4,0.3333333333333333,0.0,0.12903225806451613,0.0,0.125,0.14285714285714285,0.0,0.0,0.0,0.15000000000000002,0.06680026720106881,0.0,0.0,0.0,0.0,0,2,35,0,37
1399151,0.5833333333333333,0.02857142857142857,0.11538461538461538,0.045454545454545456,0.0,0.06945,0.2,0.2,0.125,0.0,0.043010752688172046,0.0,0.0,0.0,0.0,0.0,0.0,0.0,0.04453351146737921,0.0,0.0,0.0,0.0,0,9,3,0,12
1359799,0.49999999999999994,0.022857142857142857,0.038461538461538464,0.045454545454545456,0.0,0.16666250000000002,0.0,0.0,0.0,0.0,0.0,0.0,0.0,0.0,0.0,0.0,0.0,0.0,0.0,0.0,0.0,0.0,0.0,0,8,0,0,8
1359792,0.5833333333333333,0.13142857142857142,0.3076923076923077,0.09090909090909091,0.0,0.1197875,0.2,0.2,0.125,0.0,0.10752688172043012,0.16666666666666666,0.0,0.0,0.0,0.0,0.0,0.05,0.11133377866844803,0.0,0.0,0.0,0.0,0,31,3,0,34
1359794,0.5833333333333333,0.02857142857142857,0.0641025641025641,0.045454545454545456,0.0,0.125,0.0,0.0,0.0,0.0,0.0,0.0,0.0,0.0,0.0,0.0,0.0,0.0,0.0,0.0,0.0,0.0,0.0,0,9,0,0,9
