match_id,batting_position,runs,balls,fours,sixes,strike_rate,overs,total_balls,dots,maidens,conceded,fours_conceded,sixes_conceded,wickets,LBW,Bowled,noballs,wides,economy_rate,catches,stumping,direct_hit,indirect_hit,strike_rate_fp,batting_fp,bowling_fp,fielding_fp,total_fp
1436494,0.08333333333333333,0.09714285714285714,0.3333333333333333,0.13636363636363635,0.0,0.08172499999999999,0.6000000000000001,0.6,0.125,0.0,0.5376344086021506,0.25,0.625,0.14285714285714285,0.0,0.0,0.0,0.05,0.1855934090403029,0.16666666666666666,0.0,0.0,0.0,-2,27,22,8,57
1436483,0.08333333333333333,0.4114285714285714,0.48717948717948717,0.5454545454545454,0.1111111111111111,0.2368375,0.8,0.8,0.5,0.0,0.2903225806451613,0.16666666666666666,0.125,0.0,0.0,0.0,0.0,0.1,0.07515030060120241,0.0,0.0,0.0,0.0,6,146,14,0,160
1436477,0.08333333333333333,0.2,0.4615384615384615,0.2727272727272727,0.0,0.12152500000000001,0.8,0.8,0.5,0.0,0.22580645161290325,0.08333333333333333,0.125,0.7142857142857142,0.0,0.14285714285714285,0.1,0.0,0.05845023380093521,0.0,0.0,0.0,0.0,0,63,161,0,224
1436474,0.08333333333333333,0.02857142857142857,0.08974358974358974,0.045454545454545456,0.0,0.0892875,0.8,0.8,0.5416666666666666,0.0,0.22580645161290325,0.25,0.0,0.14285714285714285,0.0,0.0,0.0,0.0,0.05845023380093521,0.16666666666666666,0.0,0.0,0.0,0,9,42,8,59
