match_id,batting_position,runs,balls,fours,sixes,strike_rate,overs,total_balls,dots,maidens,conceded,fours_conceded,sixes_conceded,wickets,LBW,Bowled,noballs,wides,economy_rate,catches,stumping,direct_hit,indirect_hit,strike_rate_fp,batting_fp,bowling_fp,fielding_fp,total_fp
756781,0.6666666666666666,0.0,0.0,0.0,0.0,0.0,0.2,0.2,0.0,0.0,0.10752688172043012,0.08333333333333333,0.0,0.0,0.0,0.0,0.0,0.0,0.11133377866844803,0.16666666666666666,0.0,0.0,0.0,0,0,0,8,8
571260,0.08333333333333333,0.022857142857142857,0.02564102564102564,0.045454545454545456,0.0,0.25,0.6000000000000001,0.6,0.20833333333333331,0.0,0.3010752688172043,0.16666666666666666,0.125,0.14285714285714285,0.0,0.14285714285714285,0.1,0.0,0.103874415497662,0.0,0.0,0.0,0.0,0,8,38,0,46
571256,0.08333333333333333,0.08,0.21794871794871795,0.0,0.05555555555555555,0.1029375,0.0,0.0,0.0,0.0,0.0,0.0,0.0,0.0,0.0,0.0,0.0,0.0,0.0,0.16666666666666666,0.0,0.0,0.0,0,20,0,8,28
571252,0.49999999999999994,0.08571428571428572,0.16666666666666666,0.0,0.05555555555555555,0.144225,0.0,0.0,0.0,0.0,0.0,0.0,0.0,0.0,0.0,0.0,0.0,0.0,0.0,0.16666666666666666,0.0,0.0,0.0,0,21,0,8,29
571250,0.49999999999999994,0.05142857142857143,0.11538461538461538,0.045454545454545456,0.0,0.125,0.0,0.0,0.0,0.0,0.0,0.0,0.0,0.0,0.0,0.0,0.0,0.0,0.0,0.0,0.0,0.0,0.0,0,13,0,0,13
