match_id,batting_position,runs,balls,fours,sixes,strike_rate,overs,total_balls,dots,maidens,conceded,fours_conceded,sixes_conceded,wickets,LBW,Bowled,noballs,wides,economy_rate,catches,stumping,direct_hit,indirect_hit,strike_rate_fp,batting_fp,bowling_fp,fielding_fp,total_fp
599882,0.8333333333333333,0.011428571428571429,0.02564102564102564,0.0,0.0,0.125,0.2,0.2,0.08333333333333333,0.0,0.10752688172043012,0.16666666666666666,0.0,0.0,0.0,0.0,0.0,0.0,0.11133377866844803,0.0,0.0,0.0,0.0,0,2,2,0,4
599878,0.8333333333333333,0.0,0.0,0.0,0.0,0.0,0.4,0.4,0.041666666666666664,0.0,0.1827956989247312,0.0,0.125,0.0,0.0,0.0,0.0,0.0,0.09463371186818081,0.0,0.0,0.0,0.0,0,0,1,0,1
599873,0.49999999999999994,0.0,0.0,0.0,0.0,0.0,0.6000000000000001,0.6,0.25,0.0,0.3118279569892473,0.16666666666666666,0.25,0.14285714285714285,0.0,0.0,0.0,0.0,0.10765976397238924,0.0,0.0,0.0,0.0,0,0,31,0,31
