match_id,batting_position,runs,balls,fours,sixes,strike_rate,overs,total_balls,dots,maidens,conceded,fours_conceded,sixes_conceded,wickets,LBW,Bowled,noballs,wides,economy_rate,catches,stumping,direct_hit,indirect_hit,strike_rate_fp,batting_fp,bowling_fp,fielding_fp,total_fp
1436488,0.0,0.17142857142857143,0.21794871794871795,0.2272727272727273,0.05555555555555555,0.2205875,0.0,0.0,0.0,0.0,0.0,0.0,0.0,0.0,0.0,0.0,0.0,0.0,0.0,0.16666666666666666,0.0,0.0,0.0,6,66,0,8,74
1436483,0.08333333333333333,0.2,0.3076923076923077,0.13636363636363635,0.1111111111111111,0.18228750000000002,0.0,0.0,0.0,0.0,0.0,0.0,0.0,0.0,0.0,0.0,0.0,0.0,0.0,0.0,0.0,0.0,0.0,2,65,0,0,65
1436482,0.08333333333333333,0.022857142857142857,0.08974358974358974,0.0,0.0,0.071425,0.0,0.0,0.0,0.0,0.0,0.0,0.0,0.0,0.0,0.0,0.0,0.0,0.0,0.0,0.0,0.3333333333333333,0.0,0,4,0,12,16
1436472,0.0,0.32571428571428573,0.5769230769230769,0.36363636363636365,0.0,0.1583375,0.0,0.0,0.0,0.0,0.0,0.0,0.0,0.0,0.0,0.0,0.0,0.0,0.0,0.0,0.25,0.0,0.0,0,97,0,12,109
1434162,0.0,0.14857142857142858,0.23076923076923075,0.18181818181818182,0.05555555555555555,0.18055,0.0,0.0,0.0,0.0,0.0,0.0,0.0,0.0,0.0,0.0,0.0,0.0,0.0,0.0,0.0,0.3333333333333333,0.0,2,54,0,12,66
1390169,0.8333333333333333,0.0,0.0,0.0,0.0,0.0,0.7000000000000001,0.7,0.625,0.0,0.06451612903225806,0.0,0.0,0.42857142857142855,0.3333333333333333,0.0,0.0,0.0,0.01903807615230461,0.3333333333333333,0.0,0.0,0.0,0,0,108,16,124
1390167,0.08333333333333333,0.2057142857142857,0.2948717948717949,0.13636363636363635,0.1111111111111111,0.19565000000000002,0.0,0.0,0.0,0.0,0.0,0.0,0.0,0.0,0.0,0.0,0.0,0.0,0.0,0.0,0.0,0.0,0.0,4,68,0,0,68
1380586,0.0,0.14285714285714285,0.24358974358974358,0.2727272727272727,0.0,0.164475,0.0,0.0,0.0,0.0,0.0,0.0,0.0,0.0,0.0,0.0,0.0,0.0,0.0,0.0,0.0,0.0,0.0,2,55,0,0,55
1380587,0.0,0.12,0.1794871794871795,0.13636363636363635,0.0,0.1875,0.0,0.0,0.0,0.0,0.0,0.0,0.0,0.0,0.0,0.0,0.0,0.0,0.0,0.16666666666666666,0.0,0.0,0.0,0,33,0,8,41
