match_id,batting_position,runs,balls,fours,sixes,strike_rate,overs,total_balls,dots,maidens,conceded,fours_conceded,sixes_conceded,wickets,LBW,Bowled,noballs,wides,economy_rate,catches,stumping,direct_hit,indirect_hit,strike_rate_fp,batting_fp,bowling_fp,fielding_fp,total_fp
1443079,0.5833333333333333,0.005714285714285714,0.02564102564102564,0.0,0.0,0.0625,0.4,0.4,0.0,0.0,0.23655913978494625,0.25,0.0,0.0,0.0,0.0,0.0,0.0,0.12246715653529283,0.0,0.0,0.0,0.0,0,1,-2,0,-1
1269680,0.5833333333333333,0.0,0.0,0.0,0.0,0.0,0.2,0.2,0.041666666666666664,0.0,0.13978494623655915,0.08333333333333333,0.125,0.0,0.0,0.0,0.0,0.0,0.14473391226898244,0.0,0.0,0.0,0.3333333333333333,0,0,1,6,7
1269668,0.5833333333333333,0.005714285714285714,0.05128205128205128,0.0,0.0,0.03125,0.4,0.4,0.125,0.0,0.17204301075268819,0.0,0.125,0.0,0.0,0.0,0.0,0.0,0.08906702293475842,0.0,0.0,0.0,0.0,0,1,3,0,4
