match_id,batting_position,runs,balls,fours,sixes,strike_rate,overs,total_balls,dots,maidens,conceded,fours_conceded,sixes_conceded,wickets,LBW,Bowled,noballs,wides,economy_rate,catches,stumping,direct_hit,indirect_hit,strike_rate_fp,batting_fp,bowling_fp,fielding_fp,total_fp
1074970,0.49999999999999994,0.06857142857142857,0.1282051282051282,0.09090909090909091,0.0,0.15,0.8,0.8,0.125,0.0,0.39784946236559143,0.16666666666666666,0.125,0.2857142857142857,0.0,0.0,0.0,0.1,0.10298374526831443,0.16666666666666666,0.0,0.0,0.0,0,20,53,8,81
1074968,0.4166666666666667,0.0,0.0,0.0,0.0,0.0,0.8,0.8,0.4583333333333333,0.0,0.24731182795698928,0.16666666666666666,0.0,0.2857142857142857,0.3333333333333333,0.14285714285714285,0.0,0.1,0.06401692273435762,0.0,0.0,0.0,0.0,0,0,81,0,81
1074964,0.49999999999999994,0.12571428571428572,0.1282051282051282,0.0,0.1111111111111111,0.275,0.8,0.8,0.5416666666666666,0.0,0.1827956989247312,0.08333333333333333,0.0,0.2857142857142857,0.0,0.14285714285714285,0.0,0.0,0.04731685593409041,0.0,0.0,0.0,0.0,6,40,77,0,117
1074957,0.4166666666666667,0.0,0.0,0.0,0.0,0.0,0.8,0.8,0.25,0.0,0.23655913978494625,0.08333333333333333,0.0,0.0,0.0,0.0,0.0,0.0,0.061233578267646416,0.16666666666666666,0.0,0.0,0.3333333333333333,0,0,10,14,24
951323,0.49999999999999994,0.0,0.0,0.0,0.0,0.0,0.8,0.8,0.375,0.0,0.20430107526881722,0.0,0.0,0.14285714285714285,0.0,0.0,0.0,0.0,0.05288354486751281,0.0,0.0,0.0,0.0,0,0,40,0,40
875549,0.5833333333333333,0.0,0.0,0.0,0.0,0.0,0.6000000000000001,0.6,0.4583333333333333,0.0,0.09677419354838711,0.0,0.0,0.0,0.0,0.0,0.0,0.0,0.033400133600534405,0.16666666666666666,0.0,0.0,0.0,0,0,17,8,25
875525,0.6666666666666666,0.0,0.0,0.0,0.0,0.0,0.8,0.8,0.16666666666666666,0.0,0.41935483870967744,0.25,0.25,0.14285714285714285,0.0,0.0,0.0,0.05,0.10855043420173682,0.16666666666666666,0.0,0.0,0.0,0,0,29,8,37
875511,0.5833333333333333,0.0,0.0,0.0,0.0,0.0,0.8,0.8,0.4583333333333333,0.0,0.3118279569892473,0.08333333333333333,0.125,0.14285714285714285,0.0,0.0,0.0,0.30000000000000004,0.08071698953462482,0.16666666666666666,0.0,0.0,0.0,0,0,36,8,44
875499,0.6666666666666666,0.0,0.0,0.0,0.0,0.0,0.8,0.8,0.375,0.0,0.19354838709677422,0.0,0.0,0.14285714285714285,0.0,0.14285714285714285,0.0,0.0,0.05010020040080161,0.0,0.0,0.0,0.0,0,0,48,0,48
