match_id,batting_position,runs,balls,fours,sixes,strike_rate,overs,total_balls,dots,maidens,conceded,fours_conceded,sixes_conceded,wickets,LBW,Bowled,noballs,wides,economy_rate,catches,stumping,direct_hit,indirect_hit,strike_rate_fp,batting_fp,bowling_fp,fielding_fp,total_fp
660205,0.3333333333333333,0.08,0.21794871794871795,0.0,0.0,0.1029375,0.8,0.8,0.25,0.0,0.2688172043010753,0.16666666666666666,0.0,0.0,0.0,0.0,0.0,0.0,0.06958361166778002,0.0,0.0,0.0,0.0,0,14,8,0,22
660147,0.3333333333333333,0.16,0.3846153846153846,0.09090909090909091,0.0,0.1166625,0.8,0.8,0.4583333333333333,0.0,0.2688172043010753,0.16666666666666666,0.125,0.2857142857142857,0.0,0.14285714285714285,0.0,0.05,0.06958361166778002,0.0,0.0,0.0,0.0,0,40,71,0,111
660133,0.49999999999999994,0.005714285714285714,0.02564102564102564,0.0,0.0,0.0625,0.8,0.8,0.25,0.0,0.37634408602150543,0.16666666666666666,0.25,0.14285714285714285,0.0,0.0,0.0,0.0,0.09741705633489202,0.0,0.0,0.0,0.0,0,1,31,0,32
660115,0.4166666666666667,0.06857142857142857,0.21794871794871795,0.0,0.0,0.08823750000000001,0.8,0.8,0.5833333333333333,0.0,0.17204301075268819,0.08333333333333333,0.0,0.0,0.0,0.0,0.0,0.0,0.04453351146737921,0.0,0.0,0.0,0.0,0,12,20,0,32
660095,0.4166666666666667,0.12571428571428572,0.3846153846153846,0.0,0.0,0.0916625,0.4,0.4,0.125,0.0,0.15053763440860216,0.08333333333333333,0.0,0.0,0.0,0.0,0.0,0.0,0.07793364506791362,0.16666666666666666,0.0,0.0,0.0,0,22,5,8,35
