match_id,batting_position,runs,balls,fours,sixes,strike_rate,overs,total_balls,dots,maidens,conceded,fours_conceded,sixes_conceded,wickets,LBW,Bowled,noballs,wides,economy_rate,catches,stumping,direct_hit,indirect_hit,strike_rate_fp,batting_fp,bowling_fp,fielding_fp,total_fp
533275,0.3333333333333333,0.06285714285714286,0.23076923076923075,0.0,0.0,0.0763875,0.13340000000000002,0.13333333333333333,0.041666666666666664,0.0,0.03225806451612903,0.0,0.0,0.0,0.0,0.0,0.0,0.0,0.05010020040080161,0.0,0.0,0.0,0.0,-2,9,1,0,10
520596,0.08333333333333333,0.18285714285714286,0.24358974358974358,0.09090909090909091,0.16666666666666666,0.210525,0.0,0.0,0.0,0.0,0.0,0.0,0.0,0.0,0.0,0.0,0.0,0.0,0.0,0.0,0.0,0.0,0.0,4,66,0,0,66
439139,0.25,0.0,0.02564102564102564,0.0,0.0,0.0,0.2,0.2,0.041666666666666664,0.0,0.10752688172043012,0.0,0.125,0.0,0.0,0.0,0.0,0.0,0.11133377866844803,0.0,0.0,0.0,0.0,0,-2,1,0,-1
287858,0.3333333333333333,0.011428571428571429,0.07692307692307693,0.0,0.0,0.0416625,0.0,0.0,0.0,0.0,0.0,0.0,0.0,0.0,0.0,0.0,0.0,0.0,0.0,0.16666666666666666,0.0,0.0,0.0,0,2,0,8,10
287856,0.3333333333333333,0.017142857142857144,0.10256410256410256,0.0,0.0,0.046875,0.0,0.0,0.0,0.0,0.0,0.0,0.0,0.0,0.0,0.0,0.0,0.0,0.0,0.16666666666666666,0.0,0.0,0.0,0,3,0,8,11
