match_id,batting_position,runs,balls,fours,sixes,strike_rate,overs,total_balls,dots,maidens,conceded,fours_conceded,sixes_conceded,wickets,LBW,Bowled,noballs,wides,economy_rate,catches,stumping,direct_hit,indirect_hit,strike_rate_fp,batting_fp,bowling_fp,fielding_fp,total_fp
1280269,0.6666666666666666,0.0,0.0,0.0,0.0,0.0,0.6000000000000001,0.6,0.125,0.0,0.32258064516129037,0.3333333333333333,0.0,0.0,0.0,0.0,0.0,0.05,0.11133377866844803,0.0,0.0,0.0,0.0,0,0,1,0,1
1280249,0.8333333333333333,0.0,0.0,0.0,0.0,0.0,0.6000000000000001,0.6,0.20833333333333331,0.0,0.34408602150537637,0.25,0.25,0.0,0.0,0.0,0.0,0.0,0.11879314183923403,0.0,0.0,0.0,0.0,0,0,3,0,3
1205826,0.16666666666666669,0.0,0.0,0.0,0.0,0.0,0.6000000000000001,0.6,0.5,0.25,0.16129032258064518,0.25,0.0,0.14285714285714285,0.0,0.0,0.0,0.0,0.055666889334224014,0.0,0.0,0.0,0.0,0,0,53,0,53
1205817,0.5833333333333333,0.0,0.0,0.0,0.0,0.0,0.8,0.8,0.3333333333333333,0.0,0.40860215053763443,0.3333333333333333,0.25,0.14285714285714285,0.0,0.0,0.0,0.0,0.10576708973502562,0.0,0.0,0.0,0.0,0,0,33,0,33
1205790,0.49999999999999994,0.0,0.0,0.0,0.0,0.0,0.8,0.8,0.375,0.0,0.5483870967741936,0.25,0.625,0.0,0.0,0.0,0.1,0.0,0.14195056780227122,0.16666666666666666,0.0,0.0,0.0,0,0,3,8,11
1205781,0.8333333333333333,0.005714285714285714,0.02564102564102564,0.0,0.0,0.0625,0.6000000000000001,0.6,0.375,0.0,0.24731182795698928,0.3333333333333333,0.0,0.2857142857142857,0.0,0.14285714285714285,0.0,0.0,0.08539300823869964,0.0,0.0,0.0,0.0,0,1,67,0,68
1205763,0.5833333333333333,0.0,0.0,0.0,0.0,0.0,0.4,0.4,0.125,0.0,0.1827956989247312,0.08333333333333333,0.125,0.14285714285714285,0.0,0.14285714285714285,0.0,0.0,0.09463371186818081,0.0,0.0,0.0,0.0,0,0,36,0,36
902139,0.49999999999999994,0.0,0.0,0.0,0.0,0.0,0.8,0.8,0.29166666666666663,0.0,0.3118279569892473,0.3333333333333333,0.0,0.0,0.0,0.0,0.0,0.05,0.08071698953462482,0.3333333333333333,0.0,0.0,0.0,0,0,7,16,23
