match_id,batting_position,runs,balls,fours,sixes,strike_rate,overs,total_balls,dots,maidens,conceded,fours_conceded,sixes_conceded,wickets,LBW,Bowled,noballs,wides,economy_rate,catches,stumping,direct_hit,indirect_hit,strike_rate_fp,batting_fp,bowling_fp,fielding_fp,total_fp
1155316,0.6666666666666666,0.08571428571428572,0.34615384615384615,0.09090909090909091,0.0,0.06945,0.8,0.8,0.41666666666666663,0.0,0.25806451612903225,0.08333333333333333,0.125,0.14285714285714285,0.0,0.14285714285714285,0.0,0.0,0.06680026720106881,0.0,0.0,0.0,0.0,-4,19,45,0,64
1155308,0.49999999999999994,0.06285714285714286,0.10256410256410256,0.045454545454545456,0.0,0.171875,0.8,0.8,0.4583333333333333,0.0,0.2688172043010753,0.08333333333333333,0.0,0.14285714285714285,0.0,0.14285714285714285,0.0,0.1,0.06958361166778002,0.0,0.0,0.0,0.0,0,15,46,0,61
1155310,0.4166666666666667,0.011428571428571429,0.16666666666666666,0.0,0.0,0.019225000000000003,0.8,0.8,0.25,0.0,0.40860215053763443,0.08333333333333333,0.125,0.14285714285714285,0.0,0.0,0.0,0.30000000000000004,0.10576708973502562,0.0,0.0,0.0,0.0,-6,-4,31,0,27
