match_id,batting_position,runs,balls,fours,sixes,strike_rate,overs,total_balls,dots,maidens,conceded,fours_conceded,sixes_conceded,wickets,LBW,Bowled,noballs,wides,economy_rate,catches,stumping,direct_hit,indirect_hit,strike_rate_fp,batting_fp,bowling_fp,fielding_fp,total_fp
973777,0.6666666666666666,0.0,0.0,0.0,0.0,0.0,0.8,0.8,0.41666666666666663,0.25,0.19354838709677422,0.08333333333333333,0.0,0.5714285714285714,0.3333333333333333,0.0,0.0,0.0,0.05010020040080161,0.0,0.0,0.0,0.0,0,0,144,0,144
811137,0.8333333333333333,0.0,0.0,0.0,0.0,0.0,0.7666000000000001,0.7666666666666666,0.29166666666666663,0.0,0.33333333333333337,0.16666666666666666,0.125,0.2857142857142857,0.0,0.14285714285714285,0.0,0.05,0.09006902694277445,0.0,0.0,0.0,0.0,0,0,65,0,65
811125,0.6666666666666666,0.045714285714285714,0.05128205128205128,0.0,0.05555555555555555,0.25,0.8,0.8,0.375,0.0,0.41935483870967744,0.16666666666666666,0.375,0.14285714285714285,0.0,0.0,0.0,0.0,0.10855043420173682,0.0,0.0,0.0,0.0,0,14,34,0,48
811119,0.8333333333333333,0.0,0.0,0.0,0.0,0.0,0.8,0.8,0.16666666666666666,0.0,0.4838709677419355,0.16666666666666666,0.375,0.14285714285714285,0.0,0.0,0.0,0.0,0.12525050100200402,0.0,0.0,0.0,0.0,0,0,25,0,25
811111,0.8333333333333333,0.0,0.0,0.0,0.0,0.0,0.7666000000000001,0.7666666666666666,0.5,0.0,0.11827956989247312,0.0,0.0,0.42857142857142855,0.3333333333333333,0.14285714285714285,0.0,0.0,0.03195279447784458,0.0,0.0,0.0,0.0,0,0,113,0,113
