match_id,batting_position,runs,balls,fours,sixes,strike_rate,overs,total_balls,dots,maidens,conceded,fours_conceded,sixes_conceded,wickets,LBW,Bowled,noballs,wides,economy_rate,catches,stumping,direct_hit,indirect_hit,strike_rate_fp,batting_fp,bowling_fp,fielding_fp,total_fp
1155308,0.25,0.011428571428571429,0.0641025641025641,0.0,0.0,0.05,0.8,0.8,0.5416666666666666,0.0,0.22580645161290325,0.0,0.125,0.14285714285714285,0.0,0.0,0.1,0.0,0.05845023380093521,0.0,0.0,0.0,0.0,0,2,42,0,44
1155310,0.7499999999999999,0.0,0.0,0.0,0.0,0.0,0.4,0.4,0.29166666666666663,0.0,0.11827956989247312,0.16666666666666666,0.0,0.0,0.0,0.0,0.0,0.0,0.061233578267646416,0.0,0.0,0.0,0.0,0,0,11,0,11
