match_id,batting_position,runs,balls,fours,sixes,strike_rate,overs,total_balls,dots,maidens,conceded,fours_conceded,sixes_conceded,wickets,LBW,Bowled,noballs,wides,economy_rate,catches,stumping,direct_hit,indirect_hit,strike_rate_fp,batting_fp,bowling_fp,fielding_fp,total_fp
1444949,0.7499999999999999,0.0,0.05128205128205128,0.0,0.0,0.0,0.0,0.0,0.0,0.0,0.0,0.0,0.0,0.0,0.0,0.0,0.0,0.0,0.0,0.0,0.0,0.0,0.0,0,0,0,0,0
1444947,0.6666666666666666,0.05714285714285714,0.14102564102564102,0.045454545454545456,0.0,0.1136375,0.4,0.4,0.25,0.0,0.17204301075268819,0.16666666666666666,0.0,0.14285714285714285,0.0,0.0,0.0,0.2,0.08906702293475842,0.0,0.0,0.0,0.0,0,14,31,0,45
