match_id,batting_position,runs,balls,fours,sixes,strike_rate,overs,total_balls,dots,maidens,conceded,fours_conceded,sixes_conceded,wickets,LBW,Bowled,noballs,wides,economy_rate,catches,stumping,direct_hit,indirect_hit,strike_rate_fp,batting_fp,bowling_fp,fielding_fp,total_fp
1283094,0.7499999999999999,0.0,0.01282051282051282,0.0,0.0,0.0,0.2,0.2,0.20833333333333331,0.0,0.021505376344086023,0.0,0.0,0.0,0.0,0.0,0.0,0.05,0.022266755733689605,0.0,0.0,0.0,0.0,0,0,5,0,5
1283093,0.7499999999999999,0.011428571428571429,0.05128205128205128,0.0,0.0,0.0625,0.8,0.8,0.5833333333333333,0.0,0.15053763440860216,0.08333333333333333,0.0,0.0,0.0,0.0,0.0,0.0,0.03896682253395681,0.0,0.0,0.0,0.0,0,2,20,0,22
1283092,0.4166666666666667,0.0,0.0,0.0,0.0,0.0,0.8,0.8,0.5833333333333333,0.0,0.22580645161290325,0.08333333333333333,0.125,0.2857142857142857,0.0,0.14285714285714285,0.1,0.25,0.05845023380093521,0.16666666666666666,0.0,0.0,0.0,0,0,76,8,84
1283091,0.6666666666666666,0.11428571428571428,0.15384615384615385,0.045454545454545456,0.05555555555555555,0.20833749999999998,0.6000000000000001,0.6,0.5,0.0,0.10752688172043012,0.0,0.0,0.14285714285714285,0.0,0.0,0.0,0.1,0.037074148296593196,0.0,0.0,0.0,0.0,4,34,43,0,77
1283089,0.6666666666666666,0.03428571428571429,0.05128205128205128,0.045454545454545456,0.0,0.1875,0.8,0.8,0.5,0.0,0.1827956989247312,0.16666666666666666,0.0,0.14285714285714285,0.0,0.14285714285714285,0.0,0.0,0.04731685593409041,0.0,0.0,0.0,0.0,0,10,51,0,61
1275045,0.5833333333333333,0.0,0.0,0.0,0.0,0.0,0.4,0.4,0.29166666666666663,0.0,0.08602150537634409,0.08333333333333333,0.0,0.42857142857142855,0.0,0.0,0.0,0.0,0.04453351146737921,0.0,0.0,0.0,0.0,0,0,92,0,92
1275047,0.7499999999999999,0.0,0.0,0.0,0.0,0.0,0.8,0.8,0.41666666666666663,0.0,0.2795698924731183,0.16666666666666666,0.125,0.2857142857142857,0.0,0.0,0.0,0.1,0.07236695613449122,0.0,0.0,0.0,0.0,0,0,62,0,62
1275042,0.8333333333333333,0.0,0.0,0.0,0.0,0.0,0.6000000000000001,0.6,0.20833333333333331,0.0,0.3118279569892473,0.3333333333333333,0.0,0.0,0.0,0.0,0.0,0.15000000000000002,0.10765976397238924,0.16666666666666666,0.0,0.0,0.0,0,0,5,8,13
