match_id,batting_position,runs,balls,fours,sixes,strike_rate,overs,total_balls,dots,maidens,conceded,fours_conceded,sixes_conceded,wickets,LBW,Bowled,noballs,wides,economy_rate,catches,stumping,direct_hit,indirect_hit,strike_rate_fp,batting_fp,bowling_fp,fielding_fp,total_fp
1217744,0.7499999999999999,0.0,0.0,0.0,0.0,0.0,0.8,0.8,0.6666666666666666,0.25,0.06451612903225806,0.0,0.0,0.14285714285714285,0.0,0.14285714285714285,0.0,0.0,0.016700066800267203,0.0,0.0,0.0,0.0,0,0,67,0,67
778023,0.7499999999999999,0.0,0.0,0.0,0.0,0.0,0.8,0.8,0.7916666666666666,0.0,0.11827956989247312,0.08333333333333333,0.0,0.2857142857142857,0.0,0.2857142857142857,0.0,0.15000000000000002,0.030616789133823208,0.0,0.0,0.0,0.0,0,0,91,0,91
