match_id,batting_position,runs,balls,fours,sixes,strike_rate,overs,total_balls,dots,maidens,conceded,fours_conceded,sixes_conceded,wickets,LBW,Bowled,noballs,wides,economy_rate,catches,stumping,direct_hit,indirect_hit,strike_rate_fp,batting_fp,bowling_fp,fielding_fp,total_fp
1471826,0.7499999999999999,0.0,0.0,0.0,0.0,0.0,0.0,0.0,0.0,0.0,0.0,0.0,0.0,0.0,0.0,0.0,0.0,0.0,0.0,0.16666666666666666,0.0,0.0,0.0,0,0,0,8,8
1471823,0.49999999999999994,0.011428571428571429,0.05128205128205128,0.0,0.0,0.0625,0.0,0.0,0.0,0.0,0.0,0.0,0.0,0.0,0.0,0.0,0.0,0.0,0.0,0.0,0.0,0.0,0.0,0,2,0,0,2
1471822,0.7499999999999999,0.017142857142857144,0.05128205128205128,0.0,0.0,0.09375,0.0,0.0,0.0,0.0,0.0,0.0,0.0,0.0,0.0,0.0,0.0,0.0,0.0,0.16666666666666666,0.0,0.0,0.0,0,3,0,8,11
1456869,0.5833333333333333,0.0,0.0,0.0,0.0,0.0,0.2,0.2,0.08333333333333333,0.0,0.05376344086021506,0.0,0.0,0.0,0.0,0.0,0.0,0.05,0.055666889334224014,0.0,0.0,0.0,0.0,0,0,2,0,2
1453919,0.8333333333333333,0.0,0.0,0.0,0.0,0.0,0.7000000000000001,0.7,0.5,0.0,0.20430107526881722,0.0,0.125,0.2857142857142857,0.0,0.14285714285714285,0.1,0.1,0.06045424181696727,0.0,0.0,0.0,0.6666666666666666,0,0,74,12,86
