match_id,batting_position,runs,balls,fours,sixes,strike_rate,overs,total_balls,dots,maidens,conceded,fours_conceded,sixes_conceded,wickets,LBW,Bowled,noballs,wides,economy_rate,catches,stumping,direct_hit,indirect_hit,strike_rate_fp,batting_fp,bowling_fp,fielding_fp,total_fp
1299570,0.7499999999999999,0.0,0.0,0.0,0.0,0.0,0.4,0.4,0.125,0.0,0.24731182795698928,0.25,0.125,0.0,0.0,0.0,0.0,0.0,0.12803384546871524,0.0,0.0,0.0,0.0,0,0,-1,0,-1
1299567,0.49999999999999994,0.0,0.0,0.0,0.0,0.0,0.8,0.8,0.16666666666666666,0.0,0.23655913978494625,0.0,0.0,0.0,0.0,0.0,0.0,0.05,0.061233578267646416,0.0,0.0,0.0,0.0,0,0,8,0,8
1286685,0.5833333333333333,0.0,0.0,0.0,0.0,0.0,0.2,0.2,0.041666666666666664,0.0,0.043010752688172046,0.0,0.0,0.0,0.0,0.0,0.0,0.0,0.04453351146737921,0.0,0.0,0.0,0.0,0,0,1,0,1
1286674,0.6666666666666666,0.0,0.0,0.0,0.0,0.0,1.0,1.0,0.3333333333333333,0.0,0.6344086021505377,0.3333333333333333,0.5,0.42857142857142855,0.3333333333333333,0.0,0.0,0.2,0.13137385882876867,0.0,0.0,0.0,0.0,0,0,91,0,91
1286670,0.7499999999999999,0.0,0.0,0.0,0.0,0.0,0.2,0.2,0.125,0.0,0.08602150537634409,0.16666666666666666,0.0,0.0,0.0,0.0,0.0,0.0,0.08906702293475842,0.0,0.0,0.0,0.0,0,0,3,0,3
