match_id,batting_position,runs,balls,fours,sixes,strike_rate,overs,total_balls,dots,maidens,conceded,fours_conceded,sixes_conceded,wickets,LBW,Bowled,noballs,wides,economy_rate,catches,stumping,direct_hit,indirect_hit,strike_rate_fp,batting_fp,bowling_fp,fielding_fp,total_fp
1130717,0.8333333333333333,0.0,0.0,0.0,0.0,0.0,0.6000000000000001,0.6,0.08333333333333333,0.0,0.25806451612903225,0.16666666666666666,0.0,0.0,0.0,0.0,0.0,0.0,0.08906702293475842,0.0,0.0,0.0,0.0,0,0,2,0,2
1130703,0.49999999999999994,0.03428571428571429,0.038461538461538464,0.045454545454545456,0.0,0.25,0.6000000000000001,0.6,0.25,0.0,0.23655913978494625,0.16666666666666666,0.0,0.0,0.0,0.0,0.0,0.05,0.0816076597639724,0.0,0.0,0.0,0.0,0,10,6,0,16
1130685,0.49999999999999994,0.11428571428571428,0.24358974358974358,0.0,0.0,0.131575,0.4,0.4,0.08333333333333333,0.0,0.2688172043010753,0.08333333333333333,0.25,0.14285714285714285,0.0,0.0,0.0,0.0,0.13916722333556003,0.0,0.0,0.0,0.0,0,20,21,0,41
1130677,0.3333333333333333,0.08,0.1794871794871795,0.0,0.0,0.125,0.8,0.8,0.375,0.0,0.2688172043010753,0.16666666666666666,0.0,0.0,0.0,0.0,0.0,0.0,0.06958361166778002,0.0,0.0,0.0,0.0,0,14,11,0,25
