match_id,batting_position,runs,balls,fours,sixes,strike_rate,overs,total_balls,dots,maidens,conceded,fours_conceded,sixes_conceded,wickets,LBW,Bowled,noballs,wides,economy_rate,catches,stumping,direct_hit,indirect_hit,strike_rate_fp,batting_fp,bowling_fp,fielding_fp,total_fp
1082643,0.6666666666666666,0.0,0.07692307692307693,0.0,0.0,0.0,0.4334,0.43333333333333335,0.041666666666666664,0.0,0.33333333333333337,0.5,0.0,0.0,0.0,0.0,0.0,0.0,0.15931863727454912,0.0,0.0,0.0,0.0,0,-2,-5,0,-7
1082640,0.8333333333333333,0.0,0.0,0.0,0.0,0.0,0.0,0.0,0.0,0.0,0.0,0.0,0.0,0.0,0.0,0.0,0.0,0.0,0.0,0.0,0.0,0.0,0.0,0,0,0,0,0
1082637,0.8333333333333333,0.0,0.0,0.0,0.0,0.0,0.6000000000000001,0.6,0.125,0.0,0.2903225806451613,0.08333333333333333,0.125,0.0,0.0,0.0,0.0,0.0,0.10020040080160322,0.0,0.0,0.0,0.0,0,0,3,0,3
1082632,0.8333333333333333,0.0,0.0,0.0,0.0,0.0,0.4,0.4,0.08333333333333333,0.0,0.2795698924731183,0.0,0.375,0.0,0.0,0.0,0.0,0.0,0.14473391226898244,0.0,0.0,0.0,0.0,0,0,-4,0,-4
1082629,0.8333333333333333,0.0,0.01282051282051282,0.0,0.0,0.0,0.8,0.8,0.5,0.0,0.17204301075268819,0.0,0.0,0.0,0.0,0.0,0.0,0.05,0.04453351146737921,0.16666666666666666,0.0,0.0,0.0,0,-2,18,8,24
1082625,0.8333333333333333,0.04,0.02564102564102564,0.0,0.05555555555555555,0.4375,0.8,0.8,0.5416666666666666,0.0,0.17204301075268819,0.08333333333333333,0.0,0.14285714285714285,0.3333333333333333,0.0,0.0,0.05,0.04453351146737921,0.0,0.0,0.0,0.0,0,13,52,0,65
1082621,0.8333333333333333,0.0,0.0,0.0,0.0,0.0,0.6000000000000001,0.6,0.25,0.0,0.3010752688172043,0.0,0.375,0.14285714285714285,0.0,0.0,0.0,0.05,0.103874415497662,0.0,0.0,0.0,0.0,0,0,31,0,31
