match_id,batting_position,runs,balls,fours,sixes,strike_rate,overs,total_balls,dots,maidens,conceded,fours_conceded,sixes_conceded,wickets,LBW,Bowled,noballs,wides,economy_rate,catches,stumping,direct_hit,indirect_hit,strike_rate_fp,batting_fp,bowling_fp,fielding_fp,total_fp
1438079,0.7499999999999999,0.0,0.0,0.0,0.0,0.0,0.4,0.4,0.375,0.0,0.10752688172043012,0.08333333333333333,0.0,0.2857142857142857,0.0,0.0,0.0,0.15000000000000002,0.055666889334224014,0.0,0.0,0.0,0.0,0,0,63,0,63
1438080,0.7499999999999999,0.0,0.0,0.0,0.0,0.0,0.6000000000000001,0.6,0.25,0.0,0.33333333333333337,0.16666666666666666,0.25,0.0,0.0,0.0,0.0,0.05,0.11500779336450681,0.0,0.0,0.0,0.0,0,0,4,0,4
1438077,0.7499999999999999,0.022857142857142857,0.038461538461538464,0.045454545454545456,0.0,0.16666250000000002,0.8,0.8,0.41666666666666663,0.0,0.3548387096774194,0.16666666666666666,0.125,0.0,0.0,0.0,0.0,0.2,0.09185036740146962,0.0,0.0,0.0,0.0,0,8,10,0,18
1438078,0.7499999999999999,0.0,0.01282051282051282,0.0,0.0,0.0,0.4,0.4,0.29166666666666663,0.0,0.19354838709677422,0.08333333333333333,0.125,0.0,0.0,0.0,0.0,0.2,0.10020040080160322,0.0,0.0,0.3333333333333333,0.0,0,-2,7,12,17
