match_id,batting_position,runs,balls,fours,sixes,strike_rate,overs,total_balls,dots,maidens,conceded,fours_conceded,sixes_conceded,wickets,LBW,Bowled,noballs,wides,economy_rate,catches,stumping,direct_hit,indirect_hit,strike_rate_fp,batting_fp,bowling_fp,fielding_fp,total_fp
1299629,0.6666666666666666,0.0,0.01282051282051282,0.0,0.0,0.0,0.6000000000000001,0.6,0.16666666666666666,0.0,0.32258064516129037,0.16666666666666666,0.125,0.14285714285714285,0.0,0.0,0.1,0.0,0.11133377866844803,0.0,0.0,0.0,0.0,0,-2,27,0,25
1299615,0.5833333333333333,0.0,0.0,0.0,0.0,0.0,0.6000000000000001,0.6,0.08333333333333333,0.0,0.37634408602150543,0.3333333333333333,0.125,0.0,0.0,0.0,0.0,0.0,0.12992651970607885,0.0,0.0,0.0,0.0,0,0,-2,0,-2
