match_id,batting_position,runs,balls,fours,sixes,strike_rate,overs,total_balls,dots,maidens,conceded,fours_conceded,sixes_conceded,wickets,LBW,Bowled,noballs,wides,economy_rate,catches,stumping,direct_hit,indirect_hit,strike_rate_fp,batting_fp,bowling_fp,fielding_fp,total_fp
1462910,0.08333333333333333,0.045714285714285714,0.10256410256410256,0.045454545454545456,0.0,0.125,0.8,0.8,0.5833333333333333,0.0,0.13978494623655915,0.0,0.0,0.42857142857142855,0.0,0.2857142857142857,0.0,0.0,0.03618347806724561,0.0,0.0,0.0,0.0,0,12,115,0,127
1462901,0.4166666666666667,0.11428571428571428,0.14102564102564102,0.09090909090909091,0.05555555555555555,0.227275,0.8,0.8,0.7916666666666666,0.0,0.10752688172043012,0.08333333333333333,0.0,0.2857142857142857,0.0,0.14285714285714285,0.0,0.15000000000000002,0.027833444667112007,0.16666666666666666,0.0,0.0,0.0,6,40,83,8,131
1462897,0.5833333333333333,0.011428571428571429,0.10256410256410256,0.0,0.0,0.03125,0.8,0.8,0.5833333333333333,0.0,0.11827956989247312,0.0,0.0,0.0,0.0,0.0,0.0,0.05,0.030616789133823208,0.0,0.0,0.0,0.0,0,2,20,0,22
1462895,0.3333333333333333,0.011428571428571429,0.038461538461538464,0.0,0.0,0.08333750000000001,0.6000000000000001,0.6,0.41666666666666663,0.0,0.13978494623655915,0.08333333333333333,0.0,0.14285714285714285,0.0,0.14285714285714285,0.0,0.0,0.04820752616343799,0.0,0.0,0.0,0.0,0,2,49,0,51
1462888,0.3333333333333333,0.32571428571428573,0.3717948717948718,0.13636363636363635,0.2222222222222222,0.24568750000000003,0.6000000000000001,0.6,0.29166666666666663,0.0,0.2795698924731183,0.16666666666666666,0.125,0.0,0.0,0.0,0.0,0.15000000000000002,0.09652638610554444,0.0,0.0,0.3333333333333333,0.0,6,107,7,12,126
1462886,0.5833333333333333,0.08,0.15384615384615385,0.045454545454545456,0.0,0.1458375,0.8,0.8,0.4583333333333333,0.0,0.1827956989247312,0.08333333333333333,0.0,0.14285714285714285,0.0,0.0,0.0,0.0,0.04731685593409041,0.0,0.0,0.0,0.0,0,18,42,0,60
1462882,0.7499999999999999,0.02857142857142857,0.15384615384615385,0.0,0.0,0.0520875,0.8,0.8,0.375,0.0,0.23655913978494625,0.0,0.125,0.2857142857142857,0.3333333333333333,0.0,0.0,0.0,0.061233578267646416,0.0,0.0,0.0,0.0,-6,-1,71,0,70
1462877,0.6666666666666666,0.011428571428571429,0.02564102564102564,0.0,0.0,0.125,0.2,0.2,0.041666666666666664,0.0,0.10752688172043012,0.0,0.125,0.0,0.0,0.0,0.0,0.0,0.11133377866844803,0.0,0.0,0.0,0.0,0,2,1,0,3
