match_id,batting_position,runs,balls,fours,sixes,strike_rate,overs,total_balls,dots,maidens,conceded,fours_conceded,sixes_conceded,wickets,LBW,Bowled,noballs,wides,economy_rate,catches,stumping,direct_hit,indirect_hit,strike_rate_fp,batting_fp,bowling_fp,fielding_fp,total_fp
1383534,0.8333333333333333,0.005714285714285714,0.01282051282051282,0.0,0.0,0.125,0.4,0.4,0.041666666666666664,0.0,0.4516129032258065,0.16666666666666666,0.625,0.0,0.0,0.0,0.0,0.0,0.23380093520374085,0.0,0.0,0.0,0.0,0,1,-5,0,-4
1383478,0.8333333333333333,0.0,0.038461538461538464,0.0,0.0,0.0,0.6000000000000001,0.6,0.20833333333333331,0.0,0.32258064516129037,0.16666666666666666,0.25,0.2857142857142857,0.0,0.14285714285714285,0.0,0.0,0.11133377866844803,0.0,0.0,0.0,0.0,0,-2,61,0,59
1383445,0.25,0.0,0.0,0.0,0.0,0.0,0.8,0.8,0.7083333333333333,0.0,0.06451612903225806,0.0,0.0,0.5714285714285714,0.0,0.2857142857142857,0.0,0.0,0.016700066800267203,0.0,0.0,0.0,0.0,0,0,147,0,147
1244344,0.8333333333333333,0.011428571428571429,0.07692307692307693,0.0,0.0,0.0416625,0.2,0.2,0.0,0.0,0.21505376344086025,0.08333333333333333,0.25,0.0,0.0,0.0,0.0,0.0,0.22266755733689605,0.0,0.0,0.0,0.0,0,2,0,0,2
