match_id,batting_position,runs,balls,fours,sixes,strike_rate,overs,total_balls,dots,maidens,conceded,fours_conceded,sixes_conceded,wickets,LBW,Bowled,noballs,wides,economy_rate,catches,stumping,direct_hit,indirect_hit,strike_rate_fp,batting_fp,bowling_fp,fielding_fp,total_fp
1205826,0.08333333333333333,0.022857142857142857,0.02564102564102564,0.045454545454545456,0.0,0.25,0.0,0.0,0.0,0.0,0.0,0.0,0.0,0.0,0.0,0.0,0.0,0.0,0.0,0.0,0.0,0.0,0.0,0,8,0,0,8
1205808,0.4166666666666667,0.017142857142857144,0.11538461538461538,0.0,0.0,0.0416625,0.0,0.0,0.0,0.0,0.0,0.0,0.0,0.0,0.0,0.0,0.0,0.0,0.0,0.16666666666666666,0.0,0.0,0.0,0,3,0,8,11
1205798,0.08333333333333333,0.04,0.14102564102564102,0.045454545454545456,0.0,0.07955,0.0,0.0,0.0,0.0,0.0,0.0,0.0,0.0,0.0,0.0,0.0,0.0,0.0,0.0,0.0,0.0,0.0,-2,9,0,0,9
1205772,0.08333333333333333,0.005714285714285714,0.0641025641025641,0.0,0.0,0.025,0.0,0.0,0.0,0.0,0.0,0.0,0.0,0.0,0.0,0.0,0.0,0.0,0.0,0.0,0.0,0.0,0.0,0,1,0,0,1
1205762,0.08333333333333333,0.12571428571428572,0.3333333333333333,0.09090909090909091,0.0,0.10577500000000001,0.0,0.0,0.0,0.0,0.0,0.0,0.0,0.0,0.0,0.0,0.0,0.0,0.0,0.0,0.0,0.0,0.0,0,30,0,0,30
1205736,0.3333333333333333,0.05142857142857143,0.11538461538461538,0.045454545454545456,0.0,0.125,0.0,0.0,0.0,0.0,0.0,0.0,0.0,0.0,0.0,0.0,0.0,0.0,0.0,0.0,0.0,0.0,0.0,0,13,0,0,13
1205718,0.25,0.02857142857142857,0.05128205128205128,0.045454545454545456,0.0,0.15625,0.0,0.0,0.0,0.0,0.0,0.0,0.0,0.0,0.0,0.0,0.0,0.0,0.0,0.0,0.0,0.0,0.0,0,9,0,0,9
