match_id,batting_position,runs,balls,fours,sixes,strike_rate,overs,total_balls,dots,maidens,conceded,fours_conceded,sixes_conceded,wickets,LBW,Bowled,noballs,wides,economy_rate,catches,stumping,direct_hit,indirect_hit,strike_rate_fp,batting_fp,bowling_fp,fielding_fp,total_fp
1205822,0.6666666666666666,0.06857142857142857,0.07692307692307693,0.09090909090909091,0.0,0.25,0.8,0.8,0.25,0.0,0.3010752688172043,0.25,0.0,0.14285714285714285,0.0,0.0,0.0,0.0,0.07793364506791362,0.16666666666666666,0.0,0.0,0.0,0,20,33,8,61
1205814,0.6666666666666666,0.005714285714285714,0.05128205128205128,0.0,0.0,0.03125,0.4,0.4,0.08333333333333333,0.0,0.25806451612903225,0.25,0.125,0.0,0.0,0.0,0.0,0.0,0.13360053440213762,0.0,0.0,0.0,0.0,0,1,-2,0,-1
1205796,0.7499999999999999,0.0,0.0,0.0,0.0,0.0,0.4,0.4,0.16666666666666666,0.0,0.1827956989247312,0.25,0.0,0.0,0.0,0.0,0.0,0.0,0.09463371186818081,0.0,0.0,0.0,0.0,0,0,4,0,4
1205751,0.7499999999999999,0.022857142857142857,0.14102564102564102,0.0,0.0,0.04545,0.6000000000000001,0.6,0.16666666666666666,0.0,0.2795698924731183,0.3333333333333333,0.0,0.0,0.0,0.0,0.0,0.0,0.09652638610554444,0.0,0.0,0.0,0.0,-6,-2,4,0,2
1205733,0.7499999999999999,0.011428571428571429,0.02564102564102564,0.0,0.0,0.125,0.4,0.4,0.16666666666666666,0.0,0.19354838709677422,0.25,0.0,0.0,0.0,0.0,0.0,0.0,0.10020040080160322,0.0,0.0,0.0,0.0,0,2,4,0,6
1205715,0.7499999999999999,0.0,0.0,0.0,0.0,0.0,0.36660000000000004,0.36666666666666664,0.125,0.0,0.19354838709677422,0.0,0.25,0.0,0.0,0.0,0.0,0.0,0.10932977065241596,0.0,0.0,0.0,0.0,0,0,3,0,3
