match_id,batting_position,runs,balls,fours,sixes,strike_rate,overs,total_balls,dots,maidens,conceded,fours_conceded,sixes_conceded,wickets,LBW,Bowled,noballs,wides,economy_rate,catches,stumping,direct_hit,indirect_hit,strike_rate_fp,batting_fp,bowling_fp,fielding_fp,total_fp
225263,0.7499999999999999,0.0,0.0,0.0,0.0,0.0,0.7666000000000001,0.7666666666666666,0.5,0.0,0.3548387096774194,0.25,0.125,0.0,0.0,0.0,0.0,0.05,0.09585838343353374,0.0,0.0,0.0,0.0,0,0,12,0,12
211028,0.7499999999999999,0.0,0.0,0.0,0.0,0.0,0.6000000000000001,0.6,0.5,0.0,0.17204301075268819,0.25,0.0,0.42857142857142855,0.0,0.0,0.1,0.0,0.0593409040302828,0.0,0.0,0.0,0.0,0,0,95,0,95
