match_id,batting_position,runs,balls,fours,sixes,strike_rate,overs,total_balls,dots,maidens,conceded,fours_conceded,sixes_conceded,wickets,LBW,Bowled,noballs,wides,economy_rate,catches,stumping,direct_hit,indirect_hit,strike_rate_fp,batting_fp,bowling_fp,fielding_fp,total_fp
1321304,0.4166666666666667,0.022857142857142857,0.0641025641025641,0.0,0.0,0.1,0.2,0.2,0.08333333333333333,0.0,0.16129032258064518,0.16666666666666666,0.125,0.0,0.0,0.0,0.0,0.0,0.16700066800267205,0.0,0.0,0.0,0.0,0,4,2,0,6
1321293,0.5833333333333333,0.25142857142857145,0.1794871794871795,0.045454545454545456,0.3333333333333333,0.39286250000000006,0.0,0.0,0.0,0.0,0.0,0.0,0.0,0.0,0.0,0.0,0.0,0.0,0.0,0.0,0.0,0.0,0.0,6,94,0,0,94
1321292,0.49999999999999994,0.14857142857142858,0.14102564102564102,0.045454545454545456,0.16666666666666666,0.29545000000000005,0.4,0.4,0.20833333333333331,0.0,0.13978494623655915,0.0,0.125,0.2857142857142857,0.0,0.14285714285714285,0.0,0.0,0.07236695613449122,0.0,0.0,0.0,0.0,6,58,65,0,123
1321282,0.4166666666666667,0.0,0.0,0.0,0.0,0.0,0.0,0.0,0.0,0.0,0.0,0.0,0.0,0.0,0.0,0.0,0.0,0.0,0.0,0.16666666666666666,0.0,0.0,0.0,0,0,0,8,8
1271450,0.4166666666666667,0.18857142857142858,0.11538461538461538,0.045454545454545456,0.2222222222222222,0.4583375,0.6000000000000001,0.6,0.20833333333333331,0.0,0.23655913978494625,0.16666666666666666,0.0,0.14285714285714285,0.0,0.0,0.0,0.0,0.0816076597639724,0.0,0.0,0.0,0.0,0,65,30,0,95
1271451,0.49999999999999994,0.08,0.14102564102564102,0.045454545454545456,0.05555555555555555,0.1590875,0.4,0.4,0.16666666666666666,0.0,0.17204301075268819,0.08333333333333333,0.125,0.14285714285714285,0.0,0.0,0.0,0.0,0.08906702293475842,0.16666666666666666,0.0,0.0,0.0,0,24,29,8,61
1271449,0.49999999999999994,0.011428571428571429,0.05128205128205128,0.0,0.0,0.0625,0.6000000000000001,0.6,0.3333333333333333,0.0,0.3010752688172043,0.25,0.125,0.14285714285714285,0.0,0.14285714285714285,0.0,0.1,0.103874415497662,0.0,0.0,0.0,0.0,0,2,41,0,43
1271445,0.5833333333333333,0.0,0.038461538461538464,0.0,0.0,0.0,0.0,0.0,0.0,0.0,0.0,0.0,0.0,0.0,0.0,0.0,0.0,0.0,0.0,0.3333333333333333,0.0,0.0,0.0,0,-2,0,16,14
