match_id,batting_position,runs,balls,fours,sixes,strike_rate,overs,total_balls,dots,maidens,conceded,fours_conceded,sixes_conceded,wickets,LBW,Bowled,noballs,wides,economy_rate,catches,stumping,direct_hit,indirect_hit,strike_rate_fp,batting_fp,bowling_fp,fielding_fp,total_fp
1205836,0.6666666666666666,0.0,0.0,0.0,0.0,0.0,0.2,0.2,0.041666666666666664,0.0,0.08602150537634409,0.08333333333333333,0.0,0.0,0.0,0.0,0.0,0.0,0.08906702293475842,0.0,0.0,0.0,0.0,0,0,1,0,1
1205810,0.6666666666666666,0.0,0.0,0.0,0.0,0.0,0.13340000000000002,0.13333333333333333,0.041666666666666664,0.0,0.07526881720430108,0.08333333333333333,0.0,0.0,0.0,0.0,0.0,0.05,0.11678913382320198,0.0,0.0,0.0,0.0,0,0,1,0,1
1205800,0.8333333333333333,0.0,0.05128205128205128,0.0,0.0,0.0,0.2,0.2,0.0,0.0,0.08602150537634409,0.0,0.0,0.0,0.0,0.0,0.0,0.0,0.08906702293475842,0.0,0.0,0.0,0.0,0,0,0,0,0
