match_id,batting_position,runs,balls,fours,sixes,strike_rate,overs,total_balls,dots,maidens,conceded,fours_conceded,sixes_conceded,wickets,LBW,Bowled,noballs,wides,economy_rate,catches,stumping,direct_hit,indirect_hit,strike_rate_fp,batting_fp,bowling_fp,fielding_fp,total_fp
1399161,0.8333333333333333,0.0,0.038461538461538464,0.0,0.0,0.0,0.6000000000000001,0.6,0.4583333333333333,0.0,0.10752688172043012,0.08333333333333333,0.0,0.14285714285714285,0.0,0.0,0.0,0.0,0.037074148296593196,0.0,0.0,0.0,0.0,0,-2,42,0,40
1399155,0.8333333333333333,0.0,0.0,0.0,0.0,0.0,0.2,0.2,0.041666666666666664,0.0,0.12903225806451613,0.16666666666666666,0.0,0.0,0.0,0.0,0.0,0.05,0.13360053440213762,0.0,0.0,0.0,0.0,0,0,1,0,1
1399152,0.8333333333333333,0.0,0.0,0.0,0.0,0.0,0.2,0.2,0.08333333333333333,0.0,0.10752688172043012,0.0,0.125,0.0,0.0,0.0,0.0,0.0,0.11133377866844803,0.0,0.0,0.0,0.0,0,0,2,0,2
1399150,0.8333333333333333,0.0,0.0,0.0,0.0,0.0,0.8,0.8,0.5,0.0,0.19354838709677422,0.08333333333333333,0.0,0.42857142857142855,0.0,0.0,0.0,0.1,0.05010020040080161,0.0,0.0,0.0,0.0,0,0,97,0,97
