teamname,match_id,batting_position,runs,balls,fours,sixes,strike_rate,overs,total_balls,dots,maidens,conceded,fours_conceded,sixes_conceded,wickets,LBW,Bowled,noballs,wides,economy_rate,catches,stumping,direct_hit,indirect_hit,strike_rate_fp,batting_fp,bowling_fp,fielding_fp,total_fp
Malawi,1332505,0.4285714285714286,0.0,0.0,0.0,0.0,0.0,0.0,0.0,0.0,0.0,0.0,0.0,0.0,0.0,0.0,0.0,0.0,0.0,0.0,0.0,0.0,0.0,0.0,0,0,0,0,0
Malawi,1283040,0.0,0.6666666666666666,0.4,0.0,0.0,1.0,1.0,1.0,1.0,0.0,1.0,0.0,1.0,1.0,0.0,0.0,0.0,1.0,0.54,0.0,0.0,0.0,0.0,0,2,64,0,66
Malawi,1283033,0.2857142857142857,0.0,0.0,0.0,0.0,0.0,0.75,0.75,0.3333333333333333,0.0,0.7407407407407407,0.0,0.5,0.0,0.0,0.0,0.0,0.0,0.5336,0.0,0.0,0.0,0.0,0,0,6,0,6
Malawi,1283029,0.7142857142857142,1.0,1.0,0.0,0.0,0.6,0.5,0.5,0.08333333333333333,0.0,0.9259259259259258,0.5,1.0,0.0,0.0,0.0,0.0,0.0,1.0,0.0,0.0,0.0,0.0,0,3,-5,0,-2
Malawi,1283026,0.1428571428571428,0.0,0.0,0.0,0.0,0.0,0.33325,0.3333333333333333,0.41666666666666663,0.0,0.14814814814814814,0.0,0.0,0.5,0.0,0.0,0.0,0.3333333333333333,0.24,0.0,0.0,0.0,0.0,0,0,30,0,30
Malawi,1283024,0.7142857142857142,0.0,0.4,0.0,0.0,0.0,0.0,0.0,0.0,0.0,0.0,0.0,0.0,0.0,0.0,0.0,0.0,0.0,0.0,0.0,0.0,0.0,0.0,0,0,0,0,0
Malawi,1163062,1.0,0.0,0.0,0.0,0.0,0.0,0.5,0.5,0.41666666666666663,0.0,0.5555555555555556,1.0,0.0,0.5,0.0,1.0,0.0,0.0,0.6,0.0,0.0,0.0,0.0,0,0,38,0,38
