teamname,match_id,batting_position,runs,balls,fours,sixes,strike_rate,overs,total_balls,dots,maidens,conceded,fours_conceded,sixes_conceded,wickets,LBW,Bowled,noballs,wides,economy_rate,catches,stumping,direct_hit,indirect_hit,strike_rate_fp,batting_fp,bowling_fp,fielding_fp,total_fp
Mozambique,1343791,0.857142857142857,0.0,0.0,0.0,0.0,0.0,0.0,0.0,0.0,0.0,0.0,0.0,0.0,0.0,0.0,0.0,0.0,0.0,0.0,1.0,0.0,0.0,0.0,0,0,0,8,8
Mozambique,1343780,1.0,0.0,0.0,0.0,0.0,0.0,0.0,0.0,0.0,0.0,0.0,0.0,0.0,0.0,0.0,0.0,0.0,0.0,0.0,1.0,0.0,0.0,0.0,0,0,0,8,8
Mozambique,1343776,0.0,0.0,0.0,0.0,0.0,0.0,0.3333333333333333,0.3333333333333333,0.18181818181818182,0.0,0.4482758620689655,1.0,0.0,0.0,0.0,0.0,0.0,0.0,1.0,0.0,0.0,0.0,1.0,0,0,2,6,8
Mozambique,1343775,0.7142857142857142,0.0,0.0,0.0,0.0,0.0,0.0,0.0,0.0,0.0,0.0,0.0,0.0,0.0,0.0,0.0,0.0,0.0,0.0,0.0,0.0,0.0,0.0,0,0,0,0,0
Mozambique,1332504,1.0,0.25,1.0,0.0,0.0,0.11109999999999999,1.0,1.0,0.8181818181818182,0.0,0.6551724137931034,1.0,0.0,0.0,0.0,0.0,0.0,1.0,0.48692307692307696,0.0,0.0,0.0,0.0,0,1,11,0,12
Mozambique,1283048,1.0,0.75,0.5555555555555556,0.0,0.0,0.6,1.0,1.0,0.4545454545454546,0.0,1.0,1.0,0.0,0.0,0.0,0.0,0.0,1.0,0.7438461538461539,0.0,0.0,0.0,0.0,0,3,5,0,8
Mozambique,1283047,1.0,1.0,0.4444444444444444,0.0,0.0,1.0,1.0,1.0,1.0,0.0,0.3448275862068966,0.3333333333333333,0.0,1.0,0.0,0.0,0.0,1.0,0.2561538461538462,1.0,0.0,0.0,0.0,0,4,42,8,54
Mozambique,1283044,1.0,0.0,0.0,0.0,0.0,0.0,0.0,0.0,0.0,0.0,0.0,0.0,0.0,0.0,0.0,0.0,0.0,0.0,0.0,0.0,0.0,0.0,0.0,0,0,0,0,0
Mozambique,1283043,1.0,0.0,0.0,0.0,0.0,0.0,0.6666666666666666,0.6666666666666666,0.5454545454545454,0.0,0.6206896551724138,0.6666666666666666,1.0,0.0,0.0,0.0,0.0,0.0,0.6923076923076923,0.0,0.0,0.0,0.0,0,0,6,0,6
