teamname,match_id,batting_position,runs,balls,fours,sixes,strike_rate,overs,total_balls,dots,maidens,conceded,fours_conceded,sixes_conceded,wickets,LBW,Bowled,noballs,wides,economy_rate,catches,stumping,direct_hit,indirect_hit,strike_rate_fp,batting_fp,bowling_fp,fielding_fp,total_fp
Andhra,1383517,0.9999999999999998,0.0,0.0,0.0,0.0,0.0,0.0,0.0,0.0,0.0,0.0,0.0,0.0,0.0,0.0,0.0,0.0,0.0,0.0,0.0,0.0,0.0,0.0,0,0,0,0,0
Andhra,1333022,0.9999999999999998,0.13333333333333333,0.2631578947368421,0.2222222222222222,0.0,0.5066626133657598,0.0,0.0,0.0,0.0,0.0,0.0,0.0,0.0,0.0,0.0,0.0,0.0,0.0,0.0,0.0,0.0,0.0,0,18,0,0,18
Andhra,1333006,0.9999999999999998,1.0,1.0,1.0,1.0,1.0,0.0,0.0,0.0,0.0,0.0,0.0,0.0,0.0,0.0,0.0,0.0,0.0,0.0,0.0,0.0,0.0,0.0,6,153,0,0,153
Andhra,1332987,0.9999999999999998,0.26666666666666666,0.39473684210526316,0.1111111111111111,0.25,0.6755332624005675,0.0,0.0,0.0,0.0,0.0,0.0,0.0,0.0,0.0,0.0,0.0,0.0,0.0,0.0,0.0,0.0,0.0,2,32,0,0,32
Andhra,902239,0.0,0.013333333333333334,0.10526315789473684,0.0,0.0,0.12666565334143995,0.0,0.0,0.0,0.0,0.0,0.0,0.0,0.0,0.0,0.0,0.0,0.0,0.0,0.0,0.0,0.0,0.0,0,1,0,0,1
Andhra,902223,0.0,0.013333333333333334,0.10526315789473684,0.0,0.0,0.12666565334143995,0.0,0.0,0.0,0.0,0.0,0.0,0.0,0.0,0.0,0.0,0.0,0.0,0.0,0.0,0.0,0.0,0.0,0,1,0,0,1
Andhra,902199,0.0,0.18666666666666668,0.42105263157894735,0.1111111111111111,0.0,0.44332978669503975,0.0,0.0,0.0,0.0,0.0,0.0,0.0,0.0,0.0,0.0,0.0,0.0,0.0,1.0,0.0,0.0,0.0,0,18,0,16,34
Andhra,902151,0.0,0.37333333333333335,0.6578947368421052,0.4444444444444444,0.0,0.5674621269696509,0.0,0.0,0.0,0.0,0.0,0.0,0.0,0.0,0.0,0.0,0.0,0.0,0.0,0.0,0.0,0.0,0.0,0,48,0,0,48
