teamname,match_id,batting_position,runs,balls,fours,sixes,strike_rate,overs,total_balls,dots,maidens,conceded,fours_conceded,sixes_conceded,wickets,LBW,Bowled,noballs,wides,economy_rate,catches,stumping,direct_hit,indirect_hit,strike_rate_fp,batting_fp,bowling_fp,fielding_fp,total_fp
Papua New Guinea,954737,0.0,1.0,0.5714285714285714,0.0,1.0,1.0,0.0,0.0,0.0,0.0,0.0,0.3333333333333333,0.0,0.0,0.0,0.0,0.0,0.0,0.4666666666666667,0.0,0.0,0.0,0.0,0,14,1,0,15
Papua New Guinea,954735,1.0,0.25,0.2857142857142857,0.0,0.0,0.5,0.3333333333333333,0.3333333333333333,0.23076923076923078,0.0,0.09523809523809518,0.0,0.0,1.0,0.0,0.0,0.0,0.0,0.0,0.0,0.0,0.0,0.0,0,2,87,0,89
Papua New Guinea,875529,1.0,0.75,1.0,1.0,0.0,0.42855,0.3333333333333333,0.3333333333333333,0.23076923076923078,0.0,0.42857142857142855,0.3333333333333333,0.5,0.0,0.0,0.0,0.0,0.125,0.4666666666666667,0.0,0.0,0.0,0.0,0,10,4,0,14
Papua New Guinea,660225,1.0,0.0,0.0,0.0,0.0,0.0,0.3333333333333333,0.3333333333333333,0.07692307692307693,0.0,0.8095238095238095,0.6666666666666666,0.0,0.0,0.0,0.0,0.0,1.0,1.0,1.0,0.0,0.0,0.0,0,0,-4,8,4
Papua New Guinea,660219,1.0,0.125,0.42857142857142855,0.0,0.0,0.16665,1.0,1.0,1.0000000000000002,0.0,0.6190476190476188,0.3333333333333333,1.0,1.0,0.0,0.0,0.0,0.0,0.0,0.0,0.0,0.0,0.0,0,1,97,0,98
Papua New Guinea,660201,1.0,0.0,0.0,0.0,0.0,0.0,1.0,1.0,0.38461538461538464,0.0,0.9999999999999998,1.0,0.0,0.0,0.0,0.0,0.0,0.0,0.2666666666666667,1.0,0.0,0.0,0.0,0,0,6,8,14
