teamname,match_id,batting_position,runs,balls,fours,sixes,strike_rate,overs,total_balls,dots,maidens,conceded,fours_conceded,sixes_conceded,wickets,LBW,Bowled,noballs,wides,economy_rate,catches,stumping,direct_hit,indirect_hit,strike_rate_fp,batting_fp,bowling_fp,fielding_fp,total_fp
Fiji,1444962,1.0,0.0,0.03846153846153849,0.0,0.0,0.0,0.9229349330872174,0.9230769230769231,0.6666666666666666,0.0,0.625,1.0,0.0,0.0,0.0,0.0,0.0,0.0,0.6768953068592058,0.0,0.0,0.0,1.0,-6,-1,2,6,7
Fiji,1444960,1.0,0.7192982456140351,0.9230769230769231,1.0,0.6000000000000001,0.4868057437008939,0.0,0.0,0.0,0.0,0.0,0.0,0.0,0.0,0.0,0.0,0.0,0.0,0.0,0.0,0.0,0.0,0.0,2,82,0,0,82
Fiji,1444958,0.0,0.3157894736842105,0.0,0.0,0.6000000000000001,0.9999999999999998,0.0,0.0,0.0,0.0,0.0,0.0,0.0,0.0,0.0,0.0,0.0,0.0,0.0,1.0,0.0,0.0,0.0,6,47,0,8,55
Fiji,1444957,0.0,0.9999999999999998,1.0,1.0,1.0,0.6869141154158763,0.0,0.0,0.0,0.0,0.0,0.0,0.0,0.0,0.0,0.0,0.0,0.0,0.0,1.0,0.0,0.0,0.0,6,118,0,8,126
Fiji,1444955,0.0,0.24561403508771928,0.3461538461538462,0.3333333333333333,0.2,0.2955838526144675,1.0,1.0,1.0,0.0,1.0,1.0,1.0,0.0,0.0,0.0,0.0,0.0,1.0,1.0,0.0,0.0,0.0,0,29,-1,8,36
Fiji,1444953,1.0,0.24561403508771928,0.19230769230769235,1.0,0.0,0.4400975345434841,0.0,0.0,0.0,0.0,0.0,0.0,0.0,0.0,0.0,0.0,0.0,0.0,0.0,0.0,0.0,0.0,0.0,0,31,0,0,31
