teamname,match_id,batting_position,runs,balls,fours,sixes,strike_rate,overs,total_balls,dots,maidens,conceded,fours_conceded,sixes_conceded,wickets,LBW,Bowled,noballs,wides,economy_rate,catches,stumping,direct_hit,indirect_hit,strike_rate_fp,batting_fp,bowling_fp,fielding_fp,total_fp
Spain,1275053,0.0,0.23333333333333334,0.30000000000000004,0.0,0.5,0.7778,0.3333333333333333,0.3333333333333333,0.0,0.0,0.1428571428571428,0.0,0.0,0.5,0.0,0.0,1.0,0.0,0.3529411764705882,0.0,0.0,0.0,0.0,0,13,28,0,41
Spain,1275054,0.6666666666666665,0.16666666666666666,0.2,0.5,0.0,0.8333333333333334,0.3333333333333333,0.3333333333333333,0.25,0.0,0.0,1.0,0.0,0.0,0.0,0.0,0.0,0.0,0.17647058823529405,0.0,0.0,0.0,0.0,0,9,8,0,17
Spain,1275052,1.0,1.0,1.0,1.0,1.0,1.0,0.0,0.0,0.0,0.0,0.04761904761904767,0.0,1.0,0.0,0.0,0.0,0.0,0.0,0.9999999999999999,0.0,0.0,0.0,0.0,0,54,3,0,57
Spain,1207081,0.6666666666666665,0.0,0.0,0.0,0.0,0.0,0.6666666666666667,0.6666666666666667,0.0,0.0,0.47619047619047605,0.5,0.0,0.0,0.0,0.0,0.0,0.6666666666666666,0.3329411764705882,0.0,0.0,0.0,0.0,0,0,3,0,3
Spain,1207082,0.0,0.03333333333333333,0.35000000000000003,0.0,0.0,0.09526666666666667,0.6666666666666667,0.6666666666666667,0.25,0.0,1.0,1.0,1.0,0.5,0.0,0.0,0.0,1.0,0.7647058823529412,0.0,0.0,0.0,0.0,0,1,29,0,30
Spain,1201673,1.0,0.0,0.0,0.0,0.0,0.0,1.0,1.0,1.0,0.0,0.2857142857142857,0.0,0.5,1.0,0.0,1.0,0.0,1.0,0.0,0.0,0.0,0.0,0.0,0,0,79,0,79
Spain,1201670,1.0,0.0,0.0,0.0,0.0,0.0,1.0,1.0,0.6666666666666666,0.0,0.5238095238095237,0.5,0.5,0.5,0.0,0.0,0.0,0.6666666666666666,0.1470588235294118,1.0,0.0,0.0,0.0,0,0,40,8,48
