teamname,match_id,batting_position,runs,balls,fours,sixes,strike_rate,overs,total_balls,dots,maidens,conceded,fours_conceded,sixes_conceded,wickets,LBW,Bowled,noballs,wides,economy_rate,catches,stumping,direct_hit,indirect_hit,strike_rate_fp,batting_fp,bowling_fp,fielding_fp,total_fp
Qatar,1463660,1.0,0.09090909090909091,0.3333333333333333,0.0,0.0,0.21210385643375335,1.0,1.0,0.5833333333333333,0.0,1.0,1.0,0.0,0.5,0.0,1.0,0.0,0.0,1.0,0.0,0.0,0.0,0.0,0,1,43,0,44
Qatar,1463657,1.0,0.6363636363636364,1.0,1.0,0.0,0.4949726358661067,1.0,1.0,0.6666666666666666,0.0,0.6470588235294117,0.4,0.5,0.0,0.0,0.0,0.0,0.0,0.0,0.0,0.0,0.0,0.0,0,11,13,0,24
Qatar,1463655,1.0,0.18181818181818182,0.6666666666666666,0.0,0.0,0.21210385643375335,0.0,0.0,0.0,0.0,0.0,0.2,0.0,0.5,0.0,0.0,0.0,0.0,0.33333333333333304,0.0,0.0,0.0,0.0,0,2,30,0,32
Qatar,1059539,0.0,0.4545454545454546,0.5555555555555556,0.0,0.0,0.6363752068219423,1.0,1.0,0.5833333333333333,0.0,1.0,0.0,1.0,1.0,1.0,1.0,0.0,1.0,1.0,1.0,0.0,0.0,0.0,0,5,76,8,89
Qatar,1058157,1.0,1.0,0.7777777777777777,0.0,1.0,1.0,1.0,1.0,1.0,1.0,0.7058823529411764,0.4,1.0,0.5,0.0,0.0,0.0,0.0,0.16666666666666607,1.0,0.0,0.0,0.0,0,17,54,8,79
Qatar,1058153,1.0,0.0,0.0,0.0,0.0,0.0,1.0,1.0,0.5,0.0,1.0,0.8,0.0,0.0,0.0,0.0,0.0,0.0,1.0,1.0,0.0,1.0,0.0,0,0,9,20,29
