teamname,match_id,batting_position,runs,balls,fours,sixes,strike_rate,overs,total_balls,dots,maidens,conceded,fours_conceded,sixes_conceded,wickets,LBW,Bowled,noballs,wides,economy_rate,catches,stumping,direct_hit,indirect_hit,strike_rate_fp,batting_fp,bowling_fp,fielding_fp,total_fp
Tanzania,1393332,0.33333333333333326,0.046511627906976744,0.08695652173913043,0.0,0.0,0.5348737697903294,0.6666666666666666,0.6666666666666666,0.375,0.0,0.46875,0.25,0.0,0.3333333333333333,0.0,0.0,0.0,0.0,0.46875,0.0,0.0,0.0,0.0,0,2,28,0,30
Tanzania,1393319,0.0,0.11627906976744186,0.4782608695652174,0.0,0.0,0.24310012836970474,1.0,1.0,0.625,0.0,0.90625,0.0,1.0,0.6666666666666666,0.0,0.0,0.0,1.0,0.604375,0.0,0.0,0.0,0.0,-6,-1,55,0,54
Tanzania,1393331,0.6666666666666667,0.0,0.0,0.0,0.0,0.0,0.3333333333333333,0.3333333333333333,0.375,0.0,0.0625,0.0,0.0,0.3333333333333333,0.0,1.0,0.0,0.0,0.125,1.0,0.0,0.0,0.0,0,0,36,8,44
Tanzania,1393317,0.0,1.0,1.0,1.0,1.0,0.9999999999999999,0.0,0.0,0.0,0.0,0.0,0.0,0.0,0.0,0.0,0.0,0.0,0.0,0.0,1.0,0.0,0.0,0.0,6,81,0,8,89
Tanzania,1393315,0.16666666666666674,0.20930232558139533,0.5652173913043478,0.0,0.0,0.3702931108258451,1.0,1.0,1.0,0.0,1.0,1.0,0.5,1.0,0.0,1.0,0.0,0.2,0.666875,0.0,0.0,0.0,0.0,-2,7,93,0,100
Tanzania,1393314,0.16666666666666674,0.023255813953488372,0.13043478260869565,0.0,0.0,0.1782734274711168,0.0,0.0,0.0,0.0,0.0,0.0,0.0,0.0,0.0,0.0,0.0,0.0,0.0,0.0,0.0,0.0,0.0,0,1,0,0,1
Tanzania,1393328,1.0,0.0,0.0,0.0,0.0,0.0,0.6666666666666666,0.6666666666666666,0.5,0.0,0.6875,0.25,0.5,0.3333333333333333,0.0,1.0,0.0,1.0,0.6875,0.0,0.0,0.0,0.0,0,0,35,0,35
Tanzania,1393311,0.5,0.20930232558139533,0.34782608695652173,0.0,0.0,0.6017329910141206,0.3333333333333333,0.3333333333333333,0.125,0.0,0.5,0.0,1.0,0.3333333333333333,0.0,0.0,0.0,0.2,1.0,0.0,0.0,0.0,0.0,0,9,26,0,35
