teamname,match_id,batting_position,runs,balls,fours,sixes,strike_rate,overs,total_balls,dots,maidens,conceded,fours_conceded,sixes_conceded,wickets,LBW,Bowled,noballs,wides,economy_rate,catches,stumping,direct_hit,indirect_hit,strike_rate_fp,batting_fp,bowling_fp,fielding_fp,total_fp
Samoa,1155283,0.5,0.0,0.0,0.0,0.0,0.0,0.3333333333333333,0.3333333333333333,0.29411764705882354,0.0,0.2962962962962963,0.25,1.0,0.0,0.0,0.0,0.0,0.0,0.75,0.0,0.0,0.0,0.0,0,0,5,0,5
Samoa,1155280,1.0,1.0,1.0,0.0,0.0,1.0,0.3333333333333333,0.3333333333333333,0.23529411764705882,0.0,0.4444444444444444,0.5,1.0,0.0,0.0,0.0,0.0,0.0,1.0,0.0,0.0,0.0,0.0,0,1,2,0,3
Samoa,1155276,1.0,0.0,0.0,0.0,0.0,0.0,0.0,0.0,0.0,0.0,0.07407407407407407,0.25,0.0,0.0,0.0,0.0,0.0,0.0,1.0,1.0,0.0,0.0,0.0,0,0,0,8,8
Samoa,1155273,1.0,0.0,0.0,0.0,0.0,0.0,1.0,1.0,0.4117647058823529,0.0,1.0,1.0,1.0,0.25,1.0,0.0,0.0,0.0,0.84375,0.0,0.0,0.0,0.0,0,0,40,0,40
Samoa,1155275,0.0,0.0,0.0,0.0,0.0,0.0,1.0,1.0,1.0,0.0,0.0,0.0,0.0,1.0,0.0,1.0,0.0,0.0,0.0,0.0,0.0,0.0,0.0,0,0,139,0,139
