teamname,match_id,batting_position,runs,balls,fours,sixes,strike_rate,overs,total_balls,dots,maidens,conceded,fours_conceded,sixes_conceded,wickets,LBW,Bowled,noballs,wides,economy_rate,catches,stumping,direct_hit,indirect_hit,strike_rate_fp,batting_fp,bowling_fp,fielding_fp,total_fp
Denmark,1370785,0.0,1.0,1.0,1.0,0.0,1.0,0.0,0.0,0.0,0.0,0.05882352941176461,0.6666666666666666,0.0,0.0,0.0,0.0,0.0,0.0,1.0,0.0,0.0,0.0,0.0,-2,8,1,0,9
Denmark,1370787,0.33333333333333326,0.0,0.0,0.0,0.0,0.0,0.5,0.5,0.3333333333333333,0.0,0.05882352941176461,0.3333333333333333,0.0,0.0,0.0,0.0,0.0,0.0,0.27971188475390163,1.0,0.0,0.0,0.0,0,0,6,8,14
Denmark,1155316,1.0,0.0,0.0,0.0,0.0,0.0,1.0,1.0,1.0,0.0,0.9999999999999999,1.0,1.0,0.0,0.0,0.0,0.0,0.0,0.6794717887154863,0.0,0.0,0.0,0.0,0,0,10,0,10
Denmark,1155313,1.0,0.0,0.0,0.0,0.0,0.0,1.0,1.0,0.7777777777777777,0.0,0.0,0.0,0.0,1.0,0.0,0.0,0.0,0.0,0.0,1.0,0.0,0.0,0.0,0,0,39,8,47
