teamname,match_id,batting_position,runs,balls,fours,sixes,strike_rate,overs,total_balls,dots,maidens,conceded,fours_conceded,sixes_conceded,wickets,LBW,Bowled,noballs,wides,economy_rate,catches,stumping,direct_hit,indirect_hit,strike_rate_fp,batting_fp,bowling_fp,fielding_fp,total_fp
Sweden,1321279,0.0,0.037735849056603765,0.0,0.25,0.0,0.5813953488372092,0.0,0.0,0.0,0.0,0.0,0.0,0.0,0.0,0.0,0.0,0.0,0.0,0.0,0.0,0.0,0.0,0.0,0,9,0,0,9
Sweden,1321273,0.0,0.49056603773584906,0.5227272727272727,0.75,0.3333333333333333,0.6146046511627905,0.0,0.0,0.0,0.0,0.0,0.0,0.0,0.0,0.0,0.0,0.0,0.0,0.0,0.0,0.0,0.0,0.0,0,51,0,0,51
Sweden,1321265,0.0,0.018867924528301883,0.06818181818181818,0.0,0.0,0.11627906976744184,0.0,0.0,0.0,0.0,0.0,0.0,0.0,0.0,0.0,0.0,0.0,0.0,0.0,0.0,0.0,0.0,0.0,0,4,0,0,4
Sweden,1321262,0.0,0.49056603773584906,0.34090909090909094,1.0,0.3333333333333333,1.0,0.0,0.0,0.0,0.0,0.0,0.0,0.0,0.0,0.0,0.0,0.0,0.0,0.0,1.0,0.0,0.0,1.0,2,57,0,22,79
Sweden,1321259,0.0,0.3018867924528302,0.6136363636363636,0.5,0.3333333333333333,0.20353488372093026,0.0,0.0,0.0,0.0,0.0,0.0,0.0,0.0,0.0,0.0,0.0,0.0,0.0,0.0,0.0,0.0,0.0,-4,29,0,0,29
Sweden,1318361,0.0,0.0,0.06818181818181818,0.0,0.0,0.0,0.0,0.0,0.0,0.0,0.0,0.0,0.0,0.0,0.0,0.0,0.0,0.0,0.0,0.0,0.0,0.0,0.0,0,3,0,0,3
Sweden,1318362,0.0,0.3584905660377358,0.34090909090909094,0.5,0.3333333333333333,0.6744186046511629,0.0,0.0,0.0,0.0,0.0,0.0,0.0,0.0,0.0,0.0,0.0,0.0,0.0,0.0,0.0,0.0,0.0,0,36,0,0,36
Sweden,1318360,0.0,0.3584905660377358,0.29545454545454547,0.25,0.6666666666666666,0.7880930232558139,0.0,0.0,0.0,0.0,0.0,0.0,0.0,0.0,0.0,0.0,0.0,0.0,0.0,0.0,0.0,0.0,0.0,0,38,0,0,38
Sweden,1318358,0.0,1.0,1.0,0.75,1.0,0.7143255813953489,0.0,0.0,0.0,0.0,0.0,0.0,0.0,0.0,0.0,0.0,0.0,0.0,0.0,0.5,0.0,0.0,0.0,0,94,0,8,102
