teamname,match_id,batting_position,runs,balls,fours,sixes,strike_rate,overs,total_balls,dots,maidens,conceded,fours_conceded,sixes_conceded,wickets,LBW,Bowled,noballs,wides,economy_rate,catches,stumping,direct_hit,indirect_hit,strike_rate_fp,batting_fp,bowling_fp,fielding_fp,total_fp
Zimbabwe,1424767,0.0,0.0,0.0,0.0,0.0,0.0,1.0,1.0,0.9999999999999999,0.0,0.2142857142857143,1.0,0.0,0.3333333333333333,0.0,0.5,0.0,0.0,0.2142857142857143,0.0,0.0,0.0,0.0,0,0,54,0,54
Zimbabwe,1424765,0.0,0.0,0.0,0.0,0.0,0.0,1.0,1.0,0.8888888888888887,0.0,0.3571428571428571,1.0,0.0,0.3333333333333333,1.0,0.0,0.0,0.0,0.3571428571428571,0.0,0.0,0.0,0.0,0,0,53,0,53
Zimbabwe,1424762,1.0,0.0,0.0,0.0,0.0,0.0,0.0,0.0,0.0,0.0,0.3571428571428571,0.5,0.0,0.0,0.0,0.0,0.0,0.0,0.7628571428571428,0.0,0.0,0.0,0.0,0,0,10,0,10
Zimbabwe,1424756,0.0,1.0,1.0,0.0,0.0,1.0,1.0,1.0,0.8888888888888887,0.0,0.0,0.0,0.0,1.0,0.0,1.0,0.0,0.0,0.0,0.0,0.0,0.0,0.0,0,3,115,0,118
Zimbabwe,1424752,1.0,0.0,0.0,0.0,0.0,0.0,1.0,1.0,0.33333333333333337,0.0,0.9999999999999999,1.0,0.0,0.0,0.0,0.0,0.0,0.0,0.9999999999999999,0.0,0.0,0.0,0.0,0,0,11,0,11
