teamname,match_id,batting_position,runs,balls,fours,sixes,strike_rate,overs,total_balls,dots,maidens,conceded,fours_conceded,sixes_conceded,wickets,LBW,Bowled,noballs,wides,economy_rate,catches,stumping,direct_hit,indirect_hit,strike_rate_fp,batting_fp,bowling_fp,fielding_fp,total_fp
Singapore,1349390,0.0,0.0,0.0,0.0,0.0,0.0,0.0,0.0,0.0,0.0,0.0,0.0,0.25,0.0,0.0,0.0,0.0,0.0,0.21052631578947367,0.0,0.0,0.0,0.0,0,0,1,0,1
Singapore,1349388,1.0,1.0,0.46153846153846156,0.0,0.0,0.25,0.0,0.0,0.3333333333333333,0.0,0.6818181818181819,0.0,1.0,0.0,0.0,0.0,0.0,1.0,0.9999999999999999,0.0,0.0,0.0,0.0,-4,2,2,0,4
Singapore,1349386,1.0,0.6666666666666666,0.07692307692307693,1.0,0.0,1.0,1.0,1.0,0.3333333333333333,0.0,1.0,1.0,0.5,0.0,0.0,0.0,0.0,0.0,0.24578947368421056,0.0,0.0,0.0,0.0,0,8,0,0,8
Singapore,1349384,0.5,0.0,0.0,0.0,0.0,0.0,0.5,0.5,0.3333333333333333,0.0,0.4545454545454546,1.0,0.0,0.0,0.0,0.0,0.0,1.0,0.21052631578947367,0.0,0.0,0.0,0.0,0,0,0,0,0
Singapore,1349383,1.0,0.8333333333333333,1.0,0.0,0.0,0.09615,0.5,0.5,1.0,0.0,0.09090909090909083,0.5,0.0,0.0,0.0,0.0,0.0,0.0,0.0,1.0,0.0,0.0,0.0,-6,-1,6,8,13
