teamname,match_id,batting_position,runs,balls,fours,sixes,strike_rate,overs,total_balls,dots,maidens,conceded,fours_conceded,sixes_conceded,wickets,LBW,Bowled,noballs,wides,economy_rate,catches,stumping,direct_hit,indirect_hit,strike_rate_fp,batting_fp,bowling_fp,fielding_fp,total_fp
Canada,1450828,1.0,0.0,0.0,0.0,0.0,0.0,0.9999999999999999,1.0,1.0,0.0,0.8,1.0,0.5,1.0,0.0,0.0,0.0,0.0,0.5736842105263158,0.0,0.0,0.0,0.0,0,0,96,0,96
Canada,1450826,0.3333333333333335,0.0,0.0,0.0,0.0,0.0,0.545404963185165,0.5454545454545454,0.3076923076923077,0.0,0.76,0.5,0.5,0.3333333333333333,0.0,0.0,0.0,1.0,1.0,1.0,0.0,0.0,0.0,0,0,29,16,45
Canada,1450825,1.0,0.7142857142857142,0.5384615384615385,1.0,0.0,0.9524000000000001,0.0,0.0,0.0,0.0,0.0,0.0,0.0,0.0,0.0,0.0,0.0,0.0,0.0,0.0,0.0,0.0,0.0,0,14,0,0,14
Canada,1450823,0.0,1.0,1.0,1.0,1.0,0.7179333333333333,0.8181074447777474,0.8181818181818182,0.7692307692307693,0.0,1.0,1.0,1.0,0.3333333333333333,0.0,0.0,0.0,0.0,0.8768421052631579,0.0,0.0,0.0,0.0,0,24,35,0,59
Canada,1446765,0.0,0.5,0.46153846153846156,1.0,0.0,0.7778,0.545404963185165,0.5454545454545454,0.5384615384615385,0.0,0.52,0.5,0.5,0.0,0.0,0.0,0.0,0.0,0.6842105263157894,0.0,0.0,0.0,0.0,0,11,9,0,20
Canada,1446764,0.3333333333333335,0.6428571428571428,0.46153846153846156,0.0,1.0,1.0,0.545404963185165,0.5454545454545454,0.3076923076923077,0.0,0.56,0.5,0.0,0.0,0.0,0.0,0.0,0.0,0.7368421052631579,0.0,0.0,0.0,0.0,0,15,6,0,21
