teamname,match_id,batting_position,runs,balls,fours,sixes,strike_rate,overs,total_balls,dots,maidens,conceded,fours_conceded,sixes_conceded,wickets,LBW,Bowled,noballs,wides,economy_rate,catches,stumping,direct_hit,indirect_hit,strike_rate_fp,batting_fp,bowling_fp,fielding_fp,total_fp
Karnataka,1280302,0.5999999999999999,0.0,0.0,0.0,0.0,0.0,0.0,0.0,0.19999999999999996,0.0,0.0,0.0,0.5,1.0,0.0,0.0,0.0,0.0,0.20833333333333326,0.0,0.0,1.0,0.0,0,0,31,12,43
Karnataka,1280301,0.7999999999999998,0.0,0.0,0.0,0.0,0.0,1.0,1.0,0.3999999999999999,0.0,0.3076923076923077,0.5,0.0,1.0,0.0,0.0,0.0,1.0,0.25,0.5,0.0,0.0,0.0,0,0,30,8,38
Karnataka,1280297,0.3999999999999999,0.0,0.0,0.0,0.0,0.0,1.0,1.0,0.19999999999999996,0.0,1.0,1.0,1.0,1.0,0.0,0.0,0.0,1.0,1.0,0.0,0.0,0.0,0.0,0,0,25,0,25
Karnataka,1280294,0.7999999999999998,1.0,1.0,0.0,0.0,1.0,1.0,1.0,1.0,0.0,0.07692307692307698,0.25,0.0,1.0,0.0,0.0,0.0,0.0,0.0,1.0,0.0,0.0,0.0,0,1,37,16,54
Karnataka,1280220,1.0,0.0,0.0,0.0,0.0,0.0,0.0,0.0,0.0,0.0,0.34615384615384626,0.25,0.5,0.0,0.0,0.0,0.0,0.0,0.7083333333333333,0.0,0.0,0.0,0.0,0,0,1,0,1
Karnataka,1280202,0.0,0.0,0.0,0.0,0.0,0.0,1.0,1.0,0.8,0.0,0.15384615384615385,0.25,0.0,1.0,0.0,0.0,0.0,1.0,0.08333333333333326,0.0,0.0,0.0,0.0,0,0,34,0,34
