teamname,match_id,batting_position,runs,balls,fours,sixes,strike_rate,overs,total_balls,dots,maidens,conceded,fours_conceded,sixes_conceded,wickets,LBW,Bowled,noballs,wides,economy_rate,catches,stumping,direct_hit,indirect_hit,strike_rate_fp,batting_fp,bowling_fp,fielding_fp,total_fp
Romania,1436490,0.0,0.07142857142857142,0.25,0.0,0.0,0.28573265332361886,0.0,0.0,0.0,0.0,0.0,0.0,0.0,0.0,0.0,0.0,0.0,0.0,0.0,0.0,0.0,0.0,0.0,0,2,0,0,2
Romania,1434161,1.0,0.0,0.0,0.0,0.0,0.0,1.0,1.0,1.0,0.0,0.4693877551020408,0.6000000000000001,0.0,1.0,1.0,0.0,0.0,0.0,0.4693877551020408,0.0,0.0,0.0,0.0,0,0,103,0,103
Romania,1434160,1.0,1.0,1.0,1.0,1.0,0.9999999999999999,1.0,1.0,0.5833333333333333,0.0,0.9999999999999999,0.6000000000000001,1.0,0.3333333333333333,0.0,0.0,0.0,1.0,0.9999999999999999,0.0,0.0,0.0,0.0,6,60,26,0,86
Romania,1391336,0.0,0.0,0.0,0.0,0.0,0.0,1.0,1.0,1.0,0.0,0.5714285714285714,1.0,0.0,0.6666666666666666,0.0,1.0,0.0,0.06666666666666667,0.5714285714285714,0.0,0.0,0.0,0.0,0,0,72,0,72
Romania,1391337,0.0,0.25,0.5,0.0,0.0,0.5000214288775553,1.0,1.0,0.75,0.0,0.6122448979591836,0.4,1.0,0.6666666666666666,0.0,1.0,0.5,0.06666666666666667,0.6122448979591836,1.0,0.0,0.0,0.0,0,7,67,8,82
Romania,1391333,0.0,0.2857142857142857,0.5833333333333333,1.0,0.0,0.489821283161188,1.0,1.0,0.5833333333333333,0.0,0.7346938775510203,0.4,1.0,0.3333333333333333,0.0,0.0,1.0,0.13333333333333333,0.7346938775510203,0.0,0.0,0.0,0.0,0,12,32,0,44
Romania,1391335,0.0,0.07142857142857142,0.25,0.0,0.0,0.28573265332361886,1.0,1.0,0.75,0.0,0.6530612244897959,0.4,0.0,0.6666666666666666,0.0,0.0,0.0,0.6,0.6530612244897959,1.0,0.0,0.0,1.0,0,2,59,14,75
