teamname,match_id,batting_position,runs,balls,fours,sixes,strike_rate,overs,total_balls,dots,maidens,conceded,fours_conceded,sixes_conceded,wickets,LBW,Bowled,noballs,wides,economy_rate,catches,stumping,direct_hit,indirect_hit,strike_rate_fp,batting_fp,bowling_fp,fielding_fp,total_fp
Belize,1157700,1.0,0.125,0.13333333333333333,0.0,0.0,0.5,0.0,0.0,0.0,0.0,0.0,0.0,0.0,0.0,0.0,0.0,0.0,0.0,0.0,0.0,0.0,0.0,0.0,0,1,0,0,1
Belize,1157698,0.5999999999999999,0.125,0.0,0.0,0.0,1.0,1.0,1.0,1.0,0.0,1.0,0.75,0.0,1.0,0.0,1.0,0.0,0.0,0.333125,0.0,0.0,0.0,0.0,0,1,73,0,74
Belize,1157696,0.0,1.0,1.0,1.0,0.0,0.9412,0.0,0.0,0.0,0.0,0.0,0.0,0.0,0.0,0.0,0.0,0.0,0.0,0.0,0.0,0.0,0.0,0.0,-6,6,0,0,6
Belize,1157693,0.5999999999999999,0.25,0.6666666666666667,0.0,0.0,0.33340000000000003,0.0,0.0,0.0,0.0,0.0,0.0,0.0,0.0,0.0,0.0,0.0,0.0,0.0,0.0,0.0,0.0,0.0,-6,-4,0,0,-4
Belize,1157691,0.0,0.0,0.0,0.0,0.0,0.0,0.3333333333333333,0.3333333333333333,0.18181818181818182,0.0,1.0,1.0,0.0,0.0,0.0,0.0,0.0,0.0,1.0,0.0,0.0,0.0,0.0,0,-2,2,0,0
