teamname,match_id,batting_position,runs,balls,fours,sixes,strike_rate,overs,total_balls,dots,maidens,conceded,fours_conceded,sixes_conceded,wickets,LBW,Bowled,noballs,wides,economy_rate,catches,stumping,direct_hit,indirect_hit,strike_rate_fp,batting_fp,bowling_fp,fielding_fp,total_fp
Pakistan,682959,1.0,0.23076923076923078,0.23529411764705882,0.0,0.0,0.40909834724267713,1.0,1.0,0.6666666666666667,0.0,0.375,0.6000000000000001,0.5,0.0,0.0,0.0,0.0,1.0,0.375,0.0,0.0,0.0,0.0,0,3,38,0,41
Pakistan,682949,0.6666666666666665,0.0,0.0,0.0,0.0,0.0,0.0,0.0,0.0,0.0,0.1875,0.0,1.0,0.0,1.0,0.0,0.0,0.5,0.6875,0.0,0.0,0.0,0.0,0,0,40,0,40
Pakistan,682927,0.6666666666666665,0.0,0.0,0.0,0.0,0.0,1.0,1.0,1.0,0.0,0.3125,1.0,0.0,0.5,0.0,1.0,0.0,0.0,0.3125,0.0,0.0,0.0,0.0,0,0,73,0,73
Pakistan,659547,0.3333333333333335,0.0,0.0,0.0,0.0,0.0,1.0,1.0,0.8333333333333335,1.0,0.0,0.2,0.5,0.5,0.0,0.0,0.0,0.0,0.0,0.0,0.0,0.0,0.0,0,0,78,0,78
Pakistan,645647,0.3333333333333335,0.8461538461538463,0.3529411764705882,1.0,0.0,1.0,1.0,1.0,0.3333333333333335,0.0,1.0,0.8,1.0,0.5,0.0,0.0,0.0,0.0,1.0,0.0,0.0,0.0,0.0,0,15,59,0,74
Pakistan,645645,0.0,1.0,1.0,1.0,1.0,0.41711667484863363,1.0,1.0,1.0,0.0,0.125,0.4,0.5,1.0,0.0,1.0,0.0,0.0,0.125,1.0,0.0,0.0,0.0,0,23,104,8,135
