teamname,match_id,batting_position,runs,balls,fours,sixes,strike_rate,overs,total_balls,dots,maidens,conceded,fours_conceded,sixes_conceded,wickets,LBW,Bowled,noballs,wides,economy_rate,catches,stumping,direct_hit,indirect_hit,strike_rate_fp,batting_fp,bowling_fp,fielding_fp,total_fp
Estonia,1443788,0.0,0.0,0.0,0.0,0.0,0.0,0.6666666666666667,0.6666666666666667,0.8,0.0,0.32142857142857145,1.0,0.0,1.0,0.0,0.0,0.0,0.16666666666666666,0.25706940874035994,0.0,0.0,0.0,0.0,0,0,87,0,87
Estonia,1443785,1.0,0.0,0.0,0.0,0.0,0.0,0.6666666666666667,0.6666666666666667,0.9,0.0,0.0,0.0,0.0,0.3333333333333333,0.0,0.0,1.0,0.3333333333333333,0.0,0.0,0.0,0.0,1.0,0,0,40,6,46
Estonia,1443780,0.666666666666667,1.0,0.42857142857142855,0.0,1.0,0.9999999999999999,0.0,0.0,0.0,0.0,0.10714285714285715,0.25,0.5,0.0,0.0,0.0,0.0,0.0,1.0,0.0,0.0,0.0,0.0,0,13,0,0,13
Estonia,1443777,0.3333333333333335,0.0,0.0,0.0,0.0,0.0,0.6666666666666667,0.6666666666666667,0.8,0.0,0.24999999999999994,0.5,0.0,0.0,0.0,0.0,0.5,0.0,0.20051413881748065,0.0,0.0,0.0,0.0,0,0,10,0,10
Estonia,1438079,0.0,0.8571428571428571,1.0,0.0,0.0,0.36733381905455786,0.3333333333333333,0.3333333333333333,0.30000000000000004,0.0,0.35714285714285715,0.5,0.5,0.0,0.0,0.0,0.0,0.5,0.6143958868894601,0.0,0.0,0.0,0.0,0,6,-1,0,5
Estonia,1438075,1.0,0.0,0.0,0.0,0.0,0.0,1.0,1.0,0.8,0.0,0.75,0.5,0.5,0.3333333333333333,0.0,0.0,0.0,0.8333333333333333,0.3573264781491003,1.0,0.0,0.0,0.0,0,0,33,8,41
Estonia,1438076,1.0,0.0,0.0,0.0,0.0,0.0,1.0,1.0,0.9,0.0,1.0,0.75,1.0,0.6666666666666666,0.0,0.0,0.5,0.5,0.5072836332476436,0.0,0.0,0.0,0.0,0,0,57,0,57
Estonia,1391338,0.666666666666667,0.0,0.0,0.0,0.0,0.0,0.6666666666666667,0.6666666666666667,0.7000000000000001,0.0,0.32142857142857145,0.75,0.0,0.3333333333333333,0.0,0.0,0.0,0.3333333333333333,0.25706940874035994,0.0,0.0,0.0,0.0,0,0,32,0,32
Estonia,1391339,0.0,0.0,0.0,0.0,0.0,0.0,1.0,1.0,1.0,0.0,0.75,1.0,0.0,0.0,0.0,0.0,0.0,1.0,0.3573264781491003,0.0,0.0,0.0,0.0,0,0,10,0,10
