teamname,match_id,batting_position,runs,balls,fours,sixes,strike_rate,overs,total_balls,dots,maidens,conceded,fours_conceded,sixes_conceded,wickets,LBW,Bowled,noballs,wides,economy_rate,catches,stumping,direct_hit,indirect_hit,strike_rate_fp,batting_fp,bowling_fp,fielding_fp,total_fp
Netherlands,1191008,0.5,0.3529411764705882,0.2777777777777778,0.0,0.0,0.900022500562514,0.3333333333333333,0.3333333333333333,0.6000000000000001,0.0,0.13043478260869565,0.0,0.0,0.0,0.0,0.0,0.0,0.0,0.23076923076923078,0.5,0.0,0.0,0.0,0,6,3,8,17
Netherlands,1191006,0.25,1.0,1.0,0.0,0.0,0.7083177079426984,1.0,1.0,1.0,0.0,1.0,0.3333333333333333,1.0,1.0,0.0,0.0,0.0,0.0,0.5900000000000001,0.0,0.0,0.0,0.0,0,17,30,0,47
Netherlands,1172509,0.5,0.23529411764705882,0.16666666666666666,1.0,0.0,1.0,0.3333333333333333,0.3333333333333333,0.4,0.0,0.3913043478260869,0.0,1.0,1.0,0.0,1.0,0.0,0.0,0.6923076923076923,0.5,0.0,0.0,0.0,0,8,35,8,51
Netherlands,1172507,0.25,0.0,0.0,0.0,0.0,0.0,0.3333333333333333,0.3333333333333333,0.4,0.0,0.34782608695652173,0.3333333333333333,0.0,0.0,0.0,0.0,0.0,0.0,0.6153846153846154,0.0,0.0,0.0,0.0,0,0,2,0,2
Netherlands,1142505,0.0,0.47058823529411764,0.3333333333333333,1.0,0.0,1.0,0.3333333333333333,0.3333333333333333,0.4,0.0,0.5652173913043478,1.0,0.0,0.0,0.0,0.0,0.0,0.0,1.0,0.0,0.0,0.0,0.0,0,12,2,0,14
Netherlands,1142502,0.5,0.29411764705882354,0.2777777777777778,1.0,0.0,0.7500187504687617,0.0,0.0,0.0,0.0,0.0,0.0,0.0,0.0,0.0,0.0,0.0,0.0,0.0,0.0,0.0,0.0,0.0,0,9,0,0,9
Netherlands,1142501,0.5,0.058823529411764705,0.2222222222222222,0.0,0.0,0.1875046876171904,0.0,0.0,0.0,0.0,0.0,0.0,0.0,0.0,0.0,0.0,0.0,0.0,0.0,0.0,0.0,0.0,0.0,0,1,0,0,1
Netherlands,967081,1.0,0.0,0.0,0.0,0.0,0.0,0.0,0.0,0.0,0.0,0.0,0.0,0.0,0.0,0.0,0.0,0.0,0.0,0.0,1.0,0.0,0.0,0.0,0,0,0,16,16
