teamname,match_id,batting_position,runs,balls,fours,sixes,strike_rate,overs,total_balls,dots,maidens,conceded,fours_conceded,sixes_conceded,wickets,LBW,Bowled,noballs,wides,economy_rate,catches,stumping,direct_hit,indirect_hit,strike_rate_fp,batting_fp,bowling_fp,fielding_fp,total_fp
Hampshire,1167193,1.0,0.0,0.0,0.0,0.0,0.0,0.3333333333333333,0.3333333333333333,0.14285714285714285,0.0,0.7916666666666666,1.0,0.0,0.0,0.0,0.0,0.0,0.0,0.6153846153846154,1.0,0.0,0.0,0.0,0,0,-1,8,7
Hampshire,1167179,1.0,0.2222222222222222,0.2727272727272727,0.0,0.0,0.7619428571428571,1.0,1.0,0.7142857142857142,0.0,0.7916666666666666,0.3333333333333333,0.0,0.5,0.0,0.0,0.0,0.0,0.19230769230769235,0.0,0.0,0.0,0.0,0,2,34,0,36
Hampshire,947339,1.0,0.0,0.0,0.0,0.0,0.0,0.4443333333333334,0.44444444444444436,1.0,0.0,0.375,0.0,1.0,0.5,0.0,1.0,0.0,0.0,0.1646153846153846,0.0,0.0,0.0,0.0,0,0,44,0,44
Hampshire,947311,1.0,0.7777777777777777,0.7272727272727273,1.0,0.0,1.0,0.0,0.0,0.0,0.0,0.125,0.0,0.0,0.0,0.0,0.0,0.0,0.0,0.23076923076923078,0.0,0.0,0.0,0.0,0,11,0,0,11
Hampshire,947283,0.0,0.5555555555555556,0.5454545454545454,1.0,0.0,0.9523428571428572,0.0,0.0,0.2857142857142857,0.0,0.0,0.0,0.0,0.0,0.0,0.0,0.0,0.0,0.0,0.0,0.0,0.0,0.0,0,9,2,0,11
Hampshire,947279,1.0,0.0,0.0,0.0,0.0,0.0,0.6666666666666667,0.6666666666666667,0.8571428571428571,0.0,0.7083333333333333,0.3333333333333333,0.0,1.0,0.0,0.0,0.0,0.0,0.2823076923076923,1.0,0.0,0.0,0.0,0,0,58,8,66
Hampshire,947255,0.0,1.0,1.0,1.0,0.0,0.9350857142857142,0.6666666666666667,0.6666666666666667,0.42857142857142855,0.0,1.0,0.3333333333333333,1.0,0.0,0.0,0.0,0.0,0.0,0.4615384615384615,0.0,0.0,0.0,0.0,0,13,3,0,16
Hampshire,693037,1.0,0.0,0.0,0.0,0.0,0.0,0.0,0.0,0.0,0.0,0.5416666666666666,0.3333333333333333,1.0,0.0,0.0,0.0,0.0,0.0,1.0,1.0,0.0,0.0,0.0,0,0,0,8,8
