teamname,match_id,batting_position,runs,balls,fours,sixes,strike_rate,overs,total_balls,dots,maidens,conceded,fours_conceded,sixes_conceded,wickets,LBW,Bowled,noballs,wides,economy_rate,catches,stumping,direct_hit,indirect_hit,strike_rate_fp,batting_fp,bowling_fp,fielding_fp,total_fp
Madhya Pradesh,1333033,1.0000000000000002,0.0,0.0,0.0,0.0,0.0,0.5,0.5,0.0,0.0,0.8148148148148147,0.6666666666666666,0.3333333333333333,0.5,0.0,0.0,0.0,0.5,1.0,1.0,0.0,0.0,0.0,0,0,26,8,34
Madhya Pradesh,1332997,0.0,0.0,0.0,0.0,0.0,0.0,0.0,0.0,0.19999999999999996,0.0,0.0,0.0,0.0,0.5,0.0,0.0,0.0,1.0,0.18518518518518523,0.0,0.0,0.0,0.0,0,0,34,0,34
Madhya Pradesh,1205728,0.5999999999999999,0.0,0.0,0.0,0.0,0.0,1.0,1.0,0.7,0.0,1.0,0.8333333333333333,0.3333333333333333,1.0,0.0,0.0,0.0,0.0,0.7777777777777779,0.0,0.0,0.0,0.0,0,0,60,0,60
Madhya Pradesh,1205837,0.8,0.0,0.0,0.0,0.0,0.0,0.5,0.5,0.4,0.0,0.7407407407407407,1.0,0.0,1.0,0.0,0.5,0.0,0.25,0.9007407407407408,0.0,0.0,0.0,0.0,0,0,63,0,63
Madhya Pradesh,1205811,0.5999999999999999,1.0,1.0,1.0,0.0,1.0,0.5,0.5,0.4,0.0,0.7037037037037037,1.0,0.0,0.0,0.0,0.0,0.0,0.0,0.8518518518518519,0.0,0.0,0.0,0.0,0,9,5,0,14
Madhya Pradesh,1205801,0.5999999999999999,0.0,0.0,0.0,0.0,0.0,1.0,1.0,1.0,1.0,0.3703703703703703,0.16666666666666666,0.3333333333333333,1.0,0.0,1.0,0.0,0.0,0.14814814814814814,1.0,0.0,0.0,0.0,0,0,95,8,103
Madhya Pradesh,1205775,0.19999999999999996,0.0,0.0,0.0,0.0,0.0,1.0,1.0,1.0,0.0,0.22222222222222215,0.16666666666666666,0.0,0.0,0.0,0.0,0.0,0.25,0.0,0.0,0.0,0.0,0.0,0,0,19,0,19
Madhya Pradesh,1205764,0.19999999999999996,0.0,0.0,0.0,0.0,0.0,0.9165000000000001,0.9166666666666665,0.8,0.0,0.8888888888888888,0.3333333333333333,1.0,0.0,0.0,0.0,0.0,0.5,0.722962962962963,0.0,0.0,0.0,0.0,0,0,11,0,11
