teamname,match_id,batting_position,runs,balls,fours,sixes,strike_rate,overs,total_balls,dots,maidens,conceded,fours_conceded,sixes_conceded,wickets,LBW,Bowled,noballs,wides,economy_rate,catches,stumping,direct_hit,indirect_hit,strike_rate_fp,batting_fp,bowling_fp,fielding_fp,total_fp
Melbourne Renegades,571264,0.0,0.6000000000000001,1.0,0.0,0.0,0.44999100017999644,0.5,0.5,0.33333333333333337,0.0,0.7142857142857142,0.75,1.0,0.5,0.0,0.0,0.0,0.0,0.9090909090909092,0.0,0.0,0.0,0.0,0,3,31,0,34
Melbourne Renegades,571258,0.0,0.0,0.0,0.0,0.0,0.0,0.5,0.5,0.9999999999999999,0.0,0.0,0.0,0.0,1.0,0.0,0.0,0.0,0.0,0.0,1.0,0.0,0.0,0.0,0,0,66,8,74
Melbourne Renegades,571254,0.0,0.0,0.0,0.0,0.0,0.0,0.5,0.5,0.33333333333333337,0.0,0.7142857142857142,1.0,0.0,0.0,0.0,0.0,0.0,0.0,0.9090909090909092,0.0,0.0,0.0,0.0,0,0,6,0,6
Melbourne Renegades,571251,0.0,1.0,0.75,1.0,0.0,1.0,0.0,0.0,0.0,0.0,0.33333333333333326,0.75,0.0,0.0,0.0,0.0,0.0,0.5,1.0,0.0,0.0,0.0,0.0,0,9,4,0,13
Melbourne Renegades,571245,0.0,0.0,0.0,0.0,0.0,0.0,1.0,1.0,0.4999999999999999,0.0,0.9523809523809523,0.25,1.0,1.0,0.0,0.0,0.0,0.5,0.7272727272727273,1.0,0.0,0.0,0.0,0,0,57,8,65
Melbourne Renegades,571242,0.0,0.0,0.0,0.0,0.0,0.0,0.0,0.0,0.33333333333333337,0.0,0.19047619047619047,0.5,1.0,0.0,0.0,0.0,0.0,0.0,0.7272727272727273,1.0,0.0,0.0,0.0,0,0,6,8,14
Melbourne Renegades,571238,0.0,0.0,0.0,0.0,0.0,0.0,0.5,0.5,0.9999999999999999,0.0,0.1428571428571428,0.5,0.0,0.0,0.0,0.0,0.0,0.5,0.18181818181818188,0.0,0.0,0.0,1.0,0,0,14,6,20
Melbourne Renegades,571232,0.0,0.0,0.0,0.0,0.0,0.0,1.0,1.0,0.8333333333333334,0.0,1.0,0.75,1.0,0.5,0.0,0.0,0.0,1.0,0.7727272727272727,0.0,0.0,0.0,0.0,0,0,34,0,34
