teamname,match_id,batting_position,runs,balls,fours,sixes,strike_rate,overs,total_balls,dots,maidens,conceded,fours_conceded,sixes_conceded,wickets,LBW,Bowled,noballs,wides,economy_rate,catches,stumping,direct_hit,indirect_hit,strike_rate_fp,batting_fp,bowling_fp,fielding_fp,total_fp
Singapore,1474263,0.28571428571428564,0.05,0.16666666666666666,0.0,0.0,0.25,0.0,0.0,0.0,0.0,0.0,0.0,0.0,0.0,0.0,0.0,0.0,0.0,0.0,0.0,0.0,0.0,0.0,0,1,0,0,1
Singapore,1474262,0.42857142857142855,1.0,1.0,0.0,1.0,0.8333499999999999,0.5,0.5,0.75,0.0,0.42307692307692313,0.5,0.5,0.0,0.0,0.0,0.0,0.0,0.5238095238095237,0.0,0.0,0.0,0.0,4,36,3,0,39
Singapore,1474261,0.5714285714285714,0.6000000000000001,0.5,1.0,0.0,1.0,0.5,0.5,0.0,0.0,0.5384615384615385,0.5,0.5,0.0,0.0,0.0,0.0,0.0,0.6666666666666666,0.0,0.0,0.0,0.0,0,20,0,0,20
Singapore,1474260,0.42857142857142855,0.35000000000000003,0.5833333333333333,0.5,0.0,0.5,0.0,0.0,0.0,0.0,0.0,0.0,0.0,0.0,0.0,0.0,0.0,0.0,0.0,0.0,0.0,0.0,0.0,0,11,0,0,11
Singapore,1418182,0.9999999999999998,0.0,0.0,0.0,0.0,0.0,0.5,0.5,0.25,0.0,0.8076923076923077,1.0,1.0,0.0,0.0,0.0,0.0,0.0,1.0,0.0,0.0,0.0,0.0,0,0,1,0,1
Singapore,1349388,0.7142857142857142,0.35000000000000003,0.9166666666666666,0.5,0.0,0.3182,0.5,0.5,0.25,0.0,0.576923076923077,0.0,1.0,0.0,0.0,0.0,0.0,0.0,0.7142857142857142,0.0,0.0,0.0,0.0,-2,9,1,0,10
Singapore,1349379,0.0,0.15000000000000002,0.16666666666666666,0.0,0.0,0.75,1.0,1.0,1.0,0.0,1.0,1.0,1.0,1.0,0.0,1.0,0.0,0.0,0.6190476190476191,0.0,0.0,0.0,0.0,0,3,56,0,59
