teamname,match_id,batting_position,runs,balls,fours,sixes,strike_rate,overs,total_balls,dots,maidens,conceded,fours_conceded,sixes_conceded,wickets,LBW,Bowled,noballs,wides,economy_rate,catches,stumping,direct_hit,indirect_hit,strike_rate_fp,batting_fp,bowling_fp,fielding_fp,total_fp
Bengal,1244367,0.5,0.10526315789473684,0.125,0.0,0.0,0.26668000000000003,0.5,0.5,0.25,0.0,0.3095238095238095,0.0,0.5,0.0,0.0,0.0,0.0,0.0,0.4640943193997856,0.0,0.0,0.0,0.0,0,2,4,0,6
Royal Challengers Bangalore,1175366,0.0,1.0,1.0,1.0,0.0,0.31668,1.0,1.0,0.0,0.0,1.0,1.0,1.0,0.0,0.0,0.0,0.0,0.0,1.0,0.0,0.0,0.0,0.0,0,27,-4,0,23
Bengal,1157151,0.5,0.2631578947368421,0.25,0.0,0.0,0.33332,0.0,0.0,0.375,0.0,0.047619047619047616,0.0,0.25,0.0,0.0,0.0,0.0,0.0,0.35691318327974275,0.0,0.0,0.0,0.0,0,5,5,0,10
Bengal,1157135,0.0,0.7894736842105263,0.25,1.0,1.0,1.0,0.0,0.0,0.125,0.0,0.02380952380952378,0.5,0.0,0.0,0.0,0.0,0.0,0.0,0.30332261521972126,0.0,0.0,0.0,0.0,0,29,3,0,32
Bengal,1157120,0.0,0.05263157894736842,0.041666666666666664,0.0,0.0,0.4,0.0,0.0,0.25,0.0,0.11904761904761901,1.0,0.0,0.0,0.0,0.0,0.0,0.0,0.517684887459807,0.0,0.0,0.0,0.0,0,1,4,0,5
Bengal,1157103,1.0,0.0,0.0,0.0,0.0,0.0,0.5,0.5,1.0,0.0,0.0,0.0,0.0,1.0,0.0,1.0,0.0,0.0,0.0,0.0,0.0,0.0,0.0,0,0,156,0,156
