teamname,match_id,batting_position,runs,balls,fours,sixes,strike_rate,overs,total_balls,dots,maidens,conceded,fours_conceded,sixes_conceded,wickets,LBW,Bowled,noballs,wides,economy_rate,catches,stumping,direct_hit,indirect_hit,strike_rate_fp,batting_fp,bowling_fp,fielding_fp,total_fp
Canada,1425125,0.0,0.0,0.0,0.0,0.0,0.0,0.5,0.5,0.0,0.0,0.787878787878788,0.5,1.0,1.0,0.0,0.0,0.0,0.0,1.0,0.0,0.0,0.0,0.0,0,0,23,0,23
Canada,1425124,0.0,0.0,0.0,0.0,0.0,0.0,0.5,0.5,0.4999999999999999,0.0,0.36363636363636365,0.25,0.0,1.0,0.0,0.0,0.0,1.0,0.2998500749625188,0.0,0.0,0.0,0.0,0,0,32,0,32
Canada,1425122,0.0,1.0,1.0,1.0,0.0,1.0,1.0,1.0,0.9999999999999999,0.0,1.0,1.0,0.5,0.0,0.0,0.0,0.0,0.5,0.7871064467766118,0.0,0.0,0.0,0.0,0,8,6,0,14
Canada,1425121,0.0,0.25,0.3333333333333333,0.0,0.0,0.7500187504687617,0.0,0.0,0.16666666666666663,0.0,0.0,0.0,0.5,0.0,0.0,0.0,0.0,0.0,0.0,0.0,0.0,0.0,0.0,0,1,7,0,8
