teamname,match_id,batting_position,runs,balls,fours,sixes,strike_rate,overs,total_balls,dots,maidens,conceded,fours_conceded,sixes_conceded,wickets,LBW,Bowled,noballs,wides,economy_rate,catches,stumping,direct_hit,indirect_hit,strike_rate_fp,batting_fp,bowling_fp,fielding_fp,total_fp
China,1159091,0.0,1.0,0.796875,1.0,1.0,1.0,1.0,1.0,0.9166666666666666,0.0,1.0,1.0,0.0,0.0,0.0,0.0,1.0,1.0,0.4859307359307359,0.0,0.0,0.0,0.0,0,102,14,0,116
China,1159087,0.0,0.10714285714285714,0.09375,0.0,0.0,0.79589562633485,0.5,0.5,0.6666666666666666,0.0,0.65,1.0,0.0,0.0,0.0,0.0,0.0,0.0,0.4588744588744589,0.0,0.0,0.0,0.0,0,6,11,0,17
China,1063553,0.0,0.9464285714285714,1.0,0.6000000000000001,0.6666666666666666,0.757173368000743,0.4165000000000001,0.4166666666666665,0.9999999999999999,0.0,0.0,0.0,0.0,1.0,0.0,0.0,0.0,0.0,0.0,0.0,0.0,0.0,0.0,0,85,44,0,129
China,778027,0.0,0.10714285714285714,0.078125,0.0,0.0,0.9285913269570062,0.0,0.0,0.0,0.0,0.8500000000000001,1.0,0.0,0.0,0.0,0.0,1.0,0.0,1.0,0.0,0.0,0.0,0.0,0,6,-1,0,5
China,778021,1.0,0.0,0.0,0.0,0.0,0.0,0.5,0.5,0.9166666666666666,0.0,0.3500000000000001,0.5,0.0,0.0,0.0,0.0,0.0,0.0,0.24242424242424243,0.0,0.0,0.0,0.0,0,-2,18,0,16
