teamname,match_id,batting_position,runs,balls,fours,sixes,strike_rate,overs,total_balls,dots,maidens,conceded,fours_conceded,sixes_conceded,wickets,LBW,Bowled,noballs,wides,economy_rate,catches,stumping,direct_hit,indirect_hit,strike_rate_fp,batting_fp,bowling_fp,fielding_fp,total_fp
South Korea,1450778,0.0,1.0,1.0,0.0,0.0,0.48700000000000004,0.6666666666666667,0.6666666666666667,0.33333333333333337,0.0,0.5,0.0,0.0,0.0,0.0,0.0,0.0,0.0,0.014767932489451407,0.0,0.0,0.0,0.0,-2,13,7,0,20
South Korea,1450777,1.0,0.13333333333333333,0.2272727272727273,0.0,0.0,0.2857142857142857,1.0,1.0,0.5555555555555555,0.0,1.0,0.0,0.0,1.0,0.0,1.0,0.0,0.0,0.1033755274261603,0.0,0.0,0.0,0.0,0,2,141,0,143
South Korea,1450773,0.0,0.4666666666666667,0.2272727272727273,0.0,0.0,1.0,0.3333333333333333,0.3333333333333333,0.1111111111111111,0.0,0.5,1.0,1.0,0.0,0.0,0.0,0.0,0.0,0.6835443037974682,1.0,0.0,0.0,0.0,0,7,3,8,18
South Korea,1450771,0.0,0.3333333333333333,0.5,1.0,0.0,0.3246428571428572,0.0,0.0,0.0,0.0,0.0,1.0,0.0,0.0,0.0,0.0,0.0,0.0,0.9999999999999998,0.0,0.0,0.0,0.0,-6,3,2,0,5
South Korea,1450769,0.0,0.0,0.0,0.0,0.0,0.0,0.9443333333333335,0.9444444444444444,0.9999999999999999,0.0,0.8125,0.0,0.0,0.25,0.0,0.3333333333333333,1.0,1.0,0.0,0.0,0.0,0.0,0.0,0,0,46,0,46
