teamname,match_id,batting_position,runs,balls,fours,sixes,strike_rate,overs,total_balls,dots,maidens,conceded,fours_conceded,sixes_conceded,wickets,LBW,Bowled,noballs,wides,economy_rate,catches,stumping,direct_hit,indirect_hit,strike_rate_fp,batting_fp,bowling_fp,fielding_fp,total_fp
England,287869,0.0,0.875,0.75,0.0,0.0,0.6190285714285715,0.0,0.0,0.0,0.0,0.0,0.0,0.3333333333333333,0.0,0.0,0.0,0.0,0.0,1.0,0.0,0.0,0.0,0.0,0,8,0,0,8
England,287867,0.0,0.625,0.0,1.0,0.0,1.0,1.0,1.0,0.9,0.0,1.0,0.25,1.0,0.5,0.0,0.0,0.0,1.0,0.5757575757575757,0.0,0.0,0.0,0.0,0,10,34,0,44
England,287861,0.0,0.0,0.25,0.0,0.0,0.0,0.9443333333333335,0.9444444444444444,1.0,0.0,0.8636363636363638,1.0,0.3333333333333333,0.5,0.0,0.0,0.0,0.0,0.526060606060606,0.0,0.0,0.0,0.0,0,1,35,0,36
England,287858,0.0,1.0,1.0,1.0,0.0,0.5918285714285714,1.0,1.0,1.0,0.0,0.13636363636363646,0.0,0.0,1.0,0.0,0.0,0.0,0.0,0.0,1.0,0.0,0.0,0.0,0,13,66,8,87
