teamname,match_id,batting_position,runs,balls,fours,sixes,strike_rate,overs,total_balls,dots,maidens,conceded,fours_conceded,sixes_conceded,wickets,LBW,Bowled,noballs,wides,economy_rate,catches,stumping,direct_hit,indirect_hit,strike_rate_fp,batting_fp,bowling_fp,fielding_fp,total_fp
Kenya,287854,1.0,1.0,0.9999999999999999,0.0,1.0,1.0,0.0,0.0,0.0,0.0,0.0,0.2,0.6666666666666666,0.0,0.0,0.0,0.0,0.0,1.0,0.0,0.0,0.0,0.0,0,17,0,0,17
Kenya,306991,0.0,0.8181818181818182,0.9999999999999999,0.0,1.0,0.8181966944853544,1.0,1.0000000000000002,1.0,0.0,0.8,1.0,0.0,0.0,0.0,0.0,0.0,0.0,0.0,0.0,0.0,0.0,0.0,0,15,11,0,26
Kenya,306987,0.0,0.0,0.0,0.0,0.0,0.0,0.6000600060006,0.6000000000000001,0.36363636363636365,0.0,1.0,0.0,1.0,0.0,0.0,0.0,0.0,1.0,0.2604166666666667,1.0,0.0,0.0,0.0,0,-2,0,8,6
