teamname,match_id,batting_position,runs,balls,fours,sixes,strike_rate,overs,total_balls,dots,maidens,conceded,fours_conceded,sixes_conceded,wickets,LBW,Bowled,noballs,wides,economy_rate,catches,stumping,direct_hit,indirect_hit,strike_rate_fp,batting_fp,bowling_fp,fielding_fp,total_fp
Israel,1436491,0.0,1.0,0.7727272727272727,1.0,1.0,0.7703272727272725,0.3333333333333333,0.3333333333333333,0.2222222222222222,0.0,0.5384615384615385,1.0,0.0,1.0,1.0,0.0,0.0,1.0,0.5555555555555556,0.0,0.0,0.0,0.0,4,62,37,0,99
Israel,1436490,0.0,0.75,0.9999999999999999,1.0,0.0,0.3030545454545455,0.3333333333333333,0.3333333333333333,0.5555555555555555,0.0,0.8461538461538463,0.5,1.0,0.0,0.0,0.0,0.0,0.5,1.0000000000000002,0.0,0.0,0.0,0.0,0,45,5,0,50
Israel,1436485,1.0,0.0,0.0,0.0,0.0,1.0,1.0,1.0,0.9999999999999999,0.0,1.0000000000000002,0.5,0.0,0.0,0.0,0.0,0.0,0.5,0.0,1.0,0.0,0.0,0.0,0,8,15,8,31
Israel,1436475,1.0,0.0357142857142857,0.2727272727272727,0.0,0.0,0.0,0.0,0.0,0.0,0.0,0.0,0.0,0.5,0.0,0.0,0.0,0.0,0.0,0.7777777777777779,0.0,0.0,0.0,0.0,0,9,2,0,11
