teamname,match_id,batting_position,runs,balls,fours,sixes,strike_rate,overs,total_balls,dots,maidens,conceded,fours_conceded,sixes_conceded,wickets,LBW,Bowled,noballs,wides,economy_rate,catches,stumping,direct_hit,indirect_hit,strike_rate_fp,batting_fp,bowling_fp,fielding_fp,total_fp
Guernsey,1310165,0.3333333333333335,0.0,0.0,0.0,0.0,0.0,1.0,1.0,0.0,0.0,1.0,1.0,0.0,1.0,0.0,0.0,0.0,0.0,1.0,0.0,0.0,0.0,0.0,0,0,35,0,35
Guernsey,1310163,1.0,0.0,0.0,0.0,0.0,0.0,0.5,0.5,0.0,0.0,0.368421052631579,0.0,0.0,0.0,0.0,0.0,0.0,0.0,0.36363636363636376,0.0,0.0,0.0,0.0,0,0,12,0,12
Guernsey,1310164,0.0,0.3333333333333333,0.6000000000000001,0.0,0.0,0.5555,0.6665000000000001,0.6666666666666665,1.0,0.0,0.4736842105263157,1.0,0.0,0.0,0.0,0.0,0.0,0.0,0.3999999999999999,0.0,0.0,0.0,0.0,0,1,15,0,16
Guernsey,1310161,0.666666666666667,1.0,1.0,0.0,0.0,1.0,0.0,0.0,0.0,0.0,0.0,0.0,0.0,1.0,0.0,0.0,0.0,0.0,0.0,0.0,0.0,0.0,0.0,0,3,39,0,42
