teamname,match_id,batting_position,runs,balls,fours,sixes,strike_rate,overs,total_balls,dots,maidens,conceded,fours_conceded,sixes_conceded,wickets,LBW,Bowled,noballs,wides,economy_rate,catches,stumping,direct_hit,indirect_hit,strike_rate_fp,batting_fp,bowling_fp,fielding_fp,total_fp
Cambodia,1418185,1.0,0.0,0.0,0.0,0.0,0.0,0.0,0.0,0.0,0.0,0.0,0.0,0.0,0.0,0.0,0.0,0.0,0.0,0.0,0.0,0.0,0.0,0.0,0,0,0,0,0
Cambodia,1418177,0.0,0.0,0.8888888888888888,0.0,0.0,0.0,0.0,0.0,0.0,0.0,0.0,0.0,0.0,0.0,0.0,0.0,0.0,0.0,0.0,0.0,0.0,0.0,0.0,-6,-8,0,0,-8
Cambodia,1418176,1.0,0.0,0.0,0.0,0.0,0.0,0.0,0.0,0.0,0.0,0.0,0.0,0.0,0.0,0.0,0.0,0.0,0.0,0.0,0.0,0.0,0.0,0.0,0,0,0,0,0
Cambodia,1407719,0.375,0.0,0.0,0.0,0.0,0.0,0.0,0.0,0.0,0.0,0.0,0.0,0.0,0.0,0.0,0.0,0.0,0.0,0.0,0.0,0.0,0.0,0.0,0,0,0,0,0
Cambodia,1407718,0.5,0.0,0.0,0.0,0.0,0.0,0.0,0.0,0.0,0.0,0.0,0.0,0.0,0.0,0.0,0.0,0.0,0.0,0.0,0.0,0.0,0.0,0.0,0,0,0,0,0
Cambodia,1407716,0.375,0.0,0.0,0.0,0.0,0.0,0.75,0.75,0.5333333333333333,0.0,0.96,0.25,1.0,0.5,0.0,0.0,0.0,0.0,0.64,0.0,0.0,0.0,0.0,0,0,33,0,33
Cambodia,1407717,0.625,0.26666666666666666,1.0,0.0,0.0,0.25181323662737987,0.0,0.0,0.0,0.0,0.0,0.0,0.0,0.0,0.0,0.0,0.0,0.0,0.0,0.0,0.0,0.0,0.0,-6,-2,0,0,-2
Cambodia,1407714,0.0,1.0,0.9444444444444444,1.0,0.0,0.9999999999999999,0.5,0.5,0.2,0.0,1.0,0.75,0.5,0.0,0.0,0.0,0.0,1.0,1.0,0.0,0.0,0.0,0.0,0,27,-3,0,24
Cambodia,1407715,0.0,0.06666666666666667,0.2222222222222222,0.0,0.0,0.28331822302810517,1.0,1.0,1.0,0.0,1.0,1.0,0.0,1.0,0.0,0.0,0.0,1.0,0.5,1.0,0.0,0.0,0.0,0,1,67,8,76
