teamname,match_id,batting_position,runs,balls,fours,sixes,strike_rate,overs,total_balls,dots,maidens,conceded,fours_conceded,sixes_conceded,wickets,LBW,Bowled,noballs,wides,economy_rate,catches,stumping,direct_hit,indirect_hit,strike_rate_fp,batting_fp,bowling_fp,fielding_fp,total_fp
Ireland,439510,0.0,0.0,0.0,0.0,0.0,0.0,0.6666666666666667,0.6666666666666667,0.6153846153846154,0.0,1.0,0.0,0.0,1.0,1.0,1.0,1.0,1.0,0.367,1.0,0.0,0.0,0.0,0,0,75,8,83
Ireland,439505,0.0,0.0,0.0,0.0,0.0,0.0,1.0,1.0,0.9230769230769231,0.0,0.3333333333333335,1.0,0.0,1.0,1.0,0.0,0.0,0.0,0.025000000000000022,0.0,0.0,0.0,0.0,0,0,77,0,77
Ireland,356003,0.0,1.0,1.0,0.0,0.0,1.0,0.0,0.0,0.0,0.0,0.0,1.0,0.0,0.0,0.0,0.0,0.0,0.0,1.0,0.0,0.0,0.0,0.0,0,1,1,0,2
Ireland,361530,0.0,0.0,0.0,0.0,0.0,0.0,1.0,1.0,1.0000000000000002,0.0,0.22222222222222232,0.0,0.0,1.0,0.0,0.0,0.0,0.0,0.0,1.0,0.0,0.0,0.0,0,0,70,8,78
