teamname,match_id,batting_position,runs,balls,fours,sixes,strike_rate,overs,total_balls,dots,maidens,conceded,fours_conceded,sixes_conceded,wickets,LBW,Bowled,noballs,wides,economy_rate,catches,stumping,direct_hit,indirect_hit,strike_rate_fp,batting_fp,bowling_fp,fielding_fp,total_fp
Khulna Titans,1063080,0.14285714285714285,0.0,0.0,0.0,0.0,0.0,0.0,0.0,0.0,0.0,0.0,0.0,0.0,0.0,0.0,0.0,0.0,0.0,0.0,0.0,0.0,0.0,0.0,0,1,0,0,1
Khulna Titans,1063076,1.0,0.03225806451612903,0.0,0.0,0.0,1.0,1.0,1.0,0.75,0.0,1.0,1.0,0.0,0.0,0.0,0.0,0.0,0.0,1.0,0.0,0.0,0.0,0.0,0,2,3,0,5
Khulna Titans,1063074,0.0,0.6451612903225806,0.6,0.6666666666666666,0.0,0.8260000000000001,0.0,0.0,0.0,0.0,0.0,0.0,0.0,0.0,0.0,0.0,0.0,0.0,0.0,0.0,0.0,0.0,0.0,0,29,0,0,29
Khulna Titans,1063071,0.5714285714285714,1.0,1.0,1.0,1.0,0.7298,0.0,0.0,0.0,0.0,0.0,0.0,0.0,0.0,0.0,0.0,0.0,0.0,0.0,0.0,0.0,0.0,0.0,0,54,0,0,54
Khulna Titans,1063052,1.0,0.29032258064516125,0.22857142857142856,0.3333333333333333,0.0,1.0,0.0,0.0,0.0,0.0,0.0,0.0,0.0,0.0,0.0,0.0,0.0,0.0,0.0,0.0,0.0,0.0,0.0,0,14,0,0,14
Khulna Titans,1063067,0.7142857142857142,0.6451612903225806,0.5714285714285714,0.3333333333333333,0.0,0.909,1.0,1.0,1.0,0.0,0.7142857142857142,1.0,0.0,1.0,0.0,0.0,0.0,0.0,0.7142857142857142,1.0,0.0,0.0,0.0,0,25,29,8,62
