teamname,match_id,batting_position,runs,balls,fours,sixes,strike_rate,overs,total_balls,dots,maidens,conceded,fours_conceded,sixes_conceded,wickets,LBW,Bowled,noballs,wides,economy_rate,catches,stumping,direct_hit,indirect_hit,strike_rate_fp,batting_fp,bowling_fp,fielding_fp,total_fp
Sikkim,1244324,0.6666666666666665,0.0,0.0,0.0,0.0,0.0,0.0,0.0,0.0,0.0,0.0,0.0,0.0,0.0,0.0,0.0,0.0,0.0,0.0,0.0,0.0,0.0,0.0,0,0,0,0,0
Sikkim,1205830,0.33333333333333304,0.18181818181818182,0.9090909090909092,0.0,0.0,0.2,0.25,0.25,0.18181818181818182,0.0,1.0,1.0,1.0,0.0,0.0,0.0,0.0,0.0,0.7727272727272727,0.0,0.0,0.0,0.0,-6,-4,2,0,-2
Sikkim,1205821,0.0,1.0,1.0,0.0,0.0,1.0,1.0,1.0,1.0,0.0,0.8823529411764706,0.0,0.0,1.0,0.0,0.0,0.0,0.0,0.17045454545454547,0.0,0.0,0.0,0.0,0,11,67,0,78
Sikkim,1205785,0.33333333333333304,0.18181818181818182,0.6363636363636364,0.0,0.0,0.2857,0.25,0.25,0.18181818181818182,0.0,0.4117647058823529,1.0,0.0,0.0,0.0,0.0,0.0,0.0,0.3181818181818182,0.0,0.0,0.0,0.0,0,2,2,0,4
Sikkim,1205767,1.0,0.0,0.0,0.0,0.0,0.0,0.0,0.0,0.0,0.0,0.0,0.0,0.0,0.0,0.0,0.0,0.0,0.0,0.0,0.0,0.0,0.0,0.0,0,0,0,0,0
Sikkim,1205749,0.6666666666666665,0.0,0.0,0.0,0.0,0.0,0.125,0.125,0.0,0.0,0.6470588235294118,1.0,0.5,0.0,0.0,0.0,0.0,0.0,1.0,0.0,0.0,0.0,0.0,0,0,0,0,0
