teamname,match_id,batting_position,runs,balls,fours,sixes,strike_rate,overs,total_balls,dots,maidens,conceded,fours_conceded,sixes_conceded,wickets,LBW,Bowled,noballs,wides,economy_rate,catches,stumping,direct_hit,indirect_hit,strike_rate_fp,batting_fp,bowling_fp,fielding_fp,total_fp
Bihar,1157179,1.0,0.1428571428571429,0.0,1.0,0.0,0.6085449054915557,0.6666666666666667,0.6666666666666667,0.9999999999999999,1.0,0.1428571428571428,0.5,0.0,1.0,0.0,0.0,0.0,0.0,0.0,0.0,0.0,0.0,0.0,0,10,77,0,87
Bihar,1157162,0.5,0.0,0.07692307692307693,1.0,0.0,0.3289341236998099,1.0,1.0,0.7777777777777778,0.0,1.0,1.0,1.0,0.0,0.0,0.0,0.0,0.0,0.4132985658409388,0.0,0.0,0.0,0.0,0,9,9,0,18
Bihar,1157146,1.0,0.2857142857142858,1.0,0.0,0.0,0.0,0.0,0.0,0.0,0.0,0.0,0.5,0.0,0.0,0.0,0.0,0.0,0.0,1.0,0.0,0.0,0.0,0.0,-6,1,2,0,3
Bihar,1157130,0.0,0.8571428571428572,0.07692307692307693,0.0,1.0,0.9999999999999999,0.6666666666666667,0.6666666666666667,0.33333333333333337,0.0,0.6190476190476191,0.0,1.0,0.0,0.0,0.0,0.0,0.0,0.4354628422425032,1.0,0.0,0.0,0.0,0,17,5,8,30
Bihar,1157113,1.0,1.0,0.5384615384615385,1.0,0.0,0.37976736382954923,0.4443333333333334,0.44444444444444436,0.4444444444444444,0.0,0.09523809523809512,0.0,0.0,0.5,0.0,0.0,0.0,0.0,0.14341590612777044,0.0,0.0,0.0,0.0,0,16,33,0,49
