teamname,match_id,batting_position,runs,balls,fours,sixes,strike_rate,overs,total_balls,dots,maidens,conceded,fours_conceded,sixes_conceded,wickets,LBW,Bowled,noballs,wides,economy_rate,catches,stumping,direct_hit,indirect_hit,strike_rate_fp,batting_fp,bowling_fp,fielding_fp,total_fp
Sydney Thunder,756783,0.0,0.0,0.0,0.0,0.0,0.0,0.25,0.25,0.16666666666666666,0.0,0.76,0.3333333333333333,1.0,1.0,0.0,1.0,0.0,1.0,1.0,0.0,0.0,0.0,0.0,0,0,34,0,34
Sydney Sixers,571240,0.0,1.0,1.0,1.0,1.0,1.0,0.0,0.0,0.0,0.0,0.0,0.0,0.0,0.0,0.0,0.0,0.0,0.0,0.0,0.0,0.0,0.0,0.0,2,36,0,0,36
Sydney Sixers,524945,0.0,0.0,0.0,0.0,0.0,0.0,0.5,0.5,0.3333333333333333,0.0,0.88,1.0,0.0,0.0,0.0,0.0,0.0,0.0,0.5789473684210527,0.0,0.0,0.0,0.0,0,0,0,0,0
Sydney Sixers,524944,1.0,0.0,0.0,0.0,0.0,0.0,1.0,1.0,1.0,0.0,1.0,0.6666666666666666,0.0,1.0,0.0,0.0,0.0,0.0,0.3289473684210526,0.0,0.0,0.0,0.0,0,0,33,0,33
Sydney Sixers,524933,0.0,0.05,0.14285714285714285,0.0,0.0,0.3499930001399972,0.0,0.0,0.0,0.0,0.0,0.0,0.0,0.0,0.0,0.0,0.0,0.0,0.0,0.0,0.0,0.0,0.0,0,1,0,0,1
