teamname,match_id,batting_position,runs,balls,fours,sixes,strike_rate,overs,total_balls,dots,maidens,conceded,fours_conceded,sixes_conceded,wickets,LBW,Bowled,noballs,wides,economy_rate,catches,stumping,direct_hit,indirect_hit,strike_rate_fp,batting_fp,bowling_fp,fielding_fp,total_fp
Netherlands,1446761,0.4285714285714286,0.0,0.0,0.0,0.0,0.0,0.6666666666666666,0.6666666666666666,0.4,0.0,0.5909090909090909,1.0,0.0,0.0,0.0,0.0,0.0,0.0,0.8867667121418827,0.0,0.0,0.0,0.0,0,0,4,0,4
Netherlands,1191006,0.0,0.7777777777777777,0.8823529411764706,0.0,0.0,0.8814695882130714,0.3333333333333333,0.3333333333333333,1.0,0.0,0.18181818181818182,1.0,0.0,1.0,0.0,0.0,0.0,0.0,0.5457025920873124,0.0,0.0,0.0,0.0,0,14,30,0,44
Netherlands,1188380,0.1428571428571428,1.0,1.0,1.0,0.0,1.0,0.0,0.0,0.0,0.0,0.0,0.0,0.0,0.0,0.0,0.0,0.0,0.0,0.0,0.0,0.0,0.0,0.0,0,22,0,0,22
Netherlands,1142506,1.0,0.0,0.0,0.0,0.0,0.0,0.0,0.0,0.0,0.0,0.0,0.0,0.0,0.0,0.0,0.0,0.0,0.0,0.0,0.0,0.0,0.0,0.0,0,0,0,0,0
Netherlands,1142501,0.0,0.05555555555555555,0.29411764705882354,0.0,0.0,0.18889308651303363,1.0,1.0,0.8,0.0,1.0,1.0,1.0,0.0,0.0,0.0,0.0,0.0,1.0,0.0,0.0,0.0,0.0,0,1,4,0,5
