teamname,match_id,batting_position,runs,balls,fours,sixes,strike_rate,overs,total_balls,dots,maidens,conceded,fours_conceded,sixes_conceded,wickets,LBW,Bowled,noballs,wides,economy_rate,catches,stumping,direct_hit,indirect_hit,strike_rate_fp,batting_fp,bowling_fp,fielding_fp,total_fp
Jharkhand,1133405,0.25,0.0,0.0,0.0,0.0,0.0,0.0,0.0,0.0,0.0,0.9999999999999998,1.0,1.0,1.0,0.0,0.0,0.0,0.25,0.9999999999999998,0.0,0.0,0.0,0.0,0,0,55,0,55
Jharkhand,1133402,0.75,0.0,0.0,0.0,0.0,0.0,0.0,0.0,0.3333333333333335,0.0,0.4736842105263157,1.0,0.0,0.0,0.0,0.0,0.0,1.0,0.4736842105263157,0.0,0.0,0.0,0.0,0,0,8,0,8
Jharkhand,1130684,0.5,0.0,0.0,0.0,0.0,0.0,0.0,0.0,1.0,0.0,0.368421052631579,0.0,1.0,1.0,0.0,0.0,0.0,0.0,0.368421052631579,0.0,0.0,0.0,0.0,0,0,60,0,60
Jharkhand,1130725,0.0,0.0,0.0,0.0,0.0,0.0,0.0,0.0,1.0,0.0,0.0,0.0,0.0,0.5,0.0,0.0,0.0,0.25,0.0,0.0,0.0,0.0,0.0,0,0,39,0,39
Jharkhand,1130711,1.0,0.0,0.0,0.0,0.0,0.0,0.0,0.0,0.3333333333333335,0.0,0.3157894736842104,0.5,0.0,0.5,0.0,0.0,0.0,0.75,0.3157894736842104,1.0,0.0,0.0,0.0,0,0,33,8,41
Jharkhand,1130700,1.0,0.0,0.0,0.0,0.0,0.0,0.0,0.0,0.666666666666667,0.0,0.368421052631579,0.0,0.5,0.5,0.0,1.0,0.0,0.25,0.368421052631579,1.0,0.0,0.0,0.0,0,0,42,8,50
