teamname,match_id,batting_position,runs,balls,fours,sixes,strike_rate,overs,total_balls,dots,maidens,conceded,fours_conceded,sixes_conceded,wickets,LBW,Bowled,noballs,wides,economy_rate,catches,stumping,direct_hit,indirect_hit,strike_rate_fp,batting_fp,bowling_fp,fielding_fp,total_fp
Hobart Hurricanes,1324678,0.5,0.2,0.23529411764705882,1.0,0.0,0.625,0.5,0.5,0.14285714285714285,0.0,0.2857142857142857,0.0,0.0,0.0,0.0,0.0,0.0,0.5,0.3333333333333333,0.0,0.0,0.0,0.0,0,9,3,0,12
Hobart Hurricanes,1324655,0.0,0.04,0.11764705882352941,0.0,0.0,0.25,0.75,0.75,0.14285714285714285,0.0,0.7857142857142857,0.2,0.6666666666666666,0.0,0.0,0.0,0.0,0.5,0.611111111111111,0.0,0.0,0.0,0.0,0,1,-1,0,0
Hobart Hurricanes,1269671,0.25,0.16,0.11764705882352941,1.0,0.0,1.0,1.0,1.0,1.0,0.0,1.0,0.6000000000000001,1.0,1.0,0.0,0.0,0.0,0.5,0.5833333333333333,0.0,0.0,0.0,0.0,0,8,30,0,38
Hobart Hurricanes,1269693,0.75,0.0,0.0,0.0,0.0,0.0,0.75,0.75,0.5714285714285714,0.0,0.7619047619047619,1.0,0.0,0.0,0.0,0.0,0.0,0.0,0.5927777777777777,1.0,0.0,0.0,0.0,0,0,2,8,10
Hobart Hurricanes,1269684,0.5,0.0,0.0,0.0,0.0,0.0,0.0,0.0,0.0,0.0,0.0,0.0,0.0,0.0,0.0,0.0,0.0,0.0,0.0,0.0,0.0,0.0,0.0,0,0,0,0,0
Hobart Hurricanes,1269672,1.0,0.0,0.0,0.0,0.0,0.0,0.0,0.0,0.0,0.0,0.0,0.0,0.0,0.0,0.0,0.0,0.0,0.0,0.0,0.0,0.0,0.0,0.0,0,0,0,0,0
Hobart Hurricanes,1269652,0.5,1.0,1.0,1.0,1.0,0.7353000000000001,0.25,0.25,0.14285714285714285,0.0,0.42857142857142855,0.2,0.6666666666666666,0.0,0.0,0.0,0.0,0.0,1.0,0.0,0.0,0.0,0.0,2,41,1,0,42
Hobart Hurricanes,1226875,0.25,0.0,0.058823529411764705,0.0,0.0,0.0,0.75,0.75,0.5714285714285714,0.0,0.5,0.2,0.0,0.0,0.0,0.0,0.0,1.0,0.38888888888888884,0.0,0.0,0.0,0.0,0,-2,6,0,4
Hobart Hurricanes,1226868,0.25,0.48,0.47058823529411764,1.0,0.0,0.75,0.5,0.5,0.2857142857142857,0.0,0.6428571428571428,0.0,1.0,0.0,0.0,0.0,0.0,0.0,0.75,0.0,0.0,0.0,0.0,0,16,-4,0,12
