teamname,match_id,batting_position,runs,balls,fours,sixes,strike_rate,overs,total_balls,dots,maidens,conceded,fours_conceded,sixes_conceded,wickets,LBW,Bowled,noballs,wides,economy_rate,catches,stumping,direct_hit,indirect_hit,strike_rate_fp,batting_fp,bowling_fp,fielding_fp,total_fp
Sydney Sixers,524945,0.0,0.0,0.0,0.0,0.0,0.0,1.0,1.0,0.5333333333333333,0.0,0.5555555555555556,0.2,0.0,0.5,0.0,0.0,0.0,0.0,0.5555555555555556,0.0,0.0,0.0,0.0,0,0,37,0,37
Sydney Sixers,524944,0.0,0.0,0.0,0.0,0.0,0.0,1.0,1.0,0.4,0.0,1.0,0.8,0.5,0.5,0.0,0.0,0.0,0.0,1.0,0.0,0.0,0.0,0.0,0,0,31,0,31
Sydney Sixers,524936,0.0,0.0,0.0,0.0,0.0,0.0,1.0,1.0,1.0,0.0,0.3333333333333333,0.0,0.0,1.0,1.0,0.0,0.0,0.3333333333333333,0.3333333333333333,1.0,0.0,0.0,0.0,0,0,79,8,87
Sydney Sixers,524933,0.0,0.0,0.0,0.0,0.0,0.0,0.0,0.0,0.0,0.0,0.0,0.0,0.0,0.0,0.0,0.0,0.0,0.0,0.0,0.0,0.0,0.0,0.0,0,0,0,0,0
Sydney Sixers,524928,0.0,0.0,0.0,0.0,0.0,0.0,0.75,0.75,0.3333333333333333,0.0,0.6666666666666666,0.0,1.0,0.0,0.0,0.0,0.0,0.0,0.8888888888888888,0.0,0.0,0.0,0.0,0,0,5,0,5
Sydney Sixers,524923,0.0,0.0,0.0,0.0,0.0,0.0,1.0,1.0,0.6,0.0,1.0,1.0,0.5,0.5,0.0,0.0,0.0,0.0,1.0,0.0,0.0,0.0,0.0,0,0,34,0,34
Sydney Sixers,524920,0.0,1.0,1.0,1.0,0.0,1.0,0.5,0.5,0.26666666666666666,0.0,0.4722222222222222,0.0,0.5,0.0,0.0,0.0,0.0,0.0,0.9444444444444444,0.0,0.0,0.0,0.0,0,10,4,0,14
Sydney Sixers,524915,0.0,0.0,0.0,0.0,0.0,0.0,1.0,1.0,0.9333333333333333,0.0,0.5833333333333333,0.0,0.5,1.0,0.0,1.0,0.0,1.0,0.5833333333333333,0.0,0.0,0.0,0.0,0,0,76,0,76
