teamname,match_id,batting_position,runs,balls,fours,sixes,strike_rate,overs,total_balls,dots,maidens,conceded,fours_conceded,sixes_conceded,wickets,LBW,Bowled,noballs,wides,economy_rate,catches,stumping,direct_hit,indirect_hit,strike_rate_fp,batting_fp,bowling_fp,fielding_fp,total_fp
Guernsey,1443775,1.0,0.3333333333333333,0.25,0.0,0.0,1.0,0.3334999999999999,0.33333333333333326,0.0,0.0,0.36666666666666664,0.6000000000000001,0.0,0.0,0.0,0.0,0.0,0.0,0.7289972899728997,0.0,0.0,0.0,0.0,0,1,4,0,5
Guernsey,1443767,1.0,0.0,0.0,0.0,0.0,0.0,0.9165000000000001,0.9166666666666665,1.0,0.0,0.0,0.0,0.0,1.0,0.0,0.0,0.0,0.0,0.0,0.0,0.0,1.0,0.0,0,0,71,12,83
Guernsey,1440131,0.0,0.0,0.0,0.0,0.0,0.0,1.0,1.0,0.36363636363636365,0.0,0.5333333333333334,0.0,1.0,0.5,0.0,0.0,0.0,0.0,0.5257452574525746,1.0,0.0,0.0,0.0,0,0,35,16,51
Guernsey,1387245,0.5,0.0,0.0,0.0,0.0,0.0,1.0,1.0,0.2727272727272727,0.0,0.7333333333333334,0.6000000000000001,0.5,0.5,0.0,0.0,0.0,1.0,0.7289972899728997,0.0,0.0,0.0,0.0,0,0,32,0,32
Guernsey,1387243,0.5,1.0,1.0,0.0,0.0,0.75,0.0,0.0,0.18181818181818177,0.0,0.03333333333333338,0.4,0.0,0.0,0.0,0.0,0.0,0.0,0.42411924119241196,0.0,0.0,0.0,0.0,0,3,8,0,11
Guernsey,1387244,1.0,0.0,0.0,0.0,0.0,0.0,1.0,1.0,0.2727272727272727,0.0,1.0,1.0,1.0,0.5,0.0,0.0,0.0,0.3333333333333333,1.0,0.0,0.0,0.0,0.0,0,0,30,0,30
