teamname,match_id,batting_position,runs,balls,fours,sixes,strike_rate,overs,total_balls,dots,maidens,conceded,fours_conceded,sixes_conceded,wickets,LBW,Bowled,noballs,wides,economy_rate,catches,stumping,direct_hit,indirect_hit,strike_rate_fp,batting_fp,bowling_fp,fielding_fp,total_fp
France,1436492,0.0,0.05,0.1,0.0,0.0,0.5,1.0,1.0,1.0,0.0,0.4117647058823529,0.5,0.0,0.3333333333333333,0.0,0.5,0.0,0.25,0.10526315789473684,0.0,0.0,0.0,0.0,0,1,54,0,55
France,1436484,1.0,0.0,0.0,0.0,0.0,0.0,1.0,1.0,0.6000000000000001,0.0,0.823529411764706,0.25,0.0,0.6666666666666666,0.0,0.0,0.0,1.0,0.2894736842105263,0.0,0.0,0.0,0.0,0,0,65,0,65
France,1436478,0.0,0.0,0.2,0.0,0.0,0.0,0.5,0.5,0.9000000000000001,0.0,0.11764705882352944,0.5,0.0,0.6666666666666666,1.0,0.0,0.0,0.25,0.07052631578947366,0.0,0.0,0.0,0.0,0,-2,78,0,76
France,1436473,0.0,0.4,0.6000000000000001,0.5,0.0,0.6666500000000001,1.0,1.0,0.6000000000000001,0.0,0.823529411764706,0.75,0.0,0.6666666666666666,0.0,0.0,0.0,0.5,0.2894736842105263,0.0,0.0,0.0,0.0,0,12,65,0,77
France,1432200,0.0,0.25,0.6000000000000001,0.0,0.0,0.41665,0.0,0.0,0.0,0.0,0.9411764705882352,0.75,1.0,0.0,0.0,0.0,0.0,0.5,0.9999999999999999,1.0,0.0,0.0,0.0,0,5,-1,8,12
France,1432196,0.0,1.0,1.0,1.0,1.0,1.0,1.0,1.0,0.9000000000000001,0.0,0.9999999999999999,1.0,0.0,1.0,0.0,1.0,0.0,0.75,0.36842105263157887,0.0,0.0,0.0,1.0,6,40,111,6,157
France,1432194,1.0,0.2,1.0,0.0,0.0,0.2,0.5,0.5,0.5,0.0,0.0,0.0,0.0,0.6666666666666666,1.0,0.0,0.0,0.25,0.0,0.0,0.0,0.0,0.0,-6,-2,74,0,72
France,1432195,1.0,0.0,0.0,0.0,0.0,0.0,0.9165000000000001,0.9166666666666665,0.30000000000000004,0.0,0.7647058823529412,0.0,1.0,1.0,0.0,0.5,0.0,0.0,0.2884210526315789,0.0,0.0,0.0,0.0,0,0,99,0,99
