teamname,match_id,batting_position,runs,balls,fours,sixes,strike_rate,overs,total_balls,dots,maidens,conceded,fours_conceded,sixes_conceded,wickets,LBW,Bowled,noballs,wides,economy_rate,catches,stumping,direct_hit,indirect_hit,strike_rate_fp,batting_fp,bowling_fp,fielding_fp,total_fp
St Helena,1459377,0.0,0.0,0.0,0.0,0.0,0.0,1.0,1.0,1.0,1.0,0.06451612903225806,0.0,0.0,0.5,0.0,1.0,0.0,0.0,0.047619047619047616,1.0,0.0,0.0,0.0,0,0,85,8,93
St Helena,1459384,0.7999999999999998,0.9,1.0,1.0,0.0,0.8525917926565874,1.0,1.0,0.5,0.0,0.6774193548387096,0.0,0.0,0.5,0.0,0.0,0.0,0.0,0.5,0.0,0.0,0.0,0.0,-6,7,40,0,47
St Helena,1459380,1.0,0.0,0.0,0.0,0.0,0.0,1.0,1.0,0.7272727272727273,0.5,0.5483870967741935,0.6666666666666666,0.0,1.0,0.0,1.0,0.0,0.2,0.40476190476190477,0.0,0.0,0.0,0.0,0,0,92,0,92
St Helena,1459388,1.0,0.0,0.0,0.0,0.0,0.0,0.75,0.75,0.36363636363636365,0.0,1.0,1.0,1.0,0.5,0.0,1.0,0.0,0.2,0.9838095238095238,0.0,0.0,0.0,0.0,0,0,39,0,39
St Helena,1459376,1.0,0.2,0.894736842105263,0.0,0.0,0.21166306695464362,0.0,0.0,0.0,0.0,0.0,0.0,0.0,0.0,0.0,0.0,0.0,0.0,0.0,0.0,0.0,0.0,0.0,-6,-4,0,0,-4
St Helena,1343760,0.7999999999999998,0.0,0.0,0.0,0.0,0.0,0.25,0.25,0.09090909090909091,0.0,0.1935483870967742,0.0,0.0,0.0,0.0,0.0,0.0,0.0,0.5714285714285714,0.0,0.0,0.0,0.0,0,0,2,0,2
St Helena,1343757,0.7999999999999998,0.0,0.0,0.0,0.0,0.0,0.75,0.75,0.4090909090909091,0.0,0.6451612903225806,0.3333333333333333,0.0,0.5,0.0,1.0,0.0,1.0,0.6352380952380952,0.0,0.0,0.0,0.0,0,0,44,0,44
St Helena,1343744,0.5999999999999999,1.0,0.9473684210526315,0.0,0.0,1.0,1.0,1.0,0.5454545454545454,0.0,0.8709677419354839,1.0,1.0,0.5,0.0,0.0,0.0,0.0,0.6428571428571428,0.0,0.0,0.0,0.0,-4,6,39,0,45
St Helena,1343742,0.5999999999999999,0.0,0.0,0.0,0.0,0.0,0.5,0.5,0.18181818181818182,0.0,0.6774193548387096,0.6666666666666666,1.0,0.0,0.0,0.0,0.0,0.0,1.0,0.0,0.0,0.0,0.0,0,0,2,0,2
