teamname,match_id,batting_position,runs,balls,fours,sixes,strike_rate,overs,total_balls,dots,maidens,conceded,fours_conceded,sixes_conceded,wickets,LBW,Bowled,noballs,wides,economy_rate,catches,stumping,direct_hit,indirect_hit,strike_rate_fp,batting_fp,bowling_fp,fielding_fp,total_fp
Bihar,1280228,0.75,0.0,0.0,0.0,0.0,0.0,0.0,0.0,0.0,0.0,1.0,1.0,1.0,0.0,0.0,0.0,0.0,1.0,1.0,0.0,0.0,0.0,0.0,0,0,0,0,0
Bihar,1280208,0.5,0.0,0.0,0.0,0.0,0.0,0.5,0.5,0.36363636363636365,0.0,0.4285714285714284,1.0,0.0,0.25,0.0,1.0,0.0,0.0,0.28689655172413797,0.0,0.0,0.0,0.0,0,0,43,0,43
Bihar,1244378,0.0,0.0,0.0,0.0,0.0,0.0,1.0,1.0,1.0,0.0,0.1428571428571428,0.5,0.0,1.0,0.0,0.0,0.0,0.0,0.0,1.0,0.0,0.0,0.0,0,0,129,8,137
Bihar,1244359,0.75,0.0,0.0,0.0,0.0,0.0,1.0,1.0,0.4545454545454546,0.0,1.0,0.0,0.0,0.0,0.0,0.0,0.0,0.0,0.206896551724138,0.0,0.0,0.0,0.0,0,0,13,0,13
Bihar,1244342,0.0,0.0,0.0,0.0,0.0,0.0,1.0,1.0,0.6363636363636364,0.0,0.5714285714285712,0.5,0.0,0.5,1.0,0.0,0.0,1.0,0.10344827586206906,0.0,0.0,0.0,0.0,0,0,81,0,81
Bihar,1244323,1.0,1.0,1.0,0.0,0.0,1.0,0.5,0.5,0.7272727272727272,0.0,0.0,0.0,1.0,0.25,0.0,0.0,0.0,1.0,0.1489655172413794,1.0,0.0,0.0,0.0,0,1,41,8,50
