teamname,match_id,batting_position,runs,balls,fours,sixes,strike_rate,overs,total_balls,dots,maidens,conceded,fours_conceded,sixes_conceded,wickets,LBW,Bowled,noballs,wides,economy_rate,catches,stumping,direct_hit,indirect_hit,strike_rate_fp,batting_fp,bowling_fp,fielding_fp,total_fp
Hong Kong,1426465,1.0,0.0,0.2,0.0,0.0,0.0,0.0,0.0,0.0,0.0,0.03846153846153849,0.0,1.0,0.0,0.0,0.0,0.0,0.0,0.8016627078384797,0.0,0.0,0.0,0.0,0,-2,4,0,2
Hong Kong,1426464,1.0,0.0,0.4,0.0,0.0,0.0,0.6666666666666667,0.6666666666666667,0.16666666666666669,0.0,1.0,0.9999999999999999,0.0,0.25,1.0,0.0,0.0,0.4,1.0,1.0,0.0,0.0,0.0,0,-2,35,8,41
Hong Kong,1426458,0.5,0.0,0.0,0.0,0.0,0.0,0.3333333333333333,0.3333333333333333,0.16666666666666669,0.0,0.0,0.0,0.0,0.25,0.0,0.0,0.0,0.0,0.14845605700712589,1.0,0.0,0.0,0.0,0,0,37,8,45
Hong Kong,1423439,1.0,0.0,0.0,0.0,0.0,0.0,0.6666666666666667,0.6666666666666667,0.0,0.0,0.7692307692307693,0.33333333333333337,0.0,0.0,0.0,0.0,0.0,1.0,0.7624703087885987,1.0,0.0,0.0,0.0,0,0,4,8,12
Hong Kong,1422804,0.5,0.0,0.0,0.0,0.0,0.0,1.0,1.0,1.0,1.0,0.15384615384615385,0.16666666666666666,0.0,1.0,0.0,1.0,0.0,0.0,0.0,0.0,0.0,0.0,0.0,0,0,158,0,158
Hong Kong,1422803,0.5,0.0,0.0,0.0,0.0,0.0,0.6666666666666667,0.6666666666666667,0.16666666666666669,0.0,0.7692307692307693,0.5,1.0,0.0,0.0,0.0,0.0,0.2,0.7624703087885987,0.0,0.0,0.0,0.0,0,0,6,0,6
Hong Kong,1418542,1.0,1.0,1.0,0.0,0.0,1.0,0.6666666666666667,0.6666666666666667,0.4166666666666667,0.0,0.42307692307692313,0.0,0.0,0.25,0.0,0.0,0.0,1.0,0.4061757719714965,0.0,0.0,1.0,0.0,0,5,36,12,53
Hong Kong,1418539,0.0,0.0,0.0,0.0,0.0,0.0,0.6666666666666667,0.6666666666666667,0.75,0.0,0.03846153846153849,0.0,0.0,0.0,0.0,0.0,0.0,0.4,0.009501187648456089,1.0,0.0,0.0,0.0,0,0,19,8,27
