teamname,match_id,batting_position,runs,balls,fours,sixes,strike_rate,overs,total_balls,dots,maidens,conceded,fours_conceded,sixes_conceded,wickets,LBW,Bowled,noballs,wides,economy_rate,catches,stumping,direct_hit,indirect_hit,strike_rate_fp,batting_fp,bowling_fp,fielding_fp,total_fp
Services,1130722,0.3333333333333335,0.2222222222222222,0.375,1.0,0.0,0.5925777777777779,0.0,0.0,0.9999999999999998,0.0,0.11111111111111116,1.0,0.0,0.5,0.0,0.0,0.0,0.0,0.11111111111111116,1.0,0.0,0.0,0.0,0,8,39,8,55
Services,1130718,0.3333333333333335,0.2222222222222222,0.625,0.0,0.0,0.35555555555555557,0.0,0.0,0.0,0.0,0.8888888888888888,1.0,0.0,0.0,0.0,0.0,0.0,0.0,0.8888888888888888,1.0,0.0,0.0,0.0,0,4,5,8,17
Services,1130704,0.3333333333333335,1.0,1.0,0.0,1.0,1.0,0.0,0.0,0.9999999999999998,0.0,0.4444444444444442,0.0,1.0,0.0,0.0,0.0,1.0,0.0,0.4444444444444442,0.0,0.0,0.0,0.0,0,30,14,0,44
Services,1130686,0.0,0.0,0.375,0.0,0.0,0.0,0.0,0.0,0.857142857142857,0.0,0.9999999999999996,1.0,1.0,0.0,0.0,0.0,0.0,1.0,0.9999999999999996,0.0,0.0,0.0,0.0,0,-2,11,0,9
Services,1130669,1.0,0.0,0.0,0.0,0.0,0.0,0.0,0.0,0.857142857142857,0.0,0.0,0.0,0.0,1.0,1.0,0.0,0.0,0.0,0.0,1.0,0.0,0.0,0.0,0,0,73,8,81
