teamname,match_id,batting_position,runs,balls,fours,sixes,strike_rate,overs,total_balls,dots,maidens,conceded,fours_conceded,sixes_conceded,wickets,LBW,Bowled,noballs,wides,economy_rate,catches,stumping,direct_hit,indirect_hit,strike_rate_fp,batting_fp,bowling_fp,fielding_fp,total_fp
Namibia,1163067,0.0,0.05405405405405406,0.2222222222222222,0.0,0.0,0.24321366024518387,0.6666666666666667,0.6666666666666667,0.5333333333333333,0.0,0.6296296296296297,1.0,0.0,0.5,0.0,1.0,0.0,1.0,0.4193548387096774,0.0,0.0,0.0,0.0,0,2,67,0,69
Namibia,1163066,0.0,1.0,1.0,1.0,0.0,1.0,0.9443333333333335,0.9444444444444444,0.9333333333333333,0.0,0.5185185185185185,1.0,0.0,1.0,0.0,1.0,0.0,0.0,0.24258064516129033,1.0,0.0,0.0,0.0,2,67,133,8,208
Namibia,1163060,0.3333333333333335,0.0,0.0,0.0,0.0,0.0,0.6666666666666667,0.6666666666666667,0.8,0.0,0.07407407407407407,0.2,0.0,0.0,0.0,0.0,1.0,1.0,0.0967741935483871,0.0,0.0,0.0,0.0,0,0,19,0,19
Namibia,1163054,0.3333333333333335,0.0,0.0,0.0,0.0,0.0,0.3333333333333333,0.3333333333333333,0.26666666666666666,0.0,0.40740740740740733,0.6000000000000001,1.0,0.0,0.0,0.0,0.0,0.0,0.5161290322580645,0.0,0.0,0.0,0.0,0,0,3,0,3
Namibia,1163048,0.3333333333333335,0.0,0.0,0.0,0.0,0.0,1.0,1.0,1.0,0.0,0.0,0.0,0.0,0.25,0.0,1.0,0.0,1.0,0.0,0.0,0.0,0.0,0.0,0,0,55,0,55
Namibia,875539,1.0,0.08108108108108109,0.14814814814814814,0.0,0.0,0.5472854640980735,0.0,0.0,0.0,0.0,0.2962962962962963,0.4,1.0,0.0,0.0,0.0,0.0,0.0,0.9999999999999999,0.0,0.0,0.0,0.0,0,3,1,0,4
Namibia,877507,1.0,0.0,0.0,0.0,0.0,0.0,1.0,1.0,0.26666666666666666,0.0,0.9999999999999999,1.0,0.0,0.0,0.0,0.0,0.0,0.5,0.435483870967742,1.0,0.0,0.0,0.0,0,0,5,8,13
