teamname,match_id,batting_position,runs,balls,fours,sixes,strike_rate,overs,total_balls,dots,maidens,conceded,fours_conceded,sixes_conceded,wickets,LBW,Bowled,noballs,wides,economy_rate,catches,stumping,direct_hit,indirect_hit,strike_rate_fp,batting_fp,bowling_fp,fielding_fp,total_fp
Spain,1201673,0.0,0.0,0.14285714285714288,0.2,0.0,0.0,1.0,1.0,1.0,0.0,0.5833333333333333,0.3333333333333333,0.0,0.0,0.0,0.0,0.0,1.0,0.4375,0.0,0.0,0.0,0.0,-6,4,21,0,25
Spain,1201670,0.0,1.0,0.9999999999999999,1.0,1.0,0.7826385904598196,1.0,1.0,0.5333333333333333,0.0,0.75,0.0,0.0,0.0,0.0,0.0,0.0,1.0,0.5625,0.0,0.0,0.0,0.0,2,107,14,0,121
Spain,1201671,0.0,0.660377358490566,0.8571428571428571,0.4,0.6666666666666666,0.5306403094112591,0.0,0.0,0.0,0.0,0.0,0.0,0.0,0.0,0.0,0.0,0.0,0.0,0.0,0.0,0.0,0.0,0.0,0,65,0,0,65
Spain,1201668,0.0,0.16981132075471697,0.37142857142857144,0.0,0.3333333333333333,0.2172754619681994,1.0,1.0,0.8666666666666667,0.0,0.5833333333333333,0.3333333333333333,0.0,1.0,1.0,1.0,0.0,0.0,0.4375,1.0,0.0,0.0,0.0,0,21,85,8,114
Spain,1046687,1.0,0.1320754716981132,0.0,0.4,0.0,1.0,0.75,0.75,0.3333333333333333,0.0,1.0,1.0,0.0,0.5,0.0,0.0,0.0,1.0,1.0,1.0,0.0,0.0,0.0,0,21,30,8,59
