teamname,match_id,batting_position,runs,balls,fours,sixes,strike_rate,overs,total_balls,dots,maidens,conceded,fours_conceded,sixes_conceded,wickets,LBW,Bowled,noballs,wides,economy_rate,catches,stumping,direct_hit,indirect_hit,strike_rate_fp,batting_fp,bowling_fp,fielding_fp,total_fp
Pune Warriors,501232,1.0,0.0,0.0,0.0,0.0,0.0,0.5,0.5,0.18181818181818188,0.0,1.0,0.6000000000000001,1.0,0.0,0.0,0.0,0.0,0.0,1.0,0.0,0.0,0.0,0.0,0,0,-1,0,-1
Rajasthan Royals,419158,1.0,0.0,0.0,0.0,0.0,0.0,0.25,0.25,0.36363636363636365,0.0,0.08108108108108109,0.4,0.0,0.5,0.0,1.0,0.0,0.5,0.23070469798657717,0.0,0.0,0.0,0.0,0,0,67,0,67
Rajasthan Royals,419154,0.0,0.0,0.0,0.0,0.0,0.0,0.5,0.5,0.4545454545454546,0.0,0.5405405405405406,1.0,0.2,0.25,0.0,1.0,0.0,0.0,0.5243288590604027,0.0,0.0,0.0,1.0,0,0,39,6,45
Rajasthan Royals,419107,0.5,0.0,0.0,0.0,0.0,0.0,0.0,0.0,0.0,0.0,0.0,0.0,0.2,0.0,0.0,0.0,0.0,0.0,0.5243288590604027,0.0,0.0,0.0,0.0,0,0,3,0,3
Rajasthan Royals,392202,1.0,0.0,0.0,0.0,0.0,0.0,0.41674999999999995,0.41666666666666663,0.0,0.0,0.6756756756756758,0.4,0.6000000000000001,0.0,0.0,0.0,1.0,0.0,0.7860738255033557,1.0,0.0,0.0,0.0,0,0,-3,8,5
Rajasthan Royals,392198,1.0,0.0,0.0,0.0,0.0,0.0,0.75,0.75,0.4545454545454546,0.0,0.6756756756756758,1.0,0.0,0.25,0.0,1.0,0.0,0.25,0.4194630872483221,1.0,0.0,0.0,0.0,0,0,41,8,49
Rajasthan Royals,392195,1.0,0.0,0.0,0.0,0.0,0.0,0.75,0.75,1.0,0.0,0.13513513513513514,0.4,0.0,0.5,0.0,1.0,0.0,0.75,0.0,1.0,0.0,0.0,0.0,0,0,78,8,86
Rajasthan Royals,392190,1.0,0.0,0.0,0.0,0.0,0.0,1.0,1.0,0.7272727272727273,0.0,0.6216216216216216,0.8,0.0,1.0,0.0,0.0,0.0,1.0,0.23909395973154363,1.0,0.0,0.0,1.0,0,0,121,14,135
Rajasthan Royals,392182,1.0,1.0,1.0,0.0,0.0,1.0,0.5,0.5,0.09090909090909094,0.0,0.29729729729729726,0.4,0.0,0.0,0.0,0.0,0.0,0.0,0.27265100671140935,0.0,0.0,0.0,0.0,0,3,6,0,9
