teamname,match_id,batting_position,runs,balls,fours,sixes,strike_rate,overs,total_balls,dots,maidens,conceded,fours_conceded,sixes_conceded,wickets,LBW,Bowled,noballs,wides,economy_rate,catches,stumping,direct_hit,indirect_hit,strike_rate_fp,batting_fp,bowling_fp,fielding_fp,total_fp
Saurashtra,1205831,0.0,0.48000000000000004,0.3404255319148936,1.0000000000000002,0.0,0.9774577869203736,0.0,0.0,0.0,0.0,0.0,0.0,0.0,0.0,0.0,0.0,0.0,0.0,0.0,0.0,0.0,0.0,0.0,2,58,0,0,58
Saurashtra,1205776,0.0,0.27999999999999997,0.19148936170212766,0.2,0.5,0.9999999999999998,0.0,0.0,0.0,0.0,0.0,0.0,0.0,0.0,0.0,0.0,0.0,0.0,0.0,0.0,0.0,0.0,0.0,0,32,0,0,32
Saurashtra,1205759,0.0,0.0,0.0,0.0,0.0,0.8571183680466272,0.0,0.0,0.0,0.0,0.0,0.0,0.0,0.0,0.0,0.0,0.0,0.0,0.0,0.0,0.0,0.0,0.0,0,8,0,0,8
Saurashtra,1205748,0.0,1.0,1.0,0.6000000000000001,1.0,0.6400102854204165,0.0,0.0,0.0,0.0,0.0,0.0,0.0,0.0,0.0,0.0,0.0,0.0,0.0,0.0,0.0,0.0,0.0,0,90,0,0,90
Saurashtra,1205731,0.0,0.32,0.3617021276595745,0.2,0.5,0.5714408159766863,0.0,0.0,0.0,0.0,0.0,0.0,0.0,0.0,0.0,0.0,0.0,0.0,0.0,0.0,0.0,0.0,0.0,0,34,0,0,34
Saurashtra,1130693,1.0,0.0,0.19148936170212766,0.0,0.0,0.0,0.0,0.0,0.0,0.0,0.0,0.0,0.0,0.0,0.0,0.0,0.0,0.0,0.0,1.0,0.0,0.0,0.0,-6,2,0,8,10
Saurashtra,1130687,1.0,0.6200000000000001,0.7021276595744681,0.2,0.5,0.5476129253449901,0.0,0.0,0.0,0.0,0.0,0.0,0.0,0.0,0.0,0.0,0.0,0.0,0.0,1.0,0.0,0.0,0.0,0,53,0,8,61
Saurashtra,1130667,1.0,0.06000000000000001,0.04255319148936171,0.0,0.0,0.9142881631953372,0.0,0.0,0.0,0.0,0.0,0.0,0.0,0.0,0.0,0.0,0.0,0.0,0.0,0.0,0.0,0.0,0.0,0,11,0,0,11
