teamname,match_id,batting_position,runs,balls,fours,sixes,strike_rate,overs,total_balls,dots,maidens,conceded,fours_conceded,sixes_conceded,wickets,LBW,Bowled,noballs,wides,economy_rate,catches,stumping,direct_hit,indirect_hit,strike_rate_fp,batting_fp,bowling_fp,fielding_fp,total_fp
St Helena,1459377,0.0,0.0,0.0,0.0,0.0,0.0,0.0,0.0,0.5,0.0,0.0,0.0,0.0,0.5,0.0,0.0,0.0,0.0,0.0,0.0,0.0,0.0,0.0,0,0,33,0,33
St Helena,1459380,0.9999999999999999,0.0,0.0,0.0,0.0,0.0,0.9999999999999999,1.0,0.75,0.0,0.8235294117647058,0.6666666666666667,0.5,1.0,1.0,0.0,0.0,0.0,0.7887323943661972,0.0,0.0,0.0,0.0,0,0,67,0,67
St Helena,1459388,0.9999999999999999,0.0,0.0,0.0,0.0,0.0,0.9999999999999999,1.0,1.0,0.0,1.0,1.0,1.0,1.0,0.0,1.0,0.0,0.0,1.0,0.0,0.0,0.0,0.0,0,0,68,0,68
St Helena,1459376,0.9999999999999999,0.0,1.0,0.0,0.0,0.0,0.9999999999999999,1.0,0.0,0.0,0.8823529411764706,0.6666666666666667,0.0,0.0,0.0,0.0,0.0,0.0,0.8591549295774648,0.0,0.0,0.0,0.0,0,-2,6,0,4
St Helena,1163052,0.8333333333333334,0.0,0.0,0.0,0.0,0.0,0.57136733819117,0.5714285714285714,0.5,0.0,0.5294117647058824,0.3333333333333333,0.5,0.0,0.0,0.0,0.0,1.0,0.6943661971830986,1.0,0.0,0.0,0.0,0,0,8,8,16
