teamname,match_id,batting_position,runs,balls,fours,sixes,strike_rate,overs,total_balls,dots,maidens,conceded,fours_conceded,sixes_conceded,wickets,LBW,Bowled,noballs,wides,economy_rate,catches,stumping,direct_hit,indirect_hit,strike_rate_fp,batting_fp,bowling_fp,fielding_fp,total_fp
United Arab Emirates,682917,0.0,1.0,1.0,1.0,1.0,1.0,0.0,0.0,0.0,0.0,1.0,1.0,1.0,0.0,0.0,0.0,0.0,0.0,1.0,1.0,0.0,0.0,0.0,2,39,2,8,49
United Arab Emirates,682911,0.0,0.0,0.0,0.0,0.0,0.0,0.57136733819117,0.5714285714285714,0.33333333333333337,0.0,0.833333333333333,0.0,0.5,0.0,0.0,0.0,0.0,1.0,0.3456603773584906,0.0,0.0,0.0,0.0,0,0,5,0,5
United Arab Emirates,682903,0.0,0.0,0.13333333333333333,0.0,0.0,0.0,0.9999999999999999,1.0,0.9999999999999999,0.0,0.08333333333333326,0.0,0.0,1.0,0.0,0.0,0.0,0.0,0.0,0.0,0.0,0.0,0.0,0,-2,67,0,65
United Arab Emirates,660233,0.0,0.0,0.0,0.0,0.0,0.0,0.9999999999999999,1.0,0.9999999999999999,0.0,0.33333333333333326,1.0,0.0,1.0,0.0,0.0,0.0,0.2,0.05660377358490565,0.0,0.0,0.0,0.0,0,0,65,0,65
United Arab Emirates,660199,1.0,0.0,0.0,0.0,0.0,0.0,0.57136733819117,0.5714285714285714,0.6666666666666666,0.0,0.0,0.0,0.0,0.0,0.0,0.0,0.0,0.2,0.09433962264150947,0.0,0.0,0.0,0.0,0,0,10,0,10
