teamname,match_id,batting_position,runs,balls,fours,sixes,strike_rate,overs,total_balls,dots,maidens,conceded,fours_conceded,sixes_conceded,wickets,LBW,Bowled,noballs,wides,economy_rate,catches,stumping,direct_hit,indirect_hit,strike_rate_fp,batting_fp,bowling_fp,fielding_fp,total_fp
Gibraltar,1273139,0.75,0.3333333333333333,0.6363636363636364,0.0,0.0,0.5237396883593034,1.0,1.0,1.0,0.0,0.8974358974358974,1.0,0.0,1.0,0.0,0.0,0.0,0.3333333333333333,0.875,0.0,0.0,0.0,0.0,0,2,32,0,34
Gibraltar,1273138,1.0,0.0,0.0,0.0,0.0,0.0,1.0,1.0,1.0,0.0,1.0,1.0,1.0,0.0,0.0,0.0,0.0,1.0,0.9750000000000001,0.0,0.0,0.0,0.0,0,0,7,0,7
Gibraltar,1273136,1.0,0.0,0.0,0.0,0.0,0.0,0.75,0.75,1.0,0.0,0.5128205128205128,0.3333333333333333,0.0,1.0,0.0,0.0,1.0,0.3333333333333333,0.667,0.0,0.0,0.0,0.0,0,0,34,0,34
Gibraltar,1201673,1.0,0.0,0.18181818181818182,0.0,0.0,0.0,0.25,0.25,0.14285714285714285,0.0,0.1794871794871795,0.0,0.0,0.0,0.0,0.0,1.0,0.0,0.7000000000000001,0.0,0.0,0.0,0.0,0,-2,1,0,-1
Gibraltar,1157845,0.75,1.0,1.0,0.0,0.0,0.9999999999999999,0.75,0.75,0.42857142857142855,0.0,0.6666666666666666,1.0,1.0,0.0,0.0,0.0,0.0,0.0,0.867,0.0,0.0,0.0,0.0,-4,2,3,0,5
Gibraltar,1156665,0.0,0.3333333333333333,0.36363636363636365,0.0,0.0,0.916590284142988,0.25,0.25,0.42857142857142855,0.0,0.07692307692307693,0.0,0.0,0.0,0.0,0.0,0.0,0.0,0.30000000000000004,0.0,0.0,0.0,0.0,0,2,3,0,5
Gibraltar,1046679,0.5,0.0,0.0,0.0,0.0,0.0,0.25,0.25,0.2857142857142857,0.0,0.2564102564102564,0.0,1.0,1.0,0.0,1.0,0.0,0.0,1.0,0.0,0.0,0.0,0.0,0,0,35,0,35
Gibraltar,1046685,0.5,0.0,0.0,0.0,0.0,0.0,0.0,0.0,0.0,0.0,0.0,0.0,0.0,0.0,0.0,0.0,0.0,0.0,0.0,0.0,0.0,0.0,0.0,0,0,0,0,0
