teamname,match_id,batting_position,runs,balls,fours,sixes,strike_rate,overs,total_balls,dots,maidens,conceded,fours_conceded,sixes_conceded,wickets,LBW,Bowled,noballs,wides,economy_rate,catches,stumping,direct_hit,indirect_hit,strike_rate_fp,batting_fp,bowling_fp,fielding_fp,total_fp
Scotland,439505,0.0,0.0,0.42857142857142855,0.0,0.0,0.0,0.0,0.0,0.0,0.0,0.9230769230769231,0.0,0.5,0.0,0.0,0.0,0.0,1.0,1.0,0.0,0.0,0.0,0.0,0,-2,7,0,5
Scotland,361531,0.0,0.0,0.0,0.0,0.0,0.0,0.0,0.0,0.5714285714285714,0.0,0.5384615384615385,1.0,0.0,0.3333333333333333,0.0,0.0,1.0,0.0,0.6659999999999999,0.0,0.0,0.0,0.0,0,0,38,0,38
Scotland,354456,0.0,0.0,0.0,0.0,0.0,0.0,1.0,1.0,1.0,0.0,0.0,0.3333333333333333,0.0,1.0,1.0,1.0,0.0,0.0,0.0,0.0,0.0,0.0,0.0,0,0,123,0,123
Scotland,287855,0.0,1.0,1.0,1.0,0.0,1.0,1.0,1.0,0.857142857142857,1.0,1.0,0.3333333333333333,1.0,0.6666666666666666,0.0,0.5,0.0,0.0,0.6499999999999999,0.0,0.0,0.0,0.0,0,21,85,0,106
