teamname,match_id,batting_position,runs,balls,fours,sixes,strike_rate,overs,total_balls,dots,maidens,conceded,fours_conceded,sixes_conceded,wickets,LBW,Bowled,noballs,wides,economy_rate,catches,stumping,direct_hit,indirect_hit,strike_rate_fp,batting_fp,bowling_fp,fielding_fp,total_fp
Germany,1380583,0.0,0.4230769230769231,0.45652173913043476,0.2857142857142857,1.0,0.7857142857142857,0.0,0.0,0.0,0.0,0.0,0.0,0.0,0.0,0.0,0.0,0.0,0.0,0.0,0.0,0.0,0.0,0.0,2,59,0,0,59
Germany,1185181,0.0,0.3846153846153846,0.6086956521739131,0.14285714285714285,0.5,0.5529714285714286,0.0,0.0,0.0,0.0,0.0,0.0,0.0,0.0,0.0,0.0,0.0,0.0,0.0,0.0,0.0,0.0,0.0,0,44,0,0,44
Germany,1178996,1.0,0.2948717948717949,0.6521739130434783,0.0,0.5,0.3982857142857143,0.0,0.0,0.0,0.0,0.0,0.0,0.0,0.0,0.0,0.0,0.0,0.0,0.0,0.0,0.0,0.0,0.0,-2,27,0,0,27
Germany,1155315,0.0,0.1282051282051282,0.06521739130434782,0.2857142857142857,0.0,0.9523999999999999,0.0,0.0,0.0,0.0,0.0,0.0,0.0,0.0,0.0,0.0,0.0,0.0,0.0,0.0,0.0,0.0,0.0,0,18,0,0,18
Germany,1155310,0.0,1.0,1.0,1.0,0.5,0.9096000000000001,0.0,0.0,0.0,0.0,0.0,0.0,0.0,0.0,0.0,0.0,0.0,0.0,0.0,0.0,0.0,0.0,0.0,4,128,0,0,128
Germany,1155304,0.0,0.6282051282051282,0.5434782608695653,0.7142857142857142,0.0,1.0,0.0,0.0,0.0,0.0,0.0,0.0,0.0,0.0,0.0,0.0,0.0,0.0,0.0,1.0,0.0,0.0,0.0,6,79,0,8,87
Germany,1155306,0.0,0.0,0.0,0.0,0.0,0.0,0.0,0.0,0.0,0.0,0.0,0.0,0.0,0.0,0.0,0.0,0.0,0.0,0.0,0.0,0.0,0.0,0.0,0,-2,0,0,-2
Germany,1046681,0.0,0.0641025641025641,0.021739130434782608,0.14285714285714285,0.0,0.7142857142857143,1.0,1.0,1.0,0.0,1.0,0.0,0.0,1.0,1.0,0.0,0.0,1.0,1.0,1.0,0.0,0.0,0.0,0,9,107,8,124
