teamname,match_id,batting_position,runs,balls,fours,sixes,strike_rate,overs,total_balls,dots,maidens,conceded,fours_conceded,sixes_conceded,wickets,LBW,Bowled,noballs,wides,economy_rate,catches,stumping,direct_hit,indirect_hit,strike_rate_fp,batting_fp,bowling_fp,fielding_fp,total_fp
Sierra Leone,1283047,1.0,0.0,0.0,0.0,0.0,0.0,1.0,1.0,0.8,0.0,0.6428571428571428,0.6666666666666666,0.0,0.0,0.0,0.0,0.0,0.0,0.14516129032258066,0.0,0.0,0.0,0.0,0,0,16,0,16
Sierra Leone,1283045,1.0,0.0,0.0,0.0,0.0,0.0,0.0,0.0,0.0,0.0,0.357142857142857,0.3333333333333333,1.0,0.0,0.0,0.0,0.0,0.0,1.0,0.0,0.0,0.0,0.0,0,0,0,0,0
Sierra Leone,1283094,1.0,1.0,1.0,0.0,0.0,0.7499625018749062,0.6666666666666667,0.6666666666666667,0.6,0.0,0.357142857142857,1.0,0.0,1.0,0.0,0.0,0.0,0.5,0.18258064516129033,0.0,0.0,0.0,0.0,0,4,36,0,40
Sierra Leone,1283093,1.0,0.5,0.375,0.0,0.0,1.0,1.0,1.0,1.0,0.0,0.0,0.0,0.0,0.0,0.0,0.0,0.0,1.0,0.0,0.0,0.0,0.0,0.0,0,2,21,0,23
Sierra Leone,1283092,0.5,0.0,0.0,0.0,0.0,0.0,0.6666666666666667,0.6666666666666667,0.6666666666666666,0.0,0.0714285714285714,0.6666666666666666,0.0,0.0,0.0,0.0,0.0,0.5,0.0967741935483871,0.0,0.0,0.0,0.0,0,0,14,0,14
Sierra Leone,1283089,0.0,0.0,0.0,0.0,0.0,0.0,1.0,1.0,0.6666666666666666,0.0,1.0,0.0,1.0,0.0,0.0,0.0,0.0,0.5,0.22580645161290322,0.0,0.0,0.0,0.0,0,0,12,0,12
