teamname,match_id,batting_position,runs,balls,fours,sixes,strike_rate,overs,total_balls,dots,maidens,conceded,fours_conceded,sixes_conceded,wickets,LBW,Bowled,noballs,wides,economy_rate,catches,stumping,direct_hit,indirect_hit,strike_rate_fp,batting_fp,bowling_fp,fielding_fp,total_fp
Jersey,1199538,0.6666666666666665,0.48148148148148145,0.3529411764705882,0.0,0.0,1.0,0.3333333333333333,0.3333333333333333,0.21428571428571427,0.0,0.20000000000000007,0.0,0.0,1.0,0.0,0.0,0.0,0.0,0.33333333333333326,0.0,0.0,0.0,0.0,0,13,55,0,68
Jersey,1199530,1.0,0.37037037037037035,0.29411764705882354,1.0,0.0,0.9231053263177328,0.0,0.0,0.0,0.0,0.08000000000000002,0.0,0.0,0.0,0.0,0.0,0.0,0.0,0.6666666666666666,1.0,0.0,0.0,0.0,0,14,0,16,30
Jersey,1199519,1.0,0.0,0.058823529411764705,0.0,0.0,0.0,0.0,0.0,0.07142857142857142,0.0,0.24,0.0,1.0,0.0,0.0,0.0,0.0,1.0,1.0,0.5,0.0,0.0,0.0,0,-2,1,8,7
Jersey,1199509,0.6666666666666665,0.07407407407407407,0.11764705882352941,0.0,0.0,0.4615526631588664,0.6666666666666667,0.6666666666666667,0.2857142857142857,0.0,0.56,0.6666666666666667,0.0,0.0,0.0,0.0,0.0,0.5,0.38916666666666666,0.0,0.0,0.0,0.0,0,2,4,0,6
Jersey,1199504,0.6666666666666665,0.0,0.0,0.0,0.0,0.0,0.0,0.0,0.07142857142857142,0.0,0.12,0.3333333333333333,0.0,0.0,0.0,0.0,0.0,0.0,0.75,0.0,0.0,0.0,0.0,0,0,1,0,1
Jersey,1185190,0.0,1.0,1.0,1.0,0.0,0.7330379396289116,1.0,1.0,0.5714285714285714,0.0,1.0,1.0,1.0,0.5,0.0,1.0,0.0,0.0,0.45833333333333326,0.0,0.0,0.0,0.0,0,35,41,0,76
Jersey,1185192,0.0,0.037037037037037035,0.08823529411764705,0.0,0.0,0.3076710052617003,0.6666666666666667,0.6666666666666667,0.7142857142857142,0.0,0.0,0.0,0.0,1.0,0.0,0.0,0.0,0.0,0.0,1.0,0.0,0.0,0.0,0,1,66,16,83
Jersey,1185184,0.0,0.3333333333333333,0.47058823529411764,0.0,0.0,0.5192467460537247,0.6666666666666667,0.6666666666666667,0.42857142857142855,0.0,0.84,1.0,1.0,1.0,0.0,0.0,0.0,0.0,0.5833333333333333,0.0,0.0,0.0,0.0,-4,5,54,0,59
Jersey,1185186,0.33333333333333304,0.037037037037037035,0.029411764705882353,0.0,0.0,0.9231053263177328,1.0,1.0,1.0,0.0,0.16000000000000003,0.0,0.0,0.5,0.0,0.0,0.0,0.0,0.020833333333333315,0.5,0.0,0.0,0.0,0,1,45,8,54
