teamname,match_id,batting_position,runs,balls,fours,sixes,strike_rate,overs,total_balls,dots,maidens,conceded,fours_conceded,sixes_conceded,wickets,LBW,Bowled,noballs,wides,economy_rate,catches,stumping,direct_hit,indirect_hit,strike_rate_fp,batting_fp,bowling_fp,fielding_fp,total_fp
Odisha,902177,0.8,0.6666666666666666,0.07142857142857142,1.0,0.0,1.0,1.0,1.0,1.0,0.0,0.6428571428571428,0.0,0.0,1.0,0.0,1.0,0.0,0.0,0.0,0.0,0.0,0.0,0.0,0,8,73,0,81
Odisha,902201,1.0,0.0,0.0,0.0,0.0,0.0,0.6666666666666667,0.6666666666666667,0.125,0.0,1.0,1.0,0.0,0.0,0.0,0.0,0.0,0.0,0.8213333333333332,1.0,0.0,1.0,0.0,0,0,2,20,22
Odisha,902129,0.0,1.0,1.0,0.0,0.0,0.10715,0.3333333333333333,0.3333333333333333,0.375,0.0,0.5714285714285714,1.0,1.0,0.0,0.0,0.0,0.0,0.0,1.0,0.0,0.0,0.0,0.0,-6,0,4,0,4
Odisha,902105,0.0,0.8333333333333333,0.5,1.0,0.0,0.178575,0.0,0.0,0.0,0.0,0.0,1.0,0.0,0.0,0.0,0.0,0.0,0.0,1.0,1.0,0.0,0.0,0.0,0,9,1,8,18
