teamname,match_id,batting_position,runs,balls,fours,sixes,strike_rate,overs,total_balls,dots,maidens,conceded,fours_conceded,sixes_conceded,wickets,LBW,Bowled,noballs,wides,economy_rate,catches,stumping,direct_hit,indirect_hit,strike_rate_fp,batting_fp,bowling_fp,fielding_fp,total_fp
Derbyshire,1207783,0.0,0.0,0.0,0.0,0.0,0.0,1.0,1.0,0.9999999999999999,0.0,0.9999999999999998,1.0,0.0,0.5,0.0,0.0,1.0,0.5,0.16666666666666674,0.5,0.0,0.0,0.0,0,0,32,8,40
Derbyshire,1207770,0.0,0.0,0.0,0.0,0.0,0.0,0.0,0.0,0.0,0.0,0.0,0.0,0.0,0.5,0.0,0.0,0.0,0.0,1.0,0.0,0.0,0.0,0.0,0,0,26,0,26
Derbyshire,1207761,0.0,0.0,0.0,0.0,0.0,0.0,1.0,1.0,0.8333333333333334,0.0,0.7142857142857142,0.0,0.0,0.0,0.0,0.0,0.0,1.0,0.0,0.5,0.0,0.0,0.0,0,0,6,8,14
Derbyshire,1207755,0.0,0.0,0.0,0.0,0.0,0.0,1.0,1.0,0.8333333333333334,0.0,0.9523809523809523,1.0,0.0,1.0,0.0,1.0,0.0,1.0,0.13888888888888884,1.0,0.0,0.0,0.0,0,0,64,16,80
