teamname,match_id,batting_position,runs,balls,fours,sixes,strike_rate,overs,total_balls,dots,maidens,conceded,fours_conceded,sixes_conceded,wickets,LBW,Bowled,noballs,wides,economy_rate,catches,stumping,direct_hit,indirect_hit,strike_rate_fp,batting_fp,bowling_fp,fielding_fp,total_fp
Bahrain,1142219,1.0,1.0,0.8,0.0,0.0,1.0,1.0,1.0,0.3333333333333335,0.0,1.0,1.0,0.6666666666666666,0.0,0.0,1.0,0.0,0.0,1.0,0.0,0.0,0.0,0.0,0,4,44,0,48
Bahrain,1142216,0.5,0.25,1.0,0.0,0.0,0.2,1.0,1.0,0.3333333333333335,0.0,0.8000000000000003,0.0,1.0,1.0,0.0,0.0,0.0,1.0,0.8000000000000003,1.0,0.0,0.0,0.0,0,1,61,8,70
Bahrain,1142212,0.0,0.0,0.0,0.0,0.0,0.0,1.0,1.0,1.0,0.0,0.0,0.75,0.0,0.0,0.0,0.0,0.0,0.0,0.0,0.0,0.0,0.0,0.0,0,0,42,0,42
Bahrain,1142209,0.5,0.5,0.4,0.0,0.0,1.0,0.0,0.0,0.0,1.0,0.06666666666666687,0.25,0.6666666666666666,0.0,0.0,0.0,0.0,0.0,0.6000000000000001,0.0,0.0,0.0,0.0,0,2,47,0,49
