teamname,match_id,batting_position,runs,balls,fours,sixes,strike_rate,overs,total_balls,dots,maidens,conceded,fours_conceded,sixes_conceded,wickets,LBW,Bowled,noballs,wides,economy_rate,catches,stumping,direct_hit,indirect_hit,strike_rate_fp,batting_fp,bowling_fp,fielding_fp,total_fp
Vidarbha,1333054,0.75,0.0,0.0,0.0,0.0,0.0,0.0,0.0,0.0,0.0,0.8518518518518519,0.5,1.0,0.0,0.0,0.0,0.0,1.0,1.0,0.0,0.0,0.0,0.0,0,0,-3,0,-3
Vidarbha,1333050,0.25,0.0,0.0,0.0,0.0,0.0,1.0,1.0,1.0,0.0,0.2962962962962963,0.0,0.0,1.0,1.0,0.0,0.0,1.0,0.0,1.0,0.0,0.0,0.0,0,0,73,8,81
Vidarbha,1333047,0.0,0.0,0.0,0.0,0.0,0.0,0.5,0.5,0.6666666666666665,0.0,0.2592592592592593,0.25,0.0,0.5,0.0,1.0,0.0,0.0,0.08695652173913043,0.0,0.0,0.0,0.0,0,0,44,0,44
Vidarbha,1333035,1.0,0.0,0.0,0.0,0.0,0.0,0.0,0.0,0.16666666666666663,0.0,0.0,0.0,0.0,1.0,0.0,1.0,0.0,0.0,0.0,1.0,0.0,0.0,0.0,0,0,68,8,76
Vidarbha,1332999,0.75,0.0,0.0,0.0,0.0,0.0,1.0,1.0,0.6666666666666665,0.0,1.0,1.0,0.3333333333333333,1.0,0.0,0.0,0.0,0.0,0.4130434782608695,0.0,0.0,0.0,0.0,0,0,57,0,57
