teamname,match_id,batting_position,runs,balls,fours,sixes,strike_rate,overs,total_balls,dots,maidens,conceded,fours_conceded,sixes_conceded,wickets,LBW,Bowled,noballs,wides,economy_rate,catches,stumping,direct_hit,indirect_hit,strike_rate_fp,batting_fp,bowling_fp,fielding_fp,total_fp
Botswana,1462918,0.19999999999999996,0.75,1.0,0.0,0.0,0.6,0.25,0.25,0.0,0.0,0.21951219512195122,0.25,0.0,0.0,0.0,0.0,0.0,0.0,0.6583760058522311,0.0,0.0,0.0,0.0,-6,-3,0,0,-3
Botswana,1462928,0.3999999999999999,1.0,0.8,0.0,0.0,1.0,0.75,0.75,0.21428571428571427,0.0,1.0,1.0,1.0,0.25,0.0,0.0,0.0,0.3333333333333333,0.9999999999999999,0.0,0.0,0.0,0.0,0,4,22,0,26
Botswana,1462914,1.0,0.0,0.0,0.0,0.0,0.0,1.0,1.0,1.0,1.0,0.5121951219512195,0.5,0.0,1.0,0.0,0.0,0.0,1.0,0.3840526700804682,0.0,0.0,0.0,0.0,0,0,138,0,138
Botswana,1459379,0.3999999999999999,0.0,0.1,0.0,0.0,0.0,0.5,0.5,0.07142857142857142,0.0,0.5121951219512195,0.25,0.5,0.0,0.0,0.0,0.0,0.0,0.7681053401609363,0.0,0.0,0.0,0.0,0,-2,-1,0,-3
Botswana,1459382,0.0,0.0,0.0,0.0,0.0,0.0,0.0,0.0,0.0,0.0,0.0,0.0,0.0,0.0,0.0,0.0,0.0,0.0,0.0,0.0,0.0,0.0,0.0,0,0,0,0,0
Botswana,1459386,1.0,0.0,0.0,0.0,0.0,0.0,0.25,0.25,0.0,0.0,0.17073170731707318,0.0,0.0,0.0,0.0,0.0,0.0,0.3333333333333333,0.5120702267739575,0.0,0.0,0.0,0.0,0,0,0,0,0
