teamname,match_id,batting_position,runs,balls,fours,sixes,strike_rate,overs,total_balls,dots,maidens,conceded,fours_conceded,sixes_conceded,wickets,LBW,Bowled,noballs,wides,economy_rate,catches,stumping,direct_hit,indirect_hit,strike_rate_fp,batting_fp,bowling_fp,fielding_fp,total_fp
France,1384597,0.0,0.6000000000000001,0.6000000000000001,0.0,0.0,1.0,0.0,0.0,0.0,0.0,1.0,0.5,1.0,0.2,0.0,0.0,1.0,0.0,0.9999999999999999,0.0,0.0,0.0,0.0,0,6,23,0,29
France,1384594,1.0,0.0,0.0,0.0,0.0,0.0,0.0,0.0,0.0,0.0,0.18181818181818188,0.5,0.0,0.0,0.0,0.0,0.0,0.4,0.3571428571428571,0.0,0.0,0.0,0.0,0,0,4,0,4
France,1384591,1.0,0.0,0.0,0.0,0.0,0.0,0.0,0.0,0.0,0.0,0.6818181818181819,0.75,0.6666666666666666,0.0,0.0,0.0,0.0,0.2,0.7499999999999999,1.0,0.0,0.0,0.0,0,0,-2,8,6
France,1384587,0.3999999999999999,0.0,0.0,0.0,0.0,0.0,1.0,1.0,0.5,1.0,0.6818181818181819,1.0,0.0,0.0,0.0,0.0,0.0,0.8,0.2678571428571428,1.0,0.0,0.0,0.0,0,0,25,8,33
France,1384588,0.3999999999999999,0.8,0.8,0.0,0.0,1.0,0.5,0.5,0.3571428571428571,0.0,0.2727272727272728,0.25,0.3333333333333333,0.4,0.0,1.0,0.0,0.6000000000000001,0.21428571428571427,0.0,0.0,0.0,0.0,0,8,69,0,77
France,1384585,0.3999999999999999,0.0,0.0,0.0,0.0,0.0,1.0,1.0,0.9999999999999999,1.0,0.0,0.0,0.0,1.0,0.0,0.0,1.0,0.8,0.0,1.0,0.0,0.0,0.0,0,0,173,8,181
France,1384582,0.5999999999999999,1.0,1.0,1.0,0.0,1.0,0.5,0.5,0.5,0.0,0.31818181818181823,0.25,0.0,0.2,0.0,0.0,1.0,1.0,0.23785714285714285,1.0,0.0,0.0,0.0,0,14,38,8,60
France,1384583,0.3999999999999999,0.0,0.1,0.0,0.0,0.0,0.0,0.0,0.0,0.0,0.5454545454545454,0.75,0.3333333333333333,0.2,0.0,1.0,0.0,0.6000000000000001,0.6428571428571428,0.0,0.0,0.0,0.0,0,-2,33,0,31
