teamname,match_id,batting_position,runs,balls,fours,sixes,strike_rate,overs,total_balls,dots,maidens,conceded,fours_conceded,sixes_conceded,wickets,LBW,Bowled,noballs,wides,economy_rate,catches,stumping,direct_hit,indirect_hit,strike_rate_fp,batting_fp,bowling_fp,fielding_fp,total_fp
Suriname,1462910,0.875,0.03333333333333333,0.0,0.0,0.0,1.0,0.0,0.0,0.0,0.0,0.0,0.0,0.0,0.0,0.0,0.0,0.0,0.0,0.0,0.0,0.0,0.0,0.0,0,1,0,0,1
Suriname,1462901,0.0,0.0,0.0625,0.0,0.0,0.0,0.0,0.0,0.0,0.0,0.0,0.0,0.0,0.0,0.0,0.0,0.0,0.0,0.0,0.0,0.0,0.0,0.0,0,0,0,0,0
Suriname,1462897,0.125,0.1,0.21875,0.0,0.0,0.375,0.0,0.0,0.0,0.0,0.0,0.0,0.0,0.0,0.0,0.0,0.0,0.0,0.0,0.0,0.0,0.0,0.0,0,3,0,0,3
Suriname,1462895,0.125,1.0,1.0,1.0,0.0,0.9091,1.0,1.0,1.0,0.0,1.0,1.0,0.0,1.0,0.0,0.0,0.0,0.0,1.0,0.0,0.0,0.0,0.0,0,42,32,0,74
Suriname,1462888,0.125,0.3,0.40625,0.0,0.0,0.6429,0.0,0.0,0.0,0.0,0.0,0.0,0.0,0.0,0.0,0.0,0.0,0.0,0.0,0.5,0.0,0.0,0.0,-2,7,0,8,15
Suriname,1462886,0.375,0.7,0.90625,0.0,0.0,0.7000000000000001,0.0,0.0,0.0,0.0,0.0,0.0,0.0,0.0,0.0,0.0,0.0,0.0,0.0,0.0,0.0,0.0,0.0,-2,19,0,0,19
Suriname,1462882,1.0,0.03333333333333333,0.15625,0.0,0.0,0.16670000000000001,0.0,0.0,0.0,0.0,0.0,0.0,0.0,0.0,0.0,0.0,0.0,0.0,0.0,0.0,0.0,0.0,0.0,0,1,0,0,1
Suriname,1462877,0.375,0.16666666666666666,0.28125,0.0,0.0,0.5,0.6666666666666666,0.6666666666666666,0.8571428571428571,0.0,0.6153846153846154,0.2,1.0,1.0,0.0,0.0,0.0,0.0,0.922722029988466,1.0,0.0,0.0,0.0,-4,1,31,16,48
