teamname,match_id,batting_position,runs,balls,fours,sixes,strike_rate,overs,total_balls,dots,maidens,conceded,fours_conceded,sixes_conceded,wickets,LBW,Bowled,noballs,wides,economy_rate,catches,stumping,direct_hit,indirect_hit,strike_rate_fp,batting_fp,bowling_fp,fielding_fp,total_fp
South Korea,1450778,0.19999999999999996,0.0,0.10000000000000002,0.0,0.0,0.0,0.3333333333333333,0.3333333333333333,0.14285714285714285,0.0,0.3913043478260869,0.6666666666666666,0.0,0.0,0.0,0.0,0.0,0.0,0.8385416666666666,1.0,0.0,0.0,0.0,0,-2,3,8,9
South Korea,1450777,0.0,0.041666666666666664,0.2,0.0,0.0,0.13684570646595962,1.0,1.0,0.9999999999999999,0.0,1.0,1.0,0.5,0.0,0.0,0.0,0.0,0.0,0.7083333333333334,1.0,0.0,0.0,0.0,0,1,9,8,18
South Korea,1450775,0.6000000000000001,0.7916666666666666,0.6,1.0,0.0,1.0,1.0,1.0,0.9999999999999999,0.0,0.6086956521739131,0.3333333333333333,0.0,0.3333333333333333,0.0,0.0,0.0,1.0,0.31770833333333326,0.0,0.0,0.0,0.0,2,25,38,0,63
South Korea,1450773,0.19999999999999996,0.6666666666666666,0.55,1.0,0.0,0.9122819021553199,0.0,0.0,0.0,0.0,0.0,0.3333333333333333,0.0,0.0,0.0,0.0,0.0,1.0,0.751736111111111,0.0,0.0,0.0,0.0,2,22,2,0,24
South Korea,1450771,0.19999999999999996,0.041666666666666664,0.25000000000000006,0.0,0.0,0.11406089633937735,0.0556666666666667,0.055555555555555525,0.0,0.0,0.13043478260869568,0.6666666666666666,0.0,0.3333333333333333,0.0,1.0,0.0,0.0,0.9999999999999999,0.0,0.0,0.0,0.0,0,1,35,0,36
South Korea,1450769,0.0,0.5833333333333333,0.85,1.0,0.0,0.532192952446117,0.6666666666666667,0.6666666666666667,0.9999999999999999,0.0,0.13043478260869568,0.0,0.0,0.0,0.0,0.0,0.0,1.0,0.0,0.0,0.0,0.0,0.0,0,18,15,0,33
South Korea,1336956,0.0,1.0,1.0,1.0,1.0,0.7820047895997263,0.3333333333333333,0.3333333333333333,0.8571428571428571,0.0,0.0,0.3333333333333333,0.0,1.0,0.0,0.0,0.0,0.0,0.05729166666666663,1.0,0.0,0.0,0.0,0,34,93,8,135
South Korea,1336951,1.0,0.0,0.0,0.0,0.0,0.0,0.0,0.0,0.0,0.0,0.04347826086956519,0.3333333333333333,0.0,0.0,0.0,0.0,0.0,1.0,0.9253472222222222,0.0,0.0,0.0,0.0,0,-2,2,0,0
South Korea,1336952,0.19999999999999996,0.041666666666666664,0.15000000000000002,0.0,0.0,0.17105713308244952,0.6666666666666667,0.6666666666666667,0.7142857142857143,0.0,0.8695652173913044,0.6666666666666666,1.0,0.3333333333333333,0.0,0.0,0.0,0.0,0.9826388888888887,1.0,0.0,0.0,0.0,0,1,32,8,41
