teamname,match_id,batting_position,runs,balls,fours,sixes,strike_rate,overs,total_balls,dots,maidens,conceded,fours_conceded,sixes_conceded,wickets,LBW,Bowled,noballs,wides,economy_rate,catches,stumping,direct_hit,indirect_hit,strike_rate_fp,batting_fp,bowling_fp,fielding_fp,total_fp
Denmark,660207,0.0,0.3529411764705882,0.16666666666666663,0.3333333333333333,0.0,0.979542857142857,0.0,0.0,0.0,0.0,0.4444444444444443,0.0,1.0,1.0,0.0,0.0,0.0,0.0,0.5333333333333332,0.0,0.0,0.0,0.0,0,10,24,0,34
Denmark,660195,0.0,0.0,0.0,0.0,0.0,0.0,1.0,1.0,0.7142857142857142,0.0,0.9999999999999999,1.0,1.0,0.0,0.0,0.0,0.0,0.0,0.5106666666666666,0.0,0.0,0.0,0.0,0,-2,4,0,2
Denmark,660143,0.0,0.8235294117647058,0.7222222222222222,1.0,0.0,0.9411428571428571,0.0,0.0,0.42857142857142855,0.0,0.8333333333333331,1.0,1.0,1.0,0.0,0.0,0.0,0.0,1.0,0.0,0.0,0.0,0.0,0,26,23,0,49
Denmark,660135,1.0,0.47058823529411764,0.5,0.3333333333333333,0.0,0.7033142857142857,0.0,0.0,0.14285714285714285,0.0,0.33333333333333337,0.6666666666666666,0.0,0.0,0.0,0.0,0.0,0.0,0.3999999999999999,0.0,0.0,0.0,0.0,-2,10,2,0,12
Denmark,660111,1.0,0.4117647058823529,0.2222222222222222,0.3333333333333333,0.0,1.0,0.0,0.0,1.0,0.0,0.0,0.6666666666666666,0.0,1.0,0.0,0.0,0.0,0.6000000000000001,0.0,0.0,0.0,0.0,0.0,0,11,35,0,46
Denmark,660097,1.0,1.0,0.9999999999999999,0.6666666666666666,0.0,0.8830857142857143,0.0,0.0,0.42857142857142855,0.0,0.0,0.0,0.0,1.0,0.0,0.0,0.0,1.0,0.0,0.0,0.0,0.0,0.0,0,25,31,0,56
