teamname,match_id,batting_position,runs,balls,fours,sixes,strike_rate,overs,total_balls,dots,maidens,conceded,fours_conceded,sixes_conceded,wickets,LBW,Bowled,noballs,wides,economy_rate,catches,stumping,direct_hit,indirect_hit,strike_rate_fp,batting_fp,bowling_fp,fielding_fp,total_fp
Croatia,1439833,0.8,1.0,0.65,1.0,0.0,1.0,0.0,0.0,0.0,0.0,0.0,0.0,1.0,0.0,0.0,0.0,0.0,0.0,1.0,0.0,0.0,0.0,0.0,0,41,0,0,41
Croatia,1439831,0.8,0.32,0.4,0.0,0.0,0.5082622313424776,0.7272975184074175,0.7272727272727273,0.5,0.0,0.7857142857142857,1.0,0.0,0.5,0.0,0.0,0.0,0.0,0.12139981418395787,0.0,0.0,0.0,0.0,-6,2,32,0,34
Croatia,1439823,0.8,0.12,0.12500000000000003,0.0,0.0,0.5400151204233719,1.0,0.9999999999999999,0.8571428571428571,0.0,0.3571428571428571,0.3333333333333333,0.0,0.0,0.0,0.0,0.0,0.0,0.015484670176525245,0.0,0.0,0.0,0.0,0,3,18,0,21
Croatia,1439818,0.8,0.08,0.05000000000000001,0.0,0.0,0.7200561615725241,0.7728388328333786,0.7727272727272727,0.5,0.0,0.2857142857142857,0.3333333333333333,0.0,0.5,0.0,0.0,0.0,0.0,0.040260142458965614,0.0,0.0,0.0,0.0,0,2,36,0,38
Croatia,1321277,0.0,0.8,1.0000000000000002,0.3333333333333333,0.0,0.5268387514850416,1.0,0.9999999999999999,1.0,0.0,0.2142857142857143,0.3333333333333333,0.0,0.5,0.0,1.0,0.0,1.0,0.0,0.0,0.0,0.0,0.0,-6,18,53,0,71
Croatia,1321275,0.0,0.0,0.0,0.0,0.0,0.0,1.0,0.9999999999999999,0.9285714285714285,0.0,0.9285714285714285,1.0,0.0,0.5,0.0,0.0,0.0,1.0,0.0774233508826262,0.0,0.0,0.0,0.0,0,-2,40,0,38
Croatia,1321272,0.6000000000000001,0.08,0.35,0.0,0.0,0.14396803110487094,0.7272975184074175,0.7272727272727273,0.42857142857142855,0.0,0.8571428571428571,0.0,0.5,0.5,0.0,0.0,0.0,1.0,0.13161969650046454,0.0,0.0,0.0,0.0,-6,-4,31,0,27
Croatia,1321267,0.6000000000000001,0.76,0.725,0.0,0.0,0.6839831515282427,1.0,0.9999999999999999,0.9285714285714285,0.0,0.7857142857142857,1.0,0.0,1.0,0.0,0.0,0.0,1.0,0.06193868070610095,1.0,0.0,0.0,0.0,-2,17,67,16,100
Croatia,1321262,1.0000000000000002,0.4,0.25,0.3333333333333333,0.0,0.9818554919537746,0.454595036814835,0.4545454545454545,0.2857142857142857,0.0,0.9999999999999999,1.0,0.5,1.0,0.0,0.0,0.0,1.0,0.28646639826571696,0.0,0.0,0.0,0.0,0,14,48,0,62
