teamname,match_id,batting_position,runs,balls,fours,sixes,strike_rate,overs,total_balls,dots,maidens,conceded,fours_conceded,sixes_conceded,wickets,LBW,Bowled,noballs,wides,economy_rate,catches,stumping,direct_hit,indirect_hit,strike_rate_fp,batting_fp,bowling_fp,fielding_fp,total_fp
Meghalaya,1383509,0.0,0.05263157894736842,0.03571428571428571,0.0,0.0,0.25,1.0,1.0,0.6666666666666665,0.0,0.7272727272727271,0.0,1.0,0.3333333333333333,0.0,0.0,0.0,0.3333333333333333,0.7000000000000002,0.0,0.0,0.0,0.0,0,1,35,0,36
Meghalaya,1383452,0.5,0.0,0.0,0.0,0.0,0.0,0.0,0.0,0.0,0.0,0.0,0.0,0.5,0.3333333333333333,0.0,0.0,0.0,1.0,0.5680000000000001,0.0,0.0,0.0,0.0,0,-2,33,0,31
Arunachal Pradesh,1280271,1.0,0.0,0.0,0.0,0.0,0.0,1.0,1.0,0.0,0.0,1.0,1.0,0.0,0.3333333333333333,0.0,0.0,0.0,0.6666666666666666,1.0,1.0,0.0,0.0,0.0,0,-2,31,8,37
Arunachal Pradesh,1280234,1.0,0.15789473684210525,0.0,0.0,0.0,1.0,1.0,1.0,0.33333333333333304,0.0,0.7272727272727271,1.0,0.0,0.0,0.0,0.0,0.0,0.0,0.7000000000000002,0.0,0.0,0.0,0.0,0,3,9,0,12
Arunachal Pradesh,1280213,0.5,1.0,0.9999999999999999,1.0,0.0,0.6129,1.0,1.0,1.0,0.0,0.09090909090909083,0.5,0.0,1.0,0.0,1.0,0.0,1.0,0.0,0.0,0.0,0.0,0.0,-2,21,100,0,121
