teamname,match_id,batting_position,runs,balls,fours,sixes,strike_rate,overs,total_balls,dots,maidens,conceded,fours_conceded,sixes_conceded,wickets,LBW,Bowled,noballs,wides,economy_rate,catches,stumping,direct_hit,indirect_hit,strike_rate_fp,batting_fp,bowling_fp,fielding_fp,total_fp
Durham,1410434,0.0,0.0,0.0,0.0,0.0,0.0,0.75,0.75,0.25,0.0,1.0,0.6666666666666666,1.0,1.0,0.0,0.0,0.0,0.0,0.6335000000000001,0.5,0.0,0.0,0.0,0,0,22,8,30
Durham,1347686,0.5,0.0,1.0,0.0,0.0,0.0,1.0,1.0,1.0,0.0,0.6052631578947368,1.0,0.0,0.0,0.0,0.0,0.0,1.0,0.28750000000000003,1.0,0.0,0.0,0.0,0,-2,16,16,30
Durham,1347680,0.5,0.0,0.0,0.0,0.0,0.0,0.25,0.25,0.08333333333333333,0.0,0.5263157894736842,0.3333333333333333,0.6666666666666666,1.0,0.0,1.0,0.0,0.0,1.0,0.0,0.0,0.0,0.0,0,0,34,0,34
Durham,1347672,0.5,0.0,0.0,0.0,0.0,0.0,0.79175,0.7916666666666666,1.0,0.0,0.15789473684210525,0.0,0.0,0.0,0.0,0.0,0.0,0.0,0.0945,0.0,0.0,0.0,0.0,0,0,18,0,18
Durham,1297832,1.0,0.0,0.0,0.0,0.0,0.0,0.25,0.25,0.08333333333333333,0.0,0.3684210526315789,1.0,0.0,0.0,0.0,0.0,0.0,0.0,0.7000000000000001,0.0,0.0,0.0,0.0,0,0,1,0,1
Durham,1297809,1.0,0.0,0.0,0.0,0.0,0.0,0.0,0.0,0.0,0.0,0.0,0.0,0.0,0.0,0.0,0.0,0.0,0.0,0.0,0.0,0.0,0.0,0.0,0,0,0,0,0
