teamname,match_id,batting_position,runs,balls,fours,sixes,strike_rate,overs,total_balls,dots,maidens,conceded,fours_conceded,sixes_conceded,wickets,LBW,Bowled,noballs,wides,economy_rate,catches,stumping,direct_hit,indirect_hit,strike_rate_fp,batting_fp,bowling_fp,fielding_fp,total_fp
Brisbane Heat,1023639,1.0,0.0,0.16666666666666666,0.0,0.0,0.0,0.3333333333333333,0.3333333333333333,0.25,0.0,0.1923076923076923,0.5,0.0,0.5,0.0,0.0,0.0,0.0,0.1311216429699842,0.0,0.0,0.0,0.0,0,0,26,0,26
Brisbane Heat,1023613,1.0,0.0,0.0,0.0,0.0,0.0,1.0,1.0,1.0,0.0,1.0,1.0,0.5,1.0,0.0,0.0,0.0,1.0,0.1311216429699842,1.0,0.0,0.0,0.0,0,0,54,16,70
Brisbane Heat,1023609,0.0,1.0,0.5,0.0,1.0,1.0,0.6666666666666667,0.6666666666666667,1.0,0.0,0.5,0.0,1.0,0.5,0.0,0.0,0.0,0.0,0.0,0.0,0.0,0.0,0.0,0,14,31,0,45
Brisbane Heat,524919,0.0,0.25,1.0,0.0,0.0,0.12498593767577904,0.0,0.0,0.0,0.0,0.0,0.25,0.5,0.0,0.0,0.0,0.0,0.0,1.0,0.5,0.0,0.0,0.0,0,2,2,8,12
Brisbane Heat,524915,1.0,0.125,0.8333333333333333,0.0,0.0,0.0749990625117186,0.3333333333333333,0.3333333333333333,0.25,0.0,0.1923076923076923,0.25,0.5,0.0,0.0,0.0,0.0,0.25,0.1311216429699842,0.0,0.0,0.0,0.0,0,1,1,0,2
