teamname,match_id,batting_position,runs,balls,fours,sixes,strike_rate,overs,total_balls,dots,maidens,conceded,fours_conceded,sixes_conceded,wickets,LBW,Bowled,noballs,wides,economy_rate,catches,stumping,direct_hit,indirect_hit,strike_rate_fp,batting_fp,bowling_fp,fielding_fp,total_fp
South Korea,1166892,1.0,0.0,0.0,0.0,0.0,0.0,0.75,0.75,0.3571428571428571,0.0,1.0,1.0,0.0,0.25,0.0,0.0,1.0,0.8,0.6664516129032257,0.0,0.0,0.0,0.0,0,0,28,0,28
South Korea,1166888,0.857142857142857,0.6363636363636364,0.9523809523809523,0.0,0.0,0.20999580008399835,0.0,0.0,0.0,0.0,0.0,0.0,0.0,0.0,0.0,0.0,0.0,0.0,0.0,0.0,0.0,0.0,0.0,-6,1,0,0,1
South Korea,1166882,1.0,0.5454545454545454,0.23809523809523808,1.0,0.0,0.7199856002879943,0.5,0.5,0.21428571428571427,0.0,1.0,1.0,1.0,0.0,0.0,0.0,0.0,0.6000000000000001,1.0,0.0,0.0,0.0,0.0,0,10,-3,0,7
South Korea,1159089,0.5714285714285714,0.5454545454545454,0.6190476190476191,0.0,0.0,0.2768944621107578,1.0,1.0,0.9285714285714285,0.0,0.8387096774193548,0.75,0.0,0.0,0.0,0.0,0.0,0.8,0.4193548387096774,0.0,0.0,0.0,0.0,-6,0,15,0,15
South Korea,1159087,0.2857142857142857,0.0,0.0,0.0,0.0,0.0,0.75,0.75,0.7142857142857142,0.0,0.5161290322580645,0.25,0.0,0.25,0.0,0.0,0.0,0.6000000000000001,0.3438709677419355,0.0,0.0,0.0,0.0,0,0,39,0,39
South Korea,778031,0.1428571428571428,0.0,0.23809523809523808,0.0,0.0,0.0,1.0,1.0,1.0,0.0,0.5161290322580645,0.25,0.0,1.0,0.0,1.0,0.0,0.4,0.25806451612903225,1.0,0.0,0.0,0.0,0,-2,144,8,150
South Korea,778027,0.0,0.9090909090909092,0.2857142857142857,1.0,0.0,1.0,0.5,0.5,0.5,0.0,0.4838709677419355,0.0,0.0,0.25,0.0,0.5,0.0,1.0,0.4838709677419355,0.0,0.0,1.0,0.0,0,14,40,12,66
South Korea,778017,0.4285714285714286,1.0,1.0,1.0,0.0,0.3142737145257095,0.5,0.5,0.5714285714285714,0.0,0.16129032258064516,0.0,0.0,0.0,0.0,0.0,0.0,0.2,0.16129032258064516,0.0,0.0,0.0,0.0,-4,11,14,0,25
