teamname,match_id,batting_position,runs,balls,fours,sixes,strike_rate,overs,total_balls,dots,maidens,conceded,fours_conceded,sixes_conceded,wickets,LBW,Bowled,noballs,wides,economy_rate,catches,stumping,direct_hit,indirect_hit,strike_rate_fp,batting_fp,bowling_fp,fielding_fp,total_fp
Canada,1425125,1.0,0.0,0.0,0.0,0.0,0.0,0.8334999999999999,0.8333333333333333,0.09090909090909094,0.0,0.8,0.6000000000000001,0.5,1.0,1.0,0.0,1.0,1.0,0.821083172147002,0.0,0.0,0.0,0.0,0,0,38,0,38
Canada,1425124,1.0,0.0,0.0,0.0,0.0,0.0,0.5,0.5,0.18181818181818177,0.0,0.775,0.8,1.0,0.0,0.0,0.0,0.0,0.0,1.0000000000000002,0.0,0.0,0.0,0.0,0,0,2,0,2
Canada,1425122,1.0,1.0,1.0,0.0,1.0,1.0,1.0,1.0,0.36363636363636365,0.0,1.0,1.0,1.0,1.0,0.0,0.0,0.0,0.5,0.9352030947775628,0.0,0.0,0.0,0.0,0,14,31,0,45
Canada,1425121,1.0,0.125,0.6000000000000001,0.0,0.0,0.2083125,0.5,0.5,0.2727272727272727,0.0,0.5750000000000001,0.8,0.0,0.0,0.0,0.0,0.0,0.75,0.7417794970986461,0.0,0.0,0.0,0.0,0,1,7,0,8
Canada,1299582,0.0,0.0,0.0,0.0,0.0,0.0,0.0,0.0,0.0,0.0,0.30000000000000004,0.2,0.5,1.0,0.0,1.0,0.0,0.0,0.6450676982591876,1.0,0.0,0.0,0.0,0,0,37,8,45
Canada,1299578,0.0,0.0,0.0,0.0,0.0,0.0,0.5,0.5,0.18181818181818177,0.0,0.42500000000000004,0.2,0.5,1.0,0.0,0.0,0.0,0.0,0.5483558994197292,0.0,0.0,0.0,1.0,0,0,33,6,39
Canada,1286686,0.3333333333333335,0.0,0.0,0.0,0.0,0.0,0.5,0.5,1.0,1.0,0.0,0.0,0.0,1.0,0.0,0.0,0.0,0.0,0.0,0.0,0.0,0.0,0.0,0,0,58,0,58
