teamname,match_id,batting_position,runs,balls,fours,sixes,strike_rate,overs,total_balls,dots,maidens,conceded,fours_conceded,sixes_conceded,wickets,LBW,Bowled,noballs,wides,economy_rate,catches,stumping,direct_hit,indirect_hit,strike_rate_fp,batting_fp,bowling_fp,fielding_fp,total_fp
Dolphins,1003873,0.5,0.5714285714285714,0.375,1.0,0.0,1.0,1.0,1.0,0.5454545454545454,0.0,0.7941176470588235,0.5,0.3333333333333333,0.5,0.0,0.0,0.0,0.6666666666666666,0.5294117647058824,0.0,0.0,0.0,0.0,0,8,31,0,39
Dolphins,1003867,0.0,0.0,0.0,0.0,0.0,0.0,0.6666666666666666,0.6666666666666666,0.5454545454545454,0.0,0.47058823529411764,0.75,0.0,0.0,0.0,0.0,0.0,0.0,0.47058823529411764,0.0,0.0,0.0,0.0,0,0,6,0,6
Dolphins,851989,0.5,0.0,0.0,0.0,0.0,0.0,0.6666666666666666,0.6666666666666666,0.36363636363636365,0.0,0.9411764705882353,0.5,1.0,0.0,0.0,0.0,0.0,1.0,0.9411764705882353,0.0,0.0,0.0,0.0,0,0,-2,0,-2
Dolphins,851979,0.5,0.0,0.0,0.0,0.0,0.0,1.0,1.0,0.8181818181818182,0.0,0.7941176470588235,1.0,0.3333333333333333,1.0,0.0,1.0,0.0,0.3333333333333333,0.5294117647058824,0.0,0.0,0.0,0.0,0,0,67,0,67
Dolphins,851971,0.5,1.0,1.0,0.0,1.0,0.6562664066601664,0.6666666666666666,0.6666666666666666,0.8181818181818182,0.0,0.4117647058823529,0.5,0.3333333333333333,0.5,0.0,0.0,0.0,0.0,0.4117647058823529,0.0,0.0,0.0,0.0,0,13,36,0,49
Dolphins,736289,1.0,0.0,0.0,0.0,0.0,0.0,0.3333333333333333,0.3333333333333333,0.2727272727272727,0.0,0.3529411764705882,0.75,0.0,0.0,0.0,0.0,0.0,0.0,0.7058823529411764,0.0,0.0,0.0,0.0,0,0,3,0,3
Dolphins,736285,1.0,0.0,0.0,0.0,0.0,0.0,0.0,0.0,0.0,0.0,0.0,0.0,0.0,0.0,0.0,0.0,0.0,0.0,0.0,0.0,0.0,0.0,0.0,0,0,0,0,0
Dolphins,736263,1.0,0.42857142857142855,0.625,0.0,0.0,0.450011250281257,0.6666666666666666,0.6666666666666666,0.36363636363636365,0.0,1.0,0.75,0.6666666666666666,0.0,0.0,0.0,1.0,0.3333333333333333,1.0,0.0,0.0,0.0,0.0,0,3,-2,0,1
Dolphins,736261,1.0,0.0,0.0,0.0,0.0,0.0,1.0,1.0,1.0,0.0,0.6176470588235294,0.75,0.3333333333333333,1.0,0.0,0.0,0.0,0.3333333333333333,0.4117647058823529,0.0,0.0,0.0,0.0,0,0,63,0,63
