teamname,match_id,batting_position,runs,balls,fours,sixes,strike_rate,overs,total_balls,dots,maidens,conceded,fours_conceded,sixes_conceded,wickets,LBW,Bowled,noballs,wides,economy_rate,catches,stumping,direct_hit,indirect_hit,strike_rate_fp,batting_fp,bowling_fp,fielding_fp,total_fp
Trinbago Knight Riders,1428697,0.0,0.0,0.16129032258064518,0.0,0.0,0.0,0.0,0.0,0.0,0.0,0.0,0.0,0.0,0.0,0.0,0.0,0.0,0.0,0.0,0.0,0.0,0.0,0.0,-2,13,0,0,13
Trinbago Knight Riders,1428696,0.0,0.41666666666666663,0.6451612903225806,1.0,0.2,0.3293065289561047,0.0,0.0,0.0,0.0,0.0,0.0,0.0,0.0,0.0,0.0,0.0,0.0,0.0,0.0,0.0,0.0,0.0,0,53,0,0,53
Trinbago Knight Riders,1428692,0.6666666666666667,0.5416666666666666,1.0,1.0,0.0,0.21403541128734782,0.0,0.0,0.0,0.0,0.0,0.0,0.0,0.0,0.0,0.0,0.0,0.0,0.0,0.0,0.0,0.0,0.0,0,53,0,0,53
Trinbago Knight Riders,1428689,0.6666666666666667,1.0,0.7741935483870968,0.5,1.0000000000000002,1.0,0.0,0.0,0.0,0.0,0.0,0.0,0.0,0.0,0.0,0.0,0.0,0.0,0.0,0.0,0.0,0.0,0.0,6,111,0,0,111
Trinbago Knight Riders,1428685,0.6666666666666667,0.45833333333333326,0.6129032258064516,1.0,0.2,0.42807082257469564,0.0,0.0,0.0,0.0,0.0,0.0,0.0,0.0,0.0,0.0,0.0,0.0,0.0,0.0,0.0,0.0,0.0,0,55,0,0,55
Trinbago Knight Riders,1428680,1.0,0.08333333333333331,0.0,0.5,0.0,0.7391184064920693,0.0,0.0,0.0,0.0,0.0,0.0,0.0,0.0,0.0,0.0,0.0,0.0,0.0,1.0,0.0,0.0,0.0,0,23,0,8,31
