teamname,match_id,batting_position,runs,balls,fours,sixes,strike_rate,overs,total_balls,dots,maidens,conceded,fours_conceded,sixes_conceded,wickets,LBW,Bowled,noballs,wides,economy_rate,catches,stumping,direct_hit,indirect_hit,strike_rate_fp,batting_fp,bowling_fp,fielding_fp,total_fp
Uttar Pradesh,1383562,0.0,0.0,0.0,0.0,0.0,0.0,0.0,0.0,0.0,0.0,0.0,0.0,0.0,0.0,0.0,0.0,0.0,0.0,0.0,0.0,0.0,0.0,0.0,0,0,0,0,0
Uttar Pradesh,1383560,0.0,0.0,0.0,0.0,0.0,0.0,0.75,0.75,0.5384615384615385,0.0,1.0,1.0,0.0,1.0,0.0,1.0,0.0,0.0,0.7777777777777777,1.0,0.0,0.0,0.0,0,0,42,8,50
Uttar Pradesh,1383539,0.5,0.0,0.0,0.0,0.0,0.0,0.75,0.75,0.23076923076923078,0.0,1.0,0.0,1.0,1.0,0.0,0.0,0.0,1.0,0.7777777777777777,1.0,0.0,0.0,0.0,0,0,30,8,38
Uttar Pradesh,1383523,1.0,0.0,0.0,0.0,0.0,0.0,0.5,0.5,0.23076923076923078,0.0,0.8571428571428571,0.3333333333333333,1.0,1.0,0.0,1.0,0.0,0.0,1.0,0.0,0.0,0.0,0.0,0,0,36,0,36
Uttar Pradesh,1383504,0.5,0.0,0.0,0.0,0.0,0.0,1.0,1.0,1.0,0.0,0.8571428571428571,0.6666666666666666,0.0,1.0,0.0,1.0,0.0,1.0,0.5,0.0,0.0,0.0,0.0,0,0,52,0,52
