teamname,match_id,batting_position,runs,balls,fours,sixes,strike_rate,overs,total_balls,dots,maidens,conceded,fours_conceded,sixes_conceded,wickets,LBW,Bowled,noballs,wides,economy_rate,catches,stumping,direct_hit,indirect_hit,strike_rate_fp,batting_fp,bowling_fp,fielding_fp,total_fp
Vanuatu,1383091,1.0,0.0,0.0,0.0,0.0,0.0,0.0,0.0,0.0,0.0,1.0,0.0,1.0,0.0,0.0,0.0,0.0,1.0,1.0,1.0,0.0,0.0,0.0,0,0,0,8,8
Vanuatu,1383090,1.0,0.0,0.0,0.0,0.0,0.0,0.0,0.0,0.125,0.0,0.5714285714285712,1.0,0.0,0.0,0.0,0.0,0.0,0.0,0.7692307692307693,0.0,0.0,0.0,0.0,0,0,3,0,3
Vanuatu,1333929,0.0,0.0,0.0,0.0,0.0,0.0,0.5,0.5,0.125,0.0,0.4285714285714284,0.3333333333333333,0.0,0.5,0.5,0.0,0.0,0.0,0.20461538461538464,1.0,0.0,0.0,0.0,0,0,40,8,48
Vanuatu,1333926,1.0,0.0,0.0,0.0,0.0,0.0,0.0,0.0,0.0,0.0,0.0,0.0,1.0,0.0,0.0,0.0,0.0,0.0,0.46153846153846156,0.0,0.0,0.0,0.0,0,0,4,0,4
Vanuatu,1333925,0.6666666666666665,0.0,0.0,0.0,0.0,0.0,1.0,1.0,1.0,0.0,0.5714285714285712,0.3333333333333333,0.0,1.0,1.0,0.0,0.0,0.3333333333333333,0.0,1.0,0.0,0.0,0.0,0,0,82,8,90
