teamname,match_id,batting_position,runs,balls,fours,sixes,strike_rate,overs,total_balls,dots,maidens,conceded,fours_conceded,sixes_conceded,wickets,LBW,Bowled,noballs,wides,economy_rate,catches,stumping,direct_hit,indirect_hit,strike_rate_fp,batting_fp,bowling_fp,fielding_fp,total_fp
Maldives,1215159,0.0,0.046153846153846156,0.13725490196078433,0.0,0.0,0.26787500000000003,0.0,0.0,0.0,0.0,0.08333333333333348,0.5,1.0,0.0,0.0,0.0,0.0,0.0,1.0,0.0,0.0,0.0,0.0,0,3,2,0,5
Maldives,1186493,0.75,0.8615384615384616,0.6862745098039216,1.0,0.5,1.0,1.0,1.0000000000000002,0.75,0.0,0.25,0.0,1.0,1.0,0.0,1.0,0.0,0.0,0.1333333333333333,0.0,0.0,0.0,0.0,4,110,70,0,180
Maldives,1186492,1.0,0.0,0.0,0.0,0.0,0.0,1.0,1.0000000000000002,0.75,0.0,0.4166666666666665,1.0,0.0,0.5,0.0,0.0,0.0,0.0,0.26666666666666683,0.0,0.0,0.0,0.0,0,0,35,0,35
Maldives,1186490,1.0,0.6153846153846154,0.6666666666666666,0.3333333333333333,1.0,0.7353125,1.0,1.0000000000000002,0.875,0.0,0.4166666666666665,0.5,1.0,0.0,0.0,0.0,0.0,0.3333333333333333,0.26666666666666683,0.0,0.0,0.0,0.0,0,68,11,0,79
Maldives,1142222,0.75,0.7230769230769232,0.8235294117647058,0.5555555555555556,0.0,0.6993750000000001,1.0,1.0000000000000002,0.875,0.0,0.08333333333333348,0.0,1.0,1.0,0.0,0.0,0.0,0.0,0.0,0.0,0.0,0.0,0.0,0,71,63,0,134
Maldives,1142217,0.0,0.12307692307692308,0.11764705882352941,0.2222222222222222,0.0,0.8333125000000001,1.0,1.0000000000000002,1.0,0.0,0.16666666666666674,0.5,1.0,1.0,0.0,0.0,0.0,0.0,0.06666666666666665,0.0,0.0,0.0,0.0,0,16,64,0,80
Maldives,1142214,0.5,0.4153846153846154,0.5490196078431373,0.1111111111111111,0.0,0.6026875,0.40011997600479887,0.3999999999999999,0.5,0.0,0.0,1.0,0.0,0.5,0.0,0.0,0.0,0.6666666666666666,0.3786666666666667,0.0,0.0,0.0,0.0,0,35,33,0,68
Maldives,1142212,0.0,1.0,1.0,0.6666666666666666,1.0,0.7965625000000001,1.0,1.0000000000000002,0.5,0.0,1.0,0.5,1.0,0.5,0.0,0.0,0.0,0.3333333333333333,0.7333333333333334,0.0,0.0,0.0,0.0,0,109,31,0,140
Maldives,1142208,0.5,0.13846153846153847,0.27450980392156865,0.1111111111111111,0.0,0.4018125000000001,1.0,1.0000000000000002,0.625,0.0,0.5,0.5,0.0,0.0,0.0,0.0,0.0,1.0,0.3333333333333335,0.0,0.0,0.0,0.0,-2,11,9,0,20
