teamname,match_id,batting_position,runs,balls,fours,sixes,strike_rate,overs,total_balls,dots,maidens,conceded,fours_conceded,sixes_conceded,wickets,LBW,Bowled,noballs,wides,economy_rate,catches,stumping,direct_hit,indirect_hit,strike_rate_fp,batting_fp,bowling_fp,fielding_fp,total_fp
Bulgaria,1317138,0.375,0.0,0.0,0.0,0.0,0.0,0.6666666666666666,0.6666666666666666,0.4444444444444444,0.0,0.5,0.75,0.0,0.0,0.0,0.0,0.0,0.0,0.5862068965517241,1.0,0.0,0.0,0.0,0,0,4,8,12
Bulgaria,1317136,1.0,0.0,0.0,0.0,0.0,0.0,0.6666666666666666,0.6666666666666666,0.6666666666666666,0.0,0.7058823529411764,0.25,1.0,0.0,0.0,0.0,0.0,0.0,0.8275862068965517,1.0,0.0,0.0,0.0,0,0,2,8,10
Bulgaria,1267311,0.375,0.9999999999999999,1.0,1.0,1.0,0.78848660391021,0.3333333333333333,0.3333333333333333,0.4444444444444444,0.0,0.20588235294117646,0.25,0.0,0.5,0.0,1.0,0.0,0.6666666666666666,0.48275862068965514,0.0,0.0,0.0,0.0,0,91,37,0,128
Bulgaria,1267307,0.375,0.5918367346938775,0.4666666666666667,0.4,0.6666666666666666,1.0,0.6666666666666666,0.6666666666666666,0.1111111111111111,0.0,0.8529411764705882,1.0,0.3333333333333333,0.0,0.0,0.0,0.0,0.6666666666666666,1.0,0.0,0.0,0.0,0.0,2,55,-5,0,50
Bulgaria,1235832,0.0,0.14285714285714285,0.33333333333333337,0.2,0.0,0.3379435191889935,0.0,0.0,0.0,0.0,0.0,0.0,0.0,0.0,0.0,0.0,0.0,0.0,0.0,0.0,0.0,0.0,0.0,-6,5,0,0,5
Bulgaria,1235830,0.375,0.3061224489795918,0.4666666666666667,0.2,0.0,0.517233888486604,1.0,1.0,0.3333333333333333,0.0,1.0,0.25,0.3333333333333333,0.0,0.0,0.0,1.0,1.0,0.7813793103448275,0.0,0.0,0.0,0.0,0,19,-1,0,18
Bulgaria,1235829,0.5,0.836734693877551,0.8,0.8,0.0,0.8246922519913107,1.0,1.0,1.0,0.0,0.5294117647058824,0.5,0.0,1.0,0.0,1.0,0.0,0.3333333333333333,0.41379310344827586,0.0,0.0,0.0,0.0,0,61,69,0,130
