teamname,match_id,batting_position,runs,balls,fours,sixes,strike_rate,overs,total_balls,dots,maidens,conceded,fours_conceded,sixes_conceded,wickets,LBW,Bowled,noballs,wides,economy_rate,catches,stumping,direct_hit,indirect_hit,strike_rate_fp,batting_fp,bowling_fp,fielding_fp,total_fp
Assam,1205828,1.0,0.0,0.16666666666666666,0.0,0.0,0.0,0.0,0.0,0.0,0.0,0.9999999999999999,1.0,1.0,0.0,0.0,0.0,0.0,0.0,1.0,1.0,0.0,0.0,0.0,0,-2,-5,8,1
Assam,1205819,1.0,0.75,1.0,0.0,0.0,0.25,1.0,1.0,0.7857142857142857,0.0,0.20833333333333337,0.0,0.5,1.0,1.0,0.0,0.0,0.0,0.13766519823788542,1.0,0.0,0.0,0.0,-4,2,51,8,61
Assam,1205800,0.0,0.0,0.0,0.0,0.0,0.0,0.0,0.0,0.5714285714285714,0.0,0.25,1.0,0.0,1.0,0.0,0.0,0.0,0.0,0.3392070484581498,0.0,0.0,0.0,0.0,0,0,36,0,36
Assam,1205774,1.0,1.0,0.41666666666666663,1.0,0.0,0.8,1.0,1.0,1.0,0.0,0.0,0.3333333333333333,0.0,1.0,0.0,0.0,0.0,0.0,0.0,0.0,0.0,0.0,0.0,0,12,46,0,58
Assam,1205765,1.0,0.75,0.25,1.0,0.0,1.0,0.0,0.0,0.2857142857142857,0.0,0.5833333333333334,0.3333333333333333,1.0,1.0,0.0,0.0,0.0,0.0,0.633259911894273,0.0,0.0,0.0,0.0,0,10,30,0,40
