teamname,match_id,batting_position,runs,balls,fours,sixes,strike_rate,overs,total_balls,dots,maidens,conceded,fours_conceded,sixes_conceded,wickets,LBW,Bowled,noballs,wides,economy_rate,catches,stumping,direct_hit,indirect_hit,strike_rate_fp,batting_fp,bowling_fp,fielding_fp,total_fp
France,1436492,0.5,0.0,0.17857142857142855,0.16666666666666666,0.0,0.0,0.5,0.5,0.2,0.0,0.3829787234042553,0.42857142857142855,0.0,0.0,0.0,0.0,0.0,0.0,0.7659574468085106,0.0,0.0,0.0,0.0,0,12,3,0,15
France,1436489,1.0,0.6041666666666666,0.42857142857142855,0.16666666666666666,1.0,0.5452108306843858,0.75,0.75,0.6,0.0,0.2553191489361702,0.14285714285714285,0.0,1.0,0.0,1.0,0.0,0.0,0.3404255319148936,0.5,0.0,0.0,0.0,6,69,139,8,216
France,1436484,0.0,0.12499999999999997,0.0,0.0,0.6666666666666666,0.9999999999999999,0.5,0.5,0.2,0.0,0.48936170212765956,0.42857142857142855,0.5,0.25,0.0,0.0,0.0,0.0,0.9787234042553191,1.0,0.0,0.0,0.0,0,26,24,16,66
France,1436478,0.0,0.10416666666666666,0.2857142857142857,0.0,0.3333333333333333,0.0744513806441729,0.375,0.375,0.26666666666666666,0.0,0.2978723404255319,0.42857142857142855,0.0,0.0,0.0,0.0,0.0,0.0,0.7940425531914893,0.0,0.0,0.0,0.0,0,19,4,0,23
France,1436473,0.5,0.12499999999999997,0.07142857142857142,0.0,0.6666666666666666,0.55317682202903,0.0,0.0,0.0,0.0,0.0,0.0,0.0,0.0,0.0,0.0,0.0,0.0,0.0,0.5,0.0,0.0,0.0,0,26,0,8,34
France,1432200,0.5,0.9999999999999999,1.0,1.0,0.6666666666666666,0.3297843820612002,0.08325,0.08333333333333333,0.06666666666666667,0.0,0.02127659574468085,0.0,0.0,0.0,0.0,0.0,0.0,0.0,0.2553191489361702,0.0,0.0,0.0,1.0,6,106,1,6,113
France,1432196,0.5,0.14583333333333334,0.10714285714285715,0.0,0.6666666666666666,0.48025736279728837,1.0,1.0,0.8,0.0,1.0,1.0,1.0,0.25,0.0,0.0,0.0,0.3333333333333333,1.0,0.0,0.0,0.0,1.0,0,27,33,6,66
France,1432194,1.0,0.18749999999999997,0.3214285714285714,0.3333333333333333,0.3333333333333333,0.1603921718815825,1.0,1.0,1.0,0.0,0.425531914893617,0.14285714285714285,0.5,0.0,0.0,0.0,0.0,1.0,0.425531914893617,0.5,0.0,1.0,0.0,2,33,19,20,72
France,1432195,0.0,0.4375,0.39285714285714285,0.6666666666666666,0.3333333333333333,0.3999846807858757,0.5,0.5,0.3333333333333333,0.0,0.3404255319148936,0.42857142857142855,0.0,0.0,0.0,0.0,0.0,0.6666666666666666,0.6808510638297872,0.5,0.0,0.0,0.0,6,61,5,8,74
