teamname,match_id,batting_position,runs,balls,fours,sixes,strike_rate,overs,total_balls,dots,maidens,conceded,fours_conceded,sixes_conceded,wickets,LBW,Bowled,noballs,wides,economy_rate,catches,stumping,direct_hit,indirect_hit,strike_rate_fp,batting_fp,bowling_fp,fielding_fp,total_fp
Kuwait,1142223,0.0,0.125,0.4,0.0,0.0,0.09089917364387595,0.0,0.0,0.0,0.0,0.0,0.0,0.0,0.0,0.0,0.0,0.0,0.0,0.0,0.0,0.0,0.0,0.0,0,2,0,0,2
Kuwait,1142220,0.0,0.5,0.8666666666666667,1.0,0.0,0.1678348378651103,0.75,0.75,0.6000000000000001,0.0,1.0,0.0,1.0,1.0,0.0,0.0,0.0,0.0,1.0,0.0,0.0,0.0,0.0,-2,10,54,0,64
Kuwait,1142219,0.3333333333333335,0.6875,0.2,1.0,1.0,1.0,1.0,1.0,1.0,0.0,0.9090909090909092,1.0,0.0,0.5,0.0,0.0,1.0,0.25,0.6818181818181819,0.0,0.0,0.0,0.0,0,21,35,0,56
Kuwait,1142215,0.0,1.0,1.0,0.0,1.0,0.2909155371314806,0.0,0.0,0.0,0.0,0.0,0.0,0.0,0.0,0.0,0.0,0.0,0.0,0.0,0.0,0.0,0.0,0.0,0,22,0,0,22
Kuwait,1142211,0.0,0.125,0.3333333333333333,0.0,0.0,0.10908991736438758,1.0,1.0,1.0,0.0,0.6363636363636364,0.3333333333333333,0.0,1.0,0.0,1.0,0.0,1.0,0.4772727272727273,0.0,0.0,0.0,0.0,0,2,72,0,74
Kuwait,1142208,1.0,0.0,0.0,0.0,0.0,0.0,0.25,0.25,0.4,0.0,0.06060606060606061,0.0,0.0,0.0,0.0,0.0,0.0,0.0,0.18181818181818182,0.0,0.0,0.0,0.0,0,0,4,0,4
