teamname,match_id,batting_position,runs,balls,fours,sixes,strike_rate,overs,total_balls,dots,maidens,conceded,fours_conceded,sixes_conceded,wickets,LBW,Bowled,noballs,wides,economy_rate,catches,stumping,direct_hit,indirect_hit,strike_rate_fp,batting_fp,bowling_fp,fielding_fp,total_fp
Greece,1321273,0.3333333333333333,0.0,0.0,0.0,0.0,0.0,1.0,1.0,1.0,0.0,0.7000000000000001,0.0,0.0,1.0,0.0,0.0,0.0,0.0,0.467,0.0,0.0,0.0,0.0,0,-2,36,0,34
Greece,1321270,0.0,0.6470588235294118,0.8888888888888888,0.5,1.0,0.7189411764705882,0.6666666666666666,0.6666666666666666,1.0,0.0,1.0,0.0,1.0,0.0,0.0,0.0,0.0,1.0,1.0,0.0,0.0,0.0,0.0,0,21,3,0,24
Greece,1321267,1.0,0.0,0.0,0.0,0.0,0.0,0.6666666666666666,0.6666666666666666,0.8,0.0,0.8500000000000001,1.0,0.5,1.0,0.0,0.0,0.0,1.0,0.8500000000000001,0.0,0.0,0.0,0.0,0,-2,29,0,27
Greece,1267311,0.6666666666666667,1.0,1.0,1.0,1.0,1.0,0.0,0.0,0.0,0.0,0.0,0.0,0.0,0.0,0.0,0.0,0.0,0.0,0.0,0.0,1.0,0.0,0.0,4,35,0,12,47
Greece,1267306,0.6666666666666667,0.6470588235294118,0.6666666666666665,1.0,0.0,0.9243529411764705,0.0,0.0,0.0,0.0,0.0,0.0,0.0,0.0,0.0,0.0,0.0,0.0,0.0,0.0,0.0,0.0,1.0,0,19,0,12,31
Greece,1267304,1.0,0.0,0.2222222222222222,0.0,0.0,0.0,0.0,0.0,0.0,0.0,0.0,0.0,0.0,0.0,0.0,0.0,0.0,0.0,0.0,0.0,1.0,0.0,0.0,0,-2,0,12,10
