teamname,match_id,batting_position,runs,balls,fours,sixes,strike_rate,overs,total_balls,dots,maidens,conceded,fours_conceded,sixes_conceded,wickets,LBW,Bowled,noballs,wides,economy_rate,catches,stumping,direct_hit,indirect_hit,strike_rate_fp,batting_fp,bowling_fp,fielding_fp,total_fp
Rwanda,1283040,1.0,1.0,0.9166666666666666,0.0,1.0,0.6060666666666666,0.0,0.0,0.0,0.0,0.10000000000000009,0.0,1.0,0.0,0.0,0.0,0.0,0.0,0.6861063464837049,0.0,0.0,0.0,0.0,6,44,3,0,47
Rwanda,1283036,0.25,0.15000000000000002,0.08333333333333333,0.0,0.0,1.0,0.0,0.0,0.30000000000000004,0.0,0.0,0.0,1.0,1.0,0.0,1.0,0.0,0.0,0.5145797598627788,0.0,0.0,0.0,0.0,0,3,39,0,42
Rwanda,1283028,1.0,0.15000000000000002,0.3333333333333333,0.0,0.0,0.25,1.0,1.0,0.4,0.0,1.0,0.75,1.0,1.0,1.0,0.0,0.0,0.0,0.7289879931389365,1.0,0.0,0.0,0.0,0,3,40,8,51
Rwanda,1283021,1.0,0.05,0.08333333333333333,0.0,0.0,0.33333333333333337,1.0,1.0,1.0,0.0,0.15000000000000002,0.0,0.0,1.0,0.0,0.0,0.0,0.5,0.0,0.0,0.0,0.0,0.0,0,1,44,0,45
Rwanda,1273145,0.75,0.7000000000000001,1.0,0.5,0.3333333333333333,0.3889,0.5,0.5,0.30000000000000004,0.0,0.8,1.0,1.0,0.0,0.0,0.0,0.0,0.0,1.0,1.0,0.0,0.0,0.0,0,24,4,8,36
Rwanda,1273143,0.75,0.7000000000000001,0.75,1.0,0.0,0.5185333333333334,0.0,0.0,0.4,0.0,0.0,0.5,0.0,0.0,0.0,0.0,0.0,0.25,0.5145797598627788,0.0,0.0,0.0,1.0,0,22,7,6,35
Rwanda,1273144,0.0,0.0,0.0,0.0,0.0,0.0,1.0,1.0,0.9000000000000001,0.0,0.55,0.5,0.0,0.0,0.0,0.0,0.0,1.0,0.34305317324185247,1.0,0.0,0.0,0.0,0,0,14,8,22
