teamname,match_id,batting_position,runs,balls,fours,sixes,strike_rate,overs,total_balls,dots,maidens,conceded,fours_conceded,sixes_conceded,wickets,LBW,Bowled,noballs,wides,economy_rate,catches,stumping,direct_hit,indirect_hit,strike_rate_fp,batting_fp,bowling_fp,fielding_fp,total_fp
Philippines,1299577,0.0,0.2,0.8,0.0,0.0,0.1298116865134312,0.0,0.0,0.0,0.0,0.0,0.0,0.0,0.0,0.0,0.0,0.0,0.0,0.0,0.0,0.0,0.0,0.0,-6,-3,0,0,-3
Philippines,1299567,0.5,1.0,1.0,0.0,0.0,0.5192467460537248,0.75,0.75,0.3333333333333333,0.0,0.8974358974358974,0.5,1.0,0.0,0.0,0.0,0.0,0.0,0.9999999999999999,0.0,0.0,0.0,0.0,0,15,1,0,16
Philippines,1176796,0.75,0.0,0.0,0.0,0.0,0.0,0.0,0.0,0.0,0.0,0.0,0.0,0.0,0.0,0.0,0.0,0.0,0.0,0.0,0.5,0.0,0.0,0.0,0,0,0,8,8
Philippines,1176795,1.0,0.0,0.0,0.0,0.0,0.0,0.75,0.75,0.26666666666666666,0.0,0.8205128205128205,1.0,0.25,0.0,0.0,0.0,0.0,0.0,0.9143101970865466,0.0,0.0,0.0,0.0,0,0,2,0,2
Philippines,1166891,0.75,0.06666666666666667,0.1,0.0,0.0,0.34616449736914984,1.0,1.0,0.7333333333333333,0.0,0.5641025641025641,0.5,0.0,0.3333333333333333,0.0,0.0,0.0,0.6000000000000001,0.4712939160239931,0.0,0.0,0.0,0.0,0,1,40,0,41
Philippines,1166890,0.75,0.8666666666666667,0.45,1.0,0.0,1.0,1.0,1.0,1.0,0.0,0.358974358974359,0.0,0.25,1.0,0.0,1.0,0.0,0.0,0.29991431019708653,1.0,0.0,0.0,0.0,0,21,108,16,145
Philippines,1166888,0.625,0.7333333333333333,0.45,0.5,0.0,0.8461644973691499,1.0,1.0,0.9333333333333333,0.0,0.6153846153846154,0.5,0.25,0.3333333333333333,0.0,0.0,0.0,1.0,0.5141388174807198,0.0,0.0,0.0,0.0,0,15,41,0,56
Philippines,1166885,0.875,0.3333333333333333,0.25,0.0,0.0,0.6923289947382997,1.0,1.0,0.4666666666666667,0.0,1.0,0.5,0.75,0.0,0.0,0.0,0.0,0.0,0.8354755784061696,0.0,0.0,0.0,0.0,0,5,7,0,12
