teamname,match_id,batting_position,runs,balls,fours,sixes,strike_rate,overs,total_balls,dots,maidens,conceded,fours_conceded,sixes_conceded,wickets,LBW,Bowled,noballs,wides,economy_rate,catches,stumping,direct_hit,indirect_hit,strike_rate_fp,batting_fp,bowling_fp,fielding_fp,total_fp
Rajasthan,1157147,0.6666666666666665,0.0,0.0,0.0,0.0,0.0,0.5,0.5,0.375,0.0,0.21052631578947373,0.0,0.0,0.5,0.0,0.0,0.0,0.5,0.3213429256594723,0.0,0.0,0.0,0.0,0,0,65,0,65
Rajasthan,1157129,0.6666666666666665,0.0,0.0,0.0,0.0,0.0,0.5,0.5,1.0,0.0,0.0,0.2,0.0,0.75,0.0,1.0,1.0,0.0,0.0,0.0,0.0,0.0,0.0,0,0,115,0,115
Gujarat Lions,1082621,0.6666666666666665,0.0,0.0,0.0,0.0,0.0,0.0,0.0,0.0,0.0,0.05263157894736842,0.2,0.0,0.0,0.0,0.0,0.0,0.25,0.4004796163069544,0.0,0.0,0.0,0.0,0,0,12,0,12
Gujarat Lions,1082616,1.0,0.0,0.0,0.0,0.0,0.0,0.0,0.0,0.125,0.0,0.0,0.2,0.0,0.25,0.0,0.0,0.0,0.0,0.28057553956834524,0.0,0.0,0.0,0.0,0,0,38,0,38
Rajasthan,902233,0.0,0.0,0.0,0.0,0.0,0.0,1.0,1.0,0.875,0.0,0.5789473684210527,0.4,0.0,0.75,0.0,0.0,0.0,0.0,0.5203836930455634,0.0,0.0,0.0,0.0,0,0,98,0,98
Rajasthan,902217,1.0,1.0,1.0,0.0,0.0,1.0,1.0,1.0,0.875,0.0,0.9473684210526314,1.0,0.0,1.0,0.0,0.0,0.0,0.0,0.9400479616306954,0.0,0.0,0.0,0.0,0,1,123,0,124
Rajasthan,902193,1.0,0.0,0.5,0.0,0.0,0.0,1.0,1.0,0.375,0.0,0.894736842105263,0.2,1.0,0.0,0.0,0.0,0.0,0.0,0.8800959232613907,0.0,0.0,0.0,0.0,0,0,11,0,11
Rajasthan,902119,1.0,0.0,0.0,0.0,0.0,0.0,1.0,1.0,1.0,0.0,0.31578947368421045,0.0,0.0,1.0,0.0,0.0,0.0,1.0,0.22062350119904073,1.0,0.0,0.0,0.0,0,0,128,8,136
Rajasthan,902093,1.0,0.0,0.0,0.0,0.0,0.0,1.0,1.0,0.375,0.0,0.9999999999999998,0.2,1.0,0.25,0.0,0.0,0.0,0.25,1.0,0.0,0.0,0.0,0.0,0,0,36,0,36
