teamname,match_id,batting_position,runs,balls,fours,sixes,strike_rate,overs,total_balls,dots,maidens,conceded,fours_conceded,sixes_conceded,wickets,LBW,Bowled,noballs,wides,economy_rate,catches,stumping,direct_hit,indirect_hit,strike_rate_fp,batting_fp,bowling_fp,fielding_fp,total_fp
North West,1334917,1.0,0.0,0.0,0.0,0.0,0.0,0.0,0.0,0.2857142857142857,0.0,0.0,0.0,0.0,0.5,0.0,0.0,0.0,0.0,0.23068050749711655,1.0,0.0,0.0,0.0,0,0,28,8,36
North West,1334914,0.0,0.2,0.2,0.0,0.0,0.7999999999999999,1.0,1.0,1.0,0.0,0.9285714285714286,0.5,1.0,1.0,0.0,0.0,0.0,0.0,0.11534025374855827,0.0,0.0,0.0,0.0,0,3,60,0,63
North West,1334909,1.0,1.0,1.0,1.0,1.0,1.0,0.5,0.5,0.8571428571428572,0.0,0.2857142857142857,0.0,1.0,0.5,0.0,1.0,0.0,0.0,0.0,1.0,0.0,0.0,0.0,0,25,42,8,75
North West,1334902,1.0,0.06666666666666667,0.13333333333333336,0.0,0.0,0.35551999999999995,0.25,0.25,0.0,0.0,1.0,1.0,1.0,0.0,0.0,0.0,0.0,0.0,1.0,1.0,0.0,0.0,0.0,0,1,1,8,10
