teamname,match_id,batting_position,runs,balls,fours,sixes,strike_rate,overs,total_balls,dots,maidens,conceded,fours_conceded,sixes_conceded,wickets,LBW,Bowled,noballs,wides,economy_rate,catches,stumping,direct_hit,indirect_hit,strike_rate_fp,batting_fp,bowling_fp,fielding_fp,total_fp
Sierra Leone,1343785,0.6666666666666666,0.0,0.0,0.0,0.0,0.0,0.0,0.0,0.0,0.0,0.0,0.0,0.0,0.0,0.0,0.0,0.0,0.0,0.0,0.0,0.0,0.0,0.0,0,0,0,0,0
Sierra Leone,1343781,0.6666666666666666,0.07407407407407407,0.1111111111111111,0.0,0.0,0.6666666666666667,0.0,0.0,0.0,0.0,0.0,0.0,0.0,0.0,0.0,0.0,0.0,0.0,0.0,0.0,0.0,0.0,0.0,0,2,0,0,2
Sierra Leone,1343783,0.9999999999999999,0.0,0.0,0.0,0.0,0.0,0.25,0.25,0.30000000000000004,0.0,0.25,0.3333333333333333,0.0,0.0,0.0,0.0,0.0,0.0,0.4375,0.0,0.0,0.0,0.0,0,0,3,0,3
Sierra Leone,1343774,0.5,0.18518518518518517,0.38888888888888884,0.3333333333333333,0.0,0.47620000000000007,0.25,0.25,0.2,0.0,0.5714285714285714,0.3333333333333333,1.0,0.0,0.0,0.0,0.0,1.0,1.0,0.0,0.0,0.0,0.0,0,9,2,0,11
Sierra Leone,1343768,0.8333333333333334,0.037037037037037035,0.4444444444444444,0.0,0.0,0.08333333333333334,0.0,0.0,0.0,0.0,0.0,0.0,0.0,0.0,0.0,0.0,0.0,0.0,0.0,0.0,0.0,0.0,0.0,0,1,0,0,1
Sierra Leone,1283050,0.5,1.0,1.0,1.0,1.0,1.0,0.5,0.5,1.0,0.0,0.3571428571428571,0.3333333333333333,1.0,1.0,0.0,0.0,0.0,0.0,0.3125,0.0,0.0,0.0,0.0,0,49,39,0,88
Sierra Leone,1283047,0.0,0.1111111111111111,0.2777777777777778,0.0,0.0,0.4,0.5,0.5,0.5,0.0,0.6428571428571428,1.0,0.0,0.0,0.0,0.0,0.0,0.0,0.5625,0.0,0.0,0.0,0.0,0,3,5,0,8
Sierra Leone,1283045,0.5,0.0,0.1111111111111111,0.0,0.0,0.0,0.5,0.5,0.4,0.0,0.6785714285714285,0.6666666666666666,1.0,0.0,0.0,0.0,0.0,0.0,0.59375,0.0,0.0,0.0,0.0,0,-2,4,0,2
Sierra Leone,1283042,0.5,0.1111111111111111,0.38888888888888884,0.0,0.0,0.28573333333333334,1.0,1.0,0.8,0.0,1.0,0.6666666666666666,0.0,0.0,0.0,0.0,0.0,0.0,0.4375,0.0,0.0,0.0,0.0,0,3,10,0,13
