teamname,match_id,batting_position,runs,balls,fours,sixes,strike_rate,overs,total_balls,dots,maidens,conceded,fours_conceded,sixes_conceded,wickets,LBW,Bowled,noballs,wides,economy_rate,catches,stumping,direct_hit,indirect_hit,strike_rate_fp,batting_fp,bowling_fp,fielding_fp,total_fp
Oman,930573,0.6666666666666665,0.0,0.0,0.0,0.0,0.0,0.0,0.0,0.2,0.0,0.0,0.6666666666666667,0.0,0.3333333333333333,0.0,0.0,0.0,0.0,0.6190476190476188,0.0,0.0,0.0,0.0,0,0,31,0,31
Oman,875547,1.0,0.0,0.0,0.0,0.0,0.0,0.5,0.5,0.0,0.0,0.5652173913043479,0.3333333333333333,0.3333333333333333,0.0,0.0,0.0,0.0,0.0,0.9676190476190476,0.0,0.0,0.0,0.0,0,0,3,0,3
Oman,875525,0.0,0.07142857142857142,0.2857142857142857,0.0,0.0,0.21428877555393647,1.0,1.0,0.2,0.0,0.9565217391304348,1.0,0.3333333333333333,0.3333333333333333,0.0,0.0,0.0,0.0,0.9523809523809523,0.0,0.0,0.0,0.0,0,2,31,0,33
Oman,875495,0.0,0.0,0.0,0.0,0.0,0.0,0.8334999999999999,0.8333333333333333,0.39999999999999997,0.0,0.6521739130434783,0.6666666666666667,0.3333333333333333,1.0,0.0,0.0,0.0,0.0,0.7485714285714284,1.0,0.0,0.0,0.0,0,0,88,8,96
Oman,875473,0.0,0.3214285714285714,0.2857142857142857,0.5,0.0,0.9642994899927141,1.0,1.0,1.0,0.0,0.08695652173913038,0.3333333333333333,0.3333333333333333,0.6666666666666666,0.0,0.0,0.0,0.0,0.0,0.0,0.0,0.0,0.0,0,17,74,0,91
Oman,811135,0.3333333333333335,0.7857142857142857,1.0,0.25,1.0,0.6734667638109114,1.0,1.0,0.26666666666666666,0.0,0.5652173913043479,0.6666666666666667,0.0,0.6666666666666666,0.0,1.0,0.0,0.0,0.5238095238095237,0.0,0.0,0.0,0.0,4,36,67,0,103
Oman,811127,0.0,0.0,0.0,0.0,0.0,0.0,0.5,0.5,0.26666666666666666,0.0,0.17391304347826086,0.0,0.0,0.0,0.0,0.0,0.0,1.0,0.3961904761904762,1.0,0.0,0.0,0.0,0,0,9,8,17
Oman,811123,0.3333333333333335,1.0,0.8571428571428571,1.0,1.0,0.9999999999999999,1.0,1.0,0.26666666666666666,0.0,1.0,0.3333333333333333,1.0,1.0,1.0,0.0,0.0,0.0,0.9999999999999998,0.0,0.0,0.0,0.0,6,60,94,0,154
Oman,811119,0.6666666666666665,0.0,0.0,0.0,0.0,0.0,1.0,1.0,0.39999999999999997,0.0,0.7391304347826086,0.6666666666666667,0.3333333333333333,0.6666666666666666,0.0,1.0,0.0,0.0,0.7142857142857142,0.0,0.0,0.0,0.0,0,0,67,0,67
