teamname,match_id,batting_position,runs,balls,fours,sixes,strike_rate,overs,total_balls,dots,maidens,conceded,fours_conceded,sixes_conceded,wickets,LBW,Bowled,noballs,wides,economy_rate,catches,stumping,direct_hit,indirect_hit,strike_rate_fp,batting_fp,bowling_fp,fielding_fp,total_fp
Maharashtra,1280293,1.0,0.0,0.0,0.0,0.0,0.0,0.5385325334563914,0.5384615384615383,0.2727272727272727,0.0,0.9999999999999999,1.0,1.0,0.3333333333333333,0.0,0.0,0.0,0.0,1.0,0.0,0.0,0.0,0.0,0,0,29,0,29
Maharashtra,1280275,0.25,0.0,0.0,0.0,0.0,0.0,0.5385325334563914,0.5384615384615383,0.8181818181818181,0.0,0.18518518518518517,0.2,0.0,0.3333333333333333,0.0,0.0,0.0,0.5,0.08374999999999999,0.0,0.0,0.0,0.0,0,0,43,0,43
Maharashtra,1280257,0.5,0.0,0.0,0.0,0.0,0.0,0.0770650669127827,0.07692307692307687,0.5454545454545455,1.0,0.0,0.2,0.0,0.6666666666666666,0.0,0.0,0.0,0.0,0.0,0.0,0.0,0.0,0.0,0,0,77,0,77
Maharashtra,1280238,0.75,1.0,1.0,0.0,0.0,1.0,0.0,0.0,0.0,0.0,0.25925925925925924,0.0,1.0,1.0,0.0,1.0,0.0,0.0,0.51125,0.0,0.0,0.0,0.0,0,2,90,0,92
Maharashtra,1280217,0.0,0.0,0.0,0.0,0.0,0.0,1.0,1.0,0.36363636363636365,0.0,0.888888888888889,0.2,1.0,0.6666666666666666,0.0,1.0,0.0,1.0,0.5625,0.0,0.0,0.0,0.0,0,0,65,0,65
Maharashtra,1280198,0.75,0.0,0.0,0.0,0.0,0.0,1.0,1.0,1.0,0.0,0.6666666666666666,0.8,0.0,0.0,0.0,0.0,0.0,0.0,0.375,0.0,0.0,0.0,0.0,0,0,16,0,16
