teamname,match_id,batting_position,runs,balls,fours,sixes,strike_rate,overs,total_balls,dots,maidens,conceded,fours_conceded,sixes_conceded,wickets,LBW,Bowled,noballs,wides,economy_rate,catches,stumping,direct_hit,indirect_hit,strike_rate_fp,batting_fp,bowling_fp,fielding_fp,total_fp
Croatia,1444950,0.0,0.8888888888888888,1.0,1.0,0.0,0.6274666666666667,0.5,0.5,0.5,0.0,0.30000000000000004,0.25,0.0,0.0,0.0,0.0,0.0,1.0,0.6000000000000001,0.0,0.0,0.0,0.0,-6,6,5,0,11
Croatia,1444951,0.0,0.0,0.0,0.0,0.0,0.0,1.0,1.0,1.0,0.0,1.0,1.0,1.0,1.0,0.0,0.0,0.0,0.5,1.0,0.0,0.0,0.0,0.0,0,-2,29,0,27
Croatia,1444948,0.2,0.2222222222222222,0.19999999999999998,0.0,0.0,0.5333333333333333,0.0,0.0,0.0,0.0,0.0,0.0,0.0,0.0,0.0,0.0,0.0,0.0,0.0,0.0,0.0,0.0,0.0,0,2,0,0,2
Croatia,1444949,0.0,0.1111111111111111,0.06666666666666668,0.0,0.0,0.4444,0.0,0.0,0.0,0.0,0.0,0.0,0.0,0.0,0.0,0.0,0.0,0.0,0.0,0.0,0.0,0.0,0.0,0,1,0,0,1
Croatia,1444947,1.0000000000000002,1.0,0.6666666666666667,0.0,1.0,1.0,0.0,0.0,0.0,0.0,0.0,0.0,0.0,0.0,0.0,0.0,0.0,0.0,0.0,0.0,0.0,0.0,0.0,0,15,0,0,15
