teamname,match_id,batting_position,runs,balls,fours,sixes,strike_rate,overs,total_balls,dots,maidens,conceded,fours_conceded,sixes_conceded,wickets,LBW,Bowled,noballs,wides,economy_rate,catches,stumping,direct_hit,indirect_hit,strike_rate_fp,batting_fp,bowling_fp,fielding_fp,total_fp
Eswatini,1459374,1.0,0.0,0.0,0.0,0.0,0.0,0.8335,0.8333333333333333,0.3333333333333333,0.0,1.0,1.0,0.0,0.0,0.0,0.0,0.0,0.0,1.0,0.0,0.0,0.0,0.0,0,0,2,0,2
Swaziland,1283038,0.0,0.3684210526315789,1.0,0.0,0.0,0.33769466797892667,0.0,0.0,0.0,0.0,0.0,0.0,0.0,0.0,0.0,0.0,0.0,0.0,0.0,0.0,0.0,0.0,0.0,-4,3,0,0,3
Swaziland,1283035,0.16666666666666674,1.0,0.9166666666666666,1.0,1.0,1.0,0.0,0.0,0.0,0.0,0.0,0.0,0.0,0.0,0.0,0.0,0.0,0.0,0.0,0.0,0.0,0.0,0.0,6,35,0,0,35
Swaziland,1283032,0.16666666666666674,0.0,0.0,0.0,0.0,0.0,0.0,0.0,0.0,0.0,0.0,0.0,0.0,0.0,0.0,0.0,0.0,0.0,0.0,0.0,0.0,0.0,0.0,0,0,0,0,0
Swaziland,1283026,0.16666666666666674,0.3157894736842105,0.75,0.0,0.0,0.38597811613500843,1.0,1.0,1.0,0.0,1.0,1.0,0.0,0.0,0.0,0.0,0.0,1.0,0.8333333333333333,0.0,0.0,0.0,0.0,0,6,8,0,14
