teamname,match_id,batting_position,runs,balls,fours,sixes,strike_rate,overs,total_balls,dots,maidens,conceded,fours_conceded,sixes_conceded,wickets,LBW,Bowled,noballs,wides,economy_rate,catches,stumping,direct_hit,indirect_hit,strike_rate_fp,batting_fp,bowling_fp,fielding_fp,total_fp
Qatar,1399148,0.857142857142857,0.0,0.0,0.0,0.0,0.0,0.75,0.75,0.38461538461538464,0.0,1.0,1.0,1.0,0.0,0.0,0.0,0.0,1.0,0.6276470588235294,0.0,0.0,0.0,0.0,0,0,3,0,3
Qatar,1399144,1.0,0.0,0.0,0.0,0.0,0.0,1.0,1.0,1.0,0.0,0.375,0.0,0.0,1.0,0.0,0.0,1.0,0.0,0.1764705882352941,1.0,0.0,0.0,0.0,0,0,44,8,52
Qatar,1399142,0.0,0.0,0.0,0.0,0.0,0.0,1.0,1.0,0.9230769230769231,0.0,0.625,0.25,0.0,1.0,0.0,0.0,1.0,1.0,0.29411764705882354,0.0,0.0,0.0,0.0,0,0,41,0,41
Qatar,1392812,1.0,0.0,0.0,0.0,0.0,0.0,0.25,0.25,0.07692307692307693,0.0,0.53125,0.5,1.0,0.0,0.0,0.0,1.0,0.0,1.0,0.0,0.0,0.0,0.0,0,0,1,0,1
Qatar,1392808,0.2857142857142857,0.0,0.0,0.0,0.0,0.0,0.0,0.0,0.0,0.0,0.0,0.0,0.0,0.0,0.0,0.0,0.0,0.0,0.0,0.0,0.0,0.0,0.0,0,0,0,0,0
Qatar,1392803,0.857142857142857,0.0,0.0,0.0,0.0,0.0,0.0,0.0,0.0,0.0,0.0,0.0,0.0,0.0,0.0,0.0,0.0,0.0,0.0,0.0,0.0,0.0,0.0,0,0,0,0,0
