teamname,match_id,batting_position,runs,balls,fours,sixes,strike_rate,overs,total_balls,dots,maidens,conceded,fours_conceded,sixes_conceded,wickets,LBW,Bowled,noballs,wides,economy_rate,catches,stumping,direct_hit,indirect_hit,strike_rate_fp,batting_fp,bowling_fp,fielding_fp,total_fp
Luxembourg,1436491,0.25,0.0,0.0,0.0,0.0,0.0,1.0,1.0,0.20000000000000018,0.0,0.44736842105263164,0.4,0.0,1.0,0.0,0.0,0.0,0.3333333333333333,0.3764845605700713,0.5,0.0,0.0,0.0,0,0,56,8,64
Luxembourg,1436481,0.25,0.5,0.2727272727272727,0.0,0.0,1.0,0.0,0.0,0.40000000000000013,0.0,0.0,0.0,0.0,0.5,0.0,1.0,0.0,0.0,0.0,0.0,0.0,0.0,1.0,0,3,46,6,55
Luxembourg,1436471,0.5,0.16666666666666666,0.36363636363636365,0.0,0.0,0.25,0.0,0.0,1.0,0.0,0.10526315789473684,0.0,0.3333333333333333,0.0,0.0,0.0,0.0,1.0,0.15914489311163893,1.0,0.0,0.0,0.0,0,1,14,16,31
Luxembourg,1275277,0.5,0.6666666666666666,0.36363636363636365,0.0,0.0,1.0,1.0,1.0,0.40000000000000013,0.0,0.736842105263158,0.6000000000000001,0.6666666666666666,1.0,0.0,0.0,0.0,0.0,0.7030878859857483,1.0,0.0,0.0,1.0,0,4,55,22,81
Luxembourg,1275274,1.0,0.0,0.0,0.0,0.0,0.0,1.0,1.0,0.0,0.0,1.0,1.0,1.0,1.0,1.0,0.0,0.0,0.0,1.0,0.5,0.0,0.0,0.0,0,0,57,8,65
Luxembourg,1275269,0.0,0.0,0.0,0.0,0.0,0.0,0.6669999999999998,0.6666666666666665,0.6000000000000001,0.0,0.5789473684210527,0.6000000000000001,0.6666666666666666,0.5,0.0,0.0,0.0,0.3333333333333333,0.6187648456057007,0.0,0.0,0.0,0.0,0,0,33,0,33
Luxembourg,1229823,0.75,0.0,0.0,0.0,0.0,0.0,1.0,1.0,0.0,0.0,0.7894736842105263,0.6000000000000001,0.6666666666666666,1.0,0.0,0.0,0.0,0.0,0.7624703087885987,0.5,0.0,0.0,0.0,0,0,53,8,61
Luxembourg,1229820,0.75,1.0,1.0,1.0,0.0,0.5455,1.0,1.0,1.0,0.0,0.6052631578947368,0.4,1.0,0.5,0.0,0.0,0.0,0.0,0.5546318289786223,0.0,0.0,0.0,0.0,-4,6,35,0,41
