teamname,match_id,batting_position,runs,balls,fours,sixes,strike_rate,overs,total_balls,dots,maidens,conceded,fours_conceded,sixes_conceded,wickets,LBW,Bowled,noballs,wides,economy_rate,catches,stumping,direct_hit,indirect_hit,strike_rate_fp,batting_fp,bowling_fp,fielding_fp,total_fp
Trinbago Knight Riders,1369585,0.5,0.4444444444444444,0.07692307692307693,1.0,0.0,1.0,0.0,0.0,0.0,0.0,0.0,0.0,0.0,0.0,0.0,0.0,0.0,0.0,0.0,0.0,0.0,0.0,0.0,0,8,0,0,8
Trinbago Knight Riders,1369579,1.0,0.0,0.0,0.0,0.0,0.0,1.0,1.0,1.0,0.0,0.9,0.5,0.6666666666666666,1.0,0.0,0.0,0.0,1.0,0.35809018567639256,0.0,0.0,0.0,0.0,0,0,40,0,40
Trinbago Knight Riders,1369566,0.5,0.1111111111111111,0.3076923076923077,0.0,0.0,0.0625,0.25,0.25,0.15384615384615385,0.0,0.43333333333333335,0.5,0.3333333333333333,0.0,0.0,0.0,0.0,0.0,0.689655172413793,0.0,0.0,0.0,0.0,0,1,2,0,3
St Kitts and Nevis Patriots,1323163,1.0,0.2222222222222222,0.15384615384615385,0.0,0.0,0.25,0.75,0.75,0.5384615384615385,0.0,1.0,0.5,1.0,0.0,0.0,0.0,0.0,0.0,0.5305039787798408,0.0,0.0,0.0,0.0,0,2,5,0,7
St Kitts and Nevis Patriots,1323160,1.0,0.0,0.0,0.0,0.0,0.0,0.25,0.25,0.15384615384615385,0.0,0.3333333333333333,1.0,0.0,0.0,0.0,0.0,0.0,0.0,0.5305039787798408,0.0,0.0,0.0,0.0,0,0,2,0,2
St Kitts and Nevis Patriots,1323158,1.0,0.2222222222222222,0.46153846153846156,0.0,0.0,0.083325,0.25,0.25,0.0,0.0,0.5666666666666667,0.0,0.6666666666666666,0.0,0.0,0.0,1.0,0.0,0.9018567639257293,1.0,0.0,1.0,0.0,0,2,0,20,22
St Kitts and Nevis Patriots,1323146,0.5,0.0,0.0,0.0,0.0,0.0,0.29175,0.29166666666666663,0.07692307692307693,0.0,0.7333333333333333,0.5,0.6666666666666666,0.0,0.0,0.0,1.0,1.0,1.0,0.0,0.0,0.0,0.0,0,0,1,0,1
St Kitts and Nevis Patriots,1323144,0.0,1.0,1.0,0.0,0.0,0.173075,0.75,0.75,0.8461538461538463,1.0,0.7333333333333333,0.0,1.0,1.0,0.0,0.0,0.0,0.0,0.38885941644562333,0.0,0.0,0.0,0.0,-2,7,48,0,55
