teamname,match_id,batting_position,runs,balls,fours,sixes,strike_rate,overs,total_balls,dots,maidens,conceded,fours_conceded,sixes_conceded,wickets,LBW,Bowled,noballs,wides,economy_rate,catches,stumping,direct_hit,indirect_hit,strike_rate_fp,batting_fp,bowling_fp,fielding_fp,total_fp
Odisha,902177,1.0,0.0,0.0,0.0,0.0,0.0,0.0,0.0,1.0,0.0,0.0,0.0,0.0,0.5,0.0,1.0,0.0,1.0,0.0,0.0,0.0,0.0,0.0,0,0,53,0,53
Odisha,902201,0.3999999999999999,0.0,0.0,0.0,0.0,0.0,1.0,1.0,0.5,0.0,0.7222222222222222,0.8,0.0,0.5,0.0,0.0,1.0,0.6666666666666666,0.6940024479804161,0.0,0.0,0.0,0.0,0,0,34,0,34
Odisha,902157,0.0,0.0,0.0,0.0,0.0,0.0,1.0,1.0,0.0,0.0,0.9999999999999999,0.2,1.0,0.0,0.0,0.0,0.0,0.0,1.0,0.0,0.0,0.0,0.0,0,0,0,0,0
Odisha,902129,1.0,0.0,0.0,0.0,0.0,0.0,1.0,1.0,0.30000000000000004,0.0,0.8055555555555555,1.0000000000000002,0.3333333333333333,0.0,0.0,0.0,0.0,0.0,0.7858017135862914,0.0,0.0,0.0,0.0,0,0,7,0,7
Odisha,902105,1.0,0.0,0.0,0.0,0.0,0.0,1.0,1.0,0.9,0.0,0.30555555555555547,0.4000000000000001,0.0,1.0,0.0,0.0,0.0,0.0,0.23500611995104037,0.0,0.0,0.0,0.0,0,0,67,0,67
