teamname,match_id,batting_position,runs,balls,fours,sixes,strike_rate,overs,total_balls,dots,maidens,conceded,fours_conceded,sixes_conceded,wickets,LBW,Bowled,noballs,wides,economy_rate,catches,stumping,direct_hit,indirect_hit,strike_rate_fp,batting_fp,bowling_fp,fielding_fp,total_fp
Bahrain,1392803,0.6666666666666666,0.15384615384615385,0.2894736842105263,0.0,0.0,0.38093333333333335,0.0,0.0,0.0,0.0,0.0,0.0,0.0,0.0,0.0,0.0,0.0,0.0,0.0,0.0,0.0,0.0,0.0,-6,-2,0,0,-2
Bahrain,1361774,0.8333333333333334,0.0,0.02631578947368421,0.0,0.0,0.0,0.0,0.0,0.0,0.0,0.0,0.0,0.0,0.0,0.0,0.0,0.0,0.0,0.0,0.0,0.0,0.0,0.0,0,-2,0,0,-2
Bahrain,1142221,0.8333333333333334,0.6923076923076923,0.5526315789473684,0.5,0.0,1.0,0.0,0.0,0.0,0.0,0.0,0.0,0.0,0.0,0.0,0.0,0.0,0.0,0.0,0.0,0.0,0.0,0.0,0,22,0,0,22
Bahrain,1142219,0.9999999999999999,0.038461538461538464,0.0,0.0,0.0,0.4444,0.0,0.0,0.0,0.0,0.0,0.0,0.0,0.0,0.0,0.0,0.0,0.0,0.0,0.0,0.0,0.0,0.0,0,1,0,0,1
Bahrain,1142216,0.16666666666666666,1.0,1.0,1.0,1.0,0.8454666666666667,0.3333333333333333,0.3333333333333333,0.5,0.0,0.40625,1.0,0.3333333333333333,0.0,0.0,0.0,0.0,0.0,1.0,1.0,0.0,0.0,0.0,-2,42,2,16,60
Bahrain,1142212,0.0,0.9230769230769231,0.7894736842105262,1.0,0.0,0.9697333333333334,1.0,1.0,1.0,0.0,1.0,0.0,1.0,0.0,0.0,0.0,0.0,0.0,0.8207692307692308,0.0,0.0,0.0,0.0,0,32,2,0,34
Bahrain,1142209,0.16666666666666666,0.46153846153846156,0.5789473684210525,0.5,0.0,0.64,0.3333333333333333,0.3333333333333333,0.25,0.0,0.125,0.0,0.0,0.0,0.0,0.0,0.0,0.0,0.3076923076923077,0.0,0.0,0.0,0.0,-6,10,1,0,11
