teamname,match_id,batting_position,runs,balls,fours,sixes,strike_rate,overs,total_balls,dots,maidens,conceded,fours_conceded,sixes_conceded,wickets,LBW,Bowled,noballs,wides,economy_rate,catches,stumping,direct_hit,indirect_hit,strike_rate_fp,batting_fp,bowling_fp,fielding_fp,total_fp
Kerala,1157194,1.0,0.25,0.6666666666666666,0.0,0.0,0.3750093752343808,1.0,1.0,1.0,0.0,0.75,1.0,0.0,0.3333333333333333,0.0,1.0,0.0,1.0,0.13661202185792298,0.0,0.0,0.0,0.0,0,3,41,0,44
Kerala,1130716,0.5,1.0,1.0,0.0,1.0,1.0,1.0,1.0,0.6666666666666667,0.0,1.0,0.25,1.0,0.3333333333333333,0.0,1.0,0.0,0.0,0.27322404371584685,0.0,0.0,0.0,0.0,0,18,39,0,57
Kerala,1130696,0.0,0.0,0.0,0.0,0.0,0.0,1.0,1.0,1.0,0.0,0.5,0.25,1.0,1.0,0.0,1.0,0.0,0.0,0.0,0.0,0.0,0.0,0.0,0,0,95,0,95
Kerala,1130691,1.0,0.41666666666666663,0.4444444444444444,1.0,0.0,0.9375234380859521,0.0,0.0,0.0,0.0,0.0,0.0,1.0,0.0,0.0,0.0,0.0,0.0,1.0,0.0,0.0,0.0,0.0,0,9,2,0,11
