teamname,match_id,batting_position,runs,balls,fours,sixes,strike_rate,overs,total_balls,dots,maidens,conceded,fours_conceded,sixes_conceded,wickets,LBW,Bowled,noballs,wides,economy_rate,catches,stumping,direct_hit,indirect_hit,strike_rate_fp,batting_fp,bowling_fp,fielding_fp,total_fp
Bengal,1244387,0.3999999999999999,0.047619047619047616,0.05555555555555555,0.0,0.0,0.8571183680466271,1.0,1.0,0.7777777777777777,0.0,1.0,0.75,0.6666666666666666,0.5,1.0,0.0,0.0,1.0,1.0,0.0,0.0,0.0,0.0,0,1,44,0,45
Bengal,1244349,0.19999999999999996,0.0,0.0,0.0,0.0,0.0,0.5,0.5,0.4444444444444444,0.0,0.44,0.75,0.0,0.5,1.0,0.0,0.0,0.0,0.5482352941176472,0.5,0.0,0.0,0.0,0,0,43,8,51
Bengal,1244309,0.3999999999999999,0.0,0.0,0.0,0.0,0.0,1.0,1.0,0.33333333333333326,0.0,0.56,0.0,0.3333333333333333,0.0,0.0,0.0,0.0,0.0,0.3529411764705883,0.0,0.0,0.0,0.0,0,0,11,0,11
Bengal,1205829,0.19999999999999996,1.0,1.0,1.0,0.0,0.9999999999999999,1.0,1.0,0.6666666666666667,0.0,0.44,0.0,0.3333333333333333,0.5,0.0,0.0,0.0,0.0,0.17647058823529416,1.0,0.0,0.0,0.0,0,33,41,16,90
Bengal,1205811,1.0,0.0,0.0,0.0,0.0,0.0,0.0,0.0,0.0,0.0,0.0,0.0,0.0,0.0,0.0,0.0,0.0,0.0,0.0,0.5,0.0,0.0,0.0,0,0,10,8,18
Bengal,1205792,1.0,0.0,0.0,0.0,0.0,0.0,0.0,0.0,0.11111111111111116,0.0,0.03999999999999998,0.0,0.0,1.0,0.0,1.0,0.0,0.0,0.11764705882352944,1.0,0.0,0.0,0.0,0,0,69,16,85
Bengal,1205782,0.3999999999999999,0.3333333333333333,0.3333333333333333,0.3333333333333333,0.0,0.9999999999999999,1.0,1.0,0.33333333333333326,0.0,0.8399999999999999,1.0,0.0,0.5,0.0,0.0,0.0,0.0,0.7647058823529411,0.5,0.0,0.0,0.0,0,11,32,8,51
Bengal,1205756,1.0,0.0,0.0,0.0,0.0,0.0,1.0,1.0,0.4444444444444444,0.0,0.6399999999999999,0.5,0.0,1.0,0.0,0.0,0.0,0.0,0.47058823529411753,0.0,0.0,0.0,0.0,0,0,60,0,60
Bengal,1205746,0.0,0.0,0.0,0.0,0.0,0.0,1.0,1.0,1.0,0.0,0.8799999999999999,0.25,1.0,0.0,0.0,0.0,0.0,1.0,0.8235294117647058,0.0,0.0,0.0,0.0,0,0,13,0,13
