teamname,match_id,batting_position,runs,balls,fours,sixes,strike_rate,overs,total_balls,dots,maidens,conceded,fours_conceded,sixes_conceded,wickets,LBW,Bowled,noballs,wides,economy_rate,catches,stumping,direct_hit,indirect_hit,strike_rate_fp,batting_fp,bowling_fp,fielding_fp,total_fp
Croatia,1390169,0.1111111111111111,1.0,1.0,1.0,1.0,1.0,0.25,0.25,0.23076923076923078,0.0,0.32,0.0,0.5,1.0,0.0,0.0,0.0,0.0,0.47058823529411764,0.0,0.0,0.0,0.0,0,51,28,0,79
Croatia,1390167,0.1111111111111111,0.5185185185185185,0.7142857142857142,1.0,0.0,0.7259080656451739,1.0,1.0,1.0,0.0,1.0,0.25,1.0,1.0,0.0,0.0,0.0,0.0,0.3676470588235294,0.0,0.0,0.0,0.0,0,22,40,0,62
Croatia,1381456,0.0,0.037037037037037035,0.19047619047619047,0.0,0.0,0.19444660496227736,0.25,0.25,0.15384615384615385,0.0,0.68,1.0,0.0,0.0,0.0,0.0,0.0,1.0,1.0,0.0,0.0,0.0,0.0,0,1,2,0,3
Croatia,1381457,0.0,0.07407407407407407,0.19047619047619047,0.0,0.0,0.38889320992455473,0.25,0.25,0.15384615384615385,0.0,0.44,0.5,0.0,0.0,0.0,0.0,0.0,0.0,0.6470588235294118,0.0,0.0,0.0,0.0,0,2,2,0,4
Croatia,1381454,0.0,0.18518518518518517,0.5238095238095237,0.5,0.0,0.35350392782142026,0.5,0.5,0.23076923076923078,0.0,0.96,0.25,1.0,0.0,0.0,0.0,0.0,1.0,0.7058823529411764,0.0,0.0,0.0,0.0,-6,3,-1,0,2
Croatia,1321275,0.888888888888889,0.0,0.0,0.0,0.0,0.0,0.0,0.0,0.0,0.0,0.0,0.0,0.0,0.0,0.0,0.0,0.0,0.0,0.0,0.0,0.0,0.0,0.0,0,0,0,0,0
Croatia,1321272,0.9999999999999999,0.0,0.0,0.0,0.0,0.0,0.0,0.0,0.0,0.0,0.0,0.0,0.0,0.0,0.0,0.0,0.0,0.0,0.0,1.0,0.0,0.0,0.0,0,0,0,8,8
