teamname,match_id,batting_position,runs,balls,fours,sixes,strike_rate,overs,total_balls,dots,maidens,conceded,fours_conceded,sixes_conceded,wickets,LBW,Bowled,noballs,wides,economy_rate,catches,stumping,direct_hit,indirect_hit,strike_rate_fp,batting_fp,bowling_fp,fielding_fp,total_fp
Meghalaya,1280292,0.0,0.9620253164556962,0.807017543859649,1.0,0.3333333333333333,1.0,1.0,1.0,1.0,0.0,1.0,0.0,0.0,0.0,0.0,0.0,0.0,0.0,1.0,0.0,0.0,0.0,0.0,4,156,1,0,157
Meghalaya,1280272,0.0,1.0,0.9999999999999998,0.5384615384615385,1.0,0.41932319764590487,0.0,0.0,0.0,0.0,0.0,0.0,0.0,0.0,0.0,0.0,0.0,0.0,0.0,1.0,0.0,0.0,0.0,2,145,0,8,153
Meghalaya,1280252,0.0,0.0,0.0,0.0,0.3333333333333333,0.0,0.0,0.0,0.0,0.0,0.0,0.0,0.0,0.0,0.0,0.0,0.0,0.0,0.0,0.0,0.0,0.0,0.0,0,12,0,0,12
Meghalaya,1280232,0.0,0.20253164556962022,0.19298245614035087,0.3076923076923077,0.0,0.4291319274153995,0.0,0.0,0.0,0.0,0.0,0.0,0.0,0.0,0.0,0.0,0.0,0.0,0.0,0.0,0.0,0.0,0.0,2,40,0,0,40
Meghalaya,1280216,0.0,0.5822784810126582,0.5789473684210527,0.6153846153846154,0.3333333333333333,0.41294752329573337,0.0,0.0,0.0,0.0,0.0,0.0,0.0,0.0,0.0,0.0,0.0,0.0,0.0,0.0,0.0,0.0,0.0,2,100,0,0,100
