teamname,match_id,batting_position,runs,balls,fours,sixes,strike_rate,overs,total_balls,dots,maidens,conceded,fours_conceded,sixes_conceded,wickets,LBW,Bowled,noballs,wides,economy_rate,catches,stumping,direct_hit,indirect_hit,strike_rate_fp,batting_fp,bowling_fp,fielding_fp,total_fp
Malaysia,1190775,0.0,0.0,0.0,0.0,0.0,0.0,1.0,1.0,1.0,0.0,0.9523809523809523,0.75,0.0,1.0,0.0,0.0,0.0,0.5,0.5263157894736842,1.0,0.0,0.0,0.0,0,0,42,8,50
Malaysia,1190773,1.0,1.0,1.0,1.0,0.0,1.0,0.75,0.75,0.9230769230769231,0.0,0.9047619047619047,0.75,0.0,1.0,0.0,1.0,1.0,1.0,0.6663157894736842,0.0,0.0,0.0,0.0,0,12,47,0,59
Malaysia,1192223,0.0,0.0,0.14285714285714285,0.0,0.0,0.0,0.5,0.5,0.46153846153846156,0.0,0.9047619047619047,1.0,0.0,0.0,0.0,0.0,0.0,0.0,1.0,0.0,0.0,0.0,0.0,0,0,6,0,6
Malaysia,1186492,1.0,0.0,0.0,0.0,0.0,0.0,0.0,0.0,0.0,0.0,0.0,0.0,0.0,0.0,0.0,0.0,0.0,0.0,0.0,0.0,0.0,0.0,0.0,0,0,0,0,0
Malaysia,1186488,0.0,0.0,0.0,0.0,0.0,0.0,0.75,0.75,0.8461538461538463,0.0,1.0,1.0,0.0,0.0,0.0,0.0,0.0,0.5,0.7368421052631579,0.0,0.0,0.0,0.0,0,0,13,0,13
