teamname,match_id,batting_position,runs,balls,fours,sixes,strike_rate,overs,total_balls,dots,maidens,conceded,fours_conceded,sixes_conceded,wickets,LBW,Bowled,noballs,wides,economy_rate,catches,stumping,direct_hit,indirect_hit,strike_rate_fp,batting_fp,bowling_fp,fielding_fp,total_fp
Chandigarh,1446099,0.666666666666667,1.0,1.0,1.0,1.0,1.0,1.0,1.0,0.8181818181818181,0.0,0.4814814814814814,0.75,0.0,1.0,0.0,0.0,0.0,0.5,0.29218573046432617,0.0,0.0,0.0,0.0,0,22,124,0,146
Chandigarh,1280286,0.0,0.0,0.0,0.0,0.0,0.0,1.0,1.0,0.2727272727272727,0.0,0.6666666666666666,1.0,0.0,0.25,0.0,0.0,0.0,0.0,0.4337485843714609,0.0,0.0,0.0,0.0,0,0,33,0,33
Chandigarh,1280269,1.0,0.0,0.0,0.0,0.0,0.0,0.0,0.0,0.0,0.0,0.5555555555555556,1.0,0.0,0.0,0.0,0.0,0.0,0.0,1.0,0.0,0.0,0.0,0.0,0,0,-1,0,-1
Chandigarh,1280249,0.666666666666667,0.0,0.0,0.0,0.0,0.0,0.5,0.5,0.36363636363636365,0.0,0.6296296296296295,0.75,0.3333333333333333,0.0,0.0,0.0,0.0,0.0,0.6409966024915063,0.0,0.0,0.0,0.0,0,0,7,0,7
Chandigarh,1280231,1.0,0.41666666666666663,0.42857142857142855,0.0,0.0,0.972233564720294,0.6665000000000001,0.6666666666666665,1.0,0.0,0.33333333333333326,0.0,0.6666666666666666,0.0,0.0,0.0,0.0,0.5,0.27519818799547,0.0,0.0,0.0,0.0,0,5,18,0,23
Chandigarh,1280211,0.3333333333333335,0.0,0.0,0.0,0.0,0.0,1.0,1.0,0.7272727272727273,0.0,1.0,0.5,1.0,0.0,0.0,0.0,0.0,0.5,0.6885617214043035,0.0,0.0,0.0,0.0,0,0,11,0,11
Chandigarh,1244380,1.0,0.0,0.0,0.0,0.0,0.0,0.5,0.5,0.8181818181818181,0.0,0.0,0.0,0.0,0.0,0.0,0.0,0.0,0.5,0.0,0.0,0.0,0.0,0.0,0,0,18,0,18
Chandigarh,1244360,0.666666666666667,0.0,0.0,0.0,0.0,0.0,0.5,0.5,0.5454545454545455,0.0,0.4814814814814814,0.75,0.0,0.0,0.0,0.0,0.0,1.0,0.49037372593431483,0.0,0.0,0.0,0.0,0,0,11,0,11
