teamname,match_id,batting_position,runs,balls,fours,sixes,strike_rate,overs,total_balls,dots,maidens,conceded,fours_conceded,sixes_conceded,wickets,LBW,Bowled,noballs,wides,economy_rate,catches,stumping,direct_hit,indirect_hit,strike_rate_fp,batting_fp,bowling_fp,fielding_fp,total_fp
Rwanda,1453924,0.5,0.3125,0.25,1.0,0.0,1.0,1.0,1.0,0.6666666666666666,0.0,0.16666666666666663,0.25,0.0,0.5,0.0,1.0,0.0,0.0,0.0625,0.0,0.0,0.0,0.0,0,9,52,0,61
Rwanda,1453931,0.25,1.0,1.0,0.0,1.0,0.8,0.3333333333333333,0.3333333333333333,0.16666666666666666,0.0,0.2777777777777778,0.25,0.5,0.0,0.0,0.0,0.0,1.0,0.45833333333333326,0.0,0.0,0.0,0.0,0,22,4,0,26
Rwanda,1454388,0.0,0.0,0.0,0.0,0.0,0.0,1.0,1.0,1.0,1.0,0.0,0.5,0.0,1.0,1.0,0.0,0.0,0.0,0.0,0.0,0.0,0.0,0.0,0,0,95,0,95
Rwanda,1393320,1.0,0.0625,0.1,0.0,0.0,0.5,0.0,0.0,0.0,0.0,0.16666666666666663,0.0,1.0,0.0,0.0,0.0,0.0,0.0,1.0,0.0,0.0,0.0,1.0,0,1,1,6,8
Rwanda,1393318,0.5,0.0,0.0,0.0,0.0,0.0,0.3333333333333333,0.3333333333333333,0.05555555555555555,0.0,0.9999999999999999,0.75,1.0,0.0,0.0,0.0,0.0,0.0,1.0,1.0,0.0,0.0,0.0,0,0,-4,8,4
Rwanda,1393316,0.75,0.0,0.0,0.0,0.0,0.0,1.0,1.0,0.6666666666666666,0.0,0.5555555555555555,1.0,0.0,1.0,0.0,1.0,0.0,0.0,0.20833333333333331,0.0,0.0,0.0,0.0,0,0,75,0,75
