teamname,match_id,batting_position,runs,balls,fours,sixes,strike_rate,overs,total_balls,dots,maidens,conceded,fours_conceded,sixes_conceded,wickets,LBW,Bowled,noballs,wides,economy_rate,catches,stumping,direct_hit,indirect_hit,strike_rate_fp,batting_fp,bowling_fp,fielding_fp,total_fp
Baroda,1383568,1.0,0.0,0.0,0.0,0.0,0.0,1.0,1.0,0.0,0.0,1.0,1.0,1.0,1.0,0.0,0.0,0.0,0.0,0.9999999999999999,0.0,0.0,0.0,0.0,0,0,31,0,31
Baroda,1383567,0.16666666666666652,0.0,0.0,0.0,0.0,0.0,1.0,1.0,0.16666666666666674,0.0,0.4848484848484848,0.0,0.6666666666666666,1.0,0.0,0.0,0.0,0.0,0.4272237196765498,0.0,0.0,0.0,0.0,0,0,36,0,36
Baroda,1383526,0.0,0.0,0.0,0.0,0.0,0.0,1.0,1.0,0.5,0.0,0.3333333333333333,0.6666666666666666,0.0,0.0,0.0,0.0,0.0,0.0,0.25876010781671155,0.0,0.0,0.0,0.0,0,0,15,0,15
Baroda,1383437,0.6666666666666665,0.0,0.0,0.0,0.0,0.0,0.0,0.0,0.9999999999999998,1.0,0.0,0.6666666666666666,0.0,1.0,0.0,0.0,0.0,0.0,0.0,0.0,0.0,0.0,0.0,0,0,57,0,57
