teamname,match_id,batting_position,runs,balls,fours,sixes,strike_rate,overs,total_balls,dots,maidens,conceded,fours_conceded,sixes_conceded,wickets,LBW,Bowled,noballs,wides,economy_rate,catches,stumping,direct_hit,indirect_hit,strike_rate_fp,batting_fp,bowling_fp,fielding_fp,total_fp
Mexico,1462909,0.0,0.0,0.05,0.0,0.0,0.0,1.0,1.0,1.0,0.0,0.08333333333333337,0.0,0.0,0.75,1.0,0.0,0.0,0.0,0.0,0.0,0.0,0.0,0.0,0,-2,111,0,109
Mexico,1462907,0.5714285714285714,0.18518518518518517,0.2,0.0,0.0,0.4861165124056934,1.0,1.0,0.7058823529411764,0.0,0.9999999999999999,1.0,0.0,0.5,0.0,0.0,0.0,0.0,0.5,0.5,0.0,0.0,0.0,0,5,69,8,82
Mexico,1462903,0.8571428571428572,1.0,0.525,1.0,0.0,1.0,1.0,1.0,0.5882352941176471,0.0,0.7499999999999999,0.5,0.0,0.5,0.0,1.0,0.0,0.0,0.36363636363636365,0.0,0.0,0.0,0.0,0,47,83,0,130
Mexico,1462897,0.7142857142857142,0.0,0.0,0.0,0.0,0.0,1.0,1.0,0.8235294117647058,1.0,0.8333333333333334,1.0,0.0,1.0,0.0,0.5,0.0,0.0,0.40909090909090917,0.5,0.0,0.0,0.0,0,0,149,8,157
Mexico,1462892,0.7142857142857142,0.0,0.05,0.0,0.0,0.0,1.0,1.0,0.7647058823529411,0.0,0.6666666666666666,0.5,0.0,0.25,0.0,0.0,0.0,0.0,0.31818181818181823,1.0,0.0,0.0,0.0,0,-2,45,16,59
Mexico,1462890,1.0,0.9629629629629629,1.0,0.0,1.0,0.5055611729019212,0.0,0.0,0.0,0.0,0.16666666666666663,0.0,0.0,0.0,0.0,0.0,1.0,0.0,1.0,0.0,0.0,1.0,0.0,-2,34,1,12,47
Mexico,1462880,1.0,0.0,0.025,0.0,0.0,0.0,0.22233333333333333,0.22222222222222227,0.1764705882352941,0.0,0.0,0.0,0.0,0.0,0.0,0.0,0.0,0.0,0.2727272727272727,0.5,0.0,0.0,1.0,0,-2,4,14,16
