teamname,match_id,batting_position,runs,balls,fours,sixes,strike_rate,overs,total_balls,dots,maidens,conceded,fours_conceded,sixes_conceded,wickets,LBW,Bowled,noballs,wides,economy_rate,catches,stumping,direct_hit,indirect_hit,strike_rate_fp,batting_fp,bowling_fp,fielding_fp,total_fp
Fiji,1444962,0.0,1.0,1.0,0.0,0.0,1.0,1.0,1.0,1.0,1.0,0.6000000000000001,1.0,0.0,1.0,0.0,1.0,0.0,0.5,0.24999999999999994,0.0,0.0,1.0,0.0,-4,1,121,12,134
Fiji,1444960,0.0,0.0,0.0,0.0,0.0,0.0,1.0,1.0,0.6875,0.0,1.0000000000000002,0.75,1.0,1.0,0.0,1.0,0.0,0.0,0.47222222222222215,1.0,0.0,0.0,0.0,0,0,100,8,108
Fiji,1444958,0.0,0.4,0.4,0.0,0.0,1.0,0.5,0.5,0.5625,0.0,0.35000000000000003,0.5,0.0,0.0,0.0,0.0,1.0,0.5,0.2588888888888889,0.0,0.0,0.0,0.0,0,2,15,0,17
Fiji,1444957,1.0,0.0,0.0,0.0,0.0,0.0,0.5,0.5,0.6875,1.0,0.0,0.0,0.0,0.6666666666666666,0.0,0.0,0.0,1.0,0.0,1.0,0.0,0.0,0.0,0,0,81,8,89
Fiji,1444955,0.0,0.0,0.1,0.0,0.0,0.0,1.0,1.0,0.75,0.0,0.35000000000000003,0.5,0.0,0.3333333333333333,0.0,0.0,0.0,0.0,0.1111111111111111,0.0,0.0,0.0,0.0,0,-2,45,0,43
Fiji,1444953,0.0,0.4,0.6000000000000001,0.0,0.0,0.6666,0.0,0.0,0.0,0.0,0.7500000000000002,0.75,1.0,0.0,0.0,0.0,0.0,0.5,1.0,0.0,0.0,0.0,0.0,0,2,-2,0,0
