teamname,match_id,batting_position,runs,balls,fours,sixes,strike_rate,overs,total_balls,dots,maidens,conceded,fours_conceded,sixes_conceded,wickets,LBW,Bowled,noballs,wides,economy_rate,catches,stumping,direct_hit,indirect_hit,strike_rate_fp,batting_fp,bowling_fp,fielding_fp,total_fp
Czech Republic,1310186,0.666666666666667,0.0,0.0,0.0,0.0,0.0,0.25,0.25,0.2,0.0,0.5405405405405406,0.0,1.0,0.0,0.0,0.0,0.0,0.3333333333333333,1.0,0.0,0.0,0.0,0.0,0,0,2,0,2
Czech Republic,1310182,0.3333333333333335,0.0,0.0,0.0,0.0,0.0,1.0,1.0,1.0,0.0,0.918918918918919,0.0,0.6666666666666666,0.0,0.0,0.0,0.0,1.0,0.42500000000000004,0.0,0.0,0.0,0.0,0,0,10,0,10
Czech Republic,1310180,0.666666666666667,0.5555555555555556,1.0,0.0,0.0,0.5555728396982189,1.0,1.0,0.6000000000000001,0.0,1.0,1.0,0.6666666666666666,0.0,0.0,0.0,0.0,0.0,0.4625,0.0,0.0,0.0,0.0,0,5,6,0,11
Czech Republic,1310176,1.0,0.7777777777777777,0.8571428571428571,1.0,0.0,0.9074434160379561,1.0,1.0,0.9,0.0,0.945945945945946,1.0,0.6666666666666666,1.0,0.0,0.0,0.0,0.6666666666666666,0.4375,1.0,0.0,0.0,0.0,0,11,88,8,107
Czech Republic,1310174,0.666666666666667,0.0,0.0,0.0,0.0,0.0,0.75,0.75,0.7000000000000001,0.0,0.8648648648648649,1.0,0.6666666666666666,0.3333333333333333,0.0,0.0,0.0,1.0,0.5335,0.0,0.0,0.0,0.0,0,0,30,0,30
Czech Republic,1275268,0.3333333333333335,0.6666666666666666,0.7142857142857142,1.0,0.0,0.9333437038189314,0.0,0.0,0.0,0.0,0.0,0.0,0.0,0.0,0.0,0.0,0.0,0.0,0.0,0.0,0.0,0.0,0.0,0,10,0,0,10
Czech Republic,1263711,0.3333333333333335,1.0,1.0,1.0,0.0,1.0,0.0,0.0,0.0,0.0,0.0,0.0,0.0,0.0,0.0,0.0,0.0,0.0,0.0,0.0,0.0,0.0,0.0,0,13,0,0,13
Czech Republic,1263708,0.0,0.0,0.0,0.0,0.0,0.0,0.0,0.0,0.0,0.0,0.0,0.0,0.0,0.0,0.0,0.0,0.0,0.0,0.0,0.0,0.0,0.0,0.0,0,0,0,0,0
