teamname,match_id,batting_position,runs,balls,fours,sixes,strike_rate,overs,total_balls,dots,maidens,conceded,fours_conceded,sixes_conceded,wickets,LBW,Bowled,noballs,wides,economy_rate,catches,stumping,direct_hit,indirect_hit,strike_rate_fp,batting_fp,bowling_fp,fielding_fp,total_fp
Sri Lanka,1451814,1.0,0.0,0.0,0.0,0.0,0.0,1.0,1.0,0.6363636363636364,0.0,0.7254901960784313,1.0,0.0,0.0,0.0,0.0,0.0,1.0,0.6607142857142857,0.0,0.0,0.0,0.0,0,0,7,0,7
Sri Lanka,1442989,0.0,0.1,0.5,0.0,0.0,0.2,0.5,0.5,0.4545454545454546,0.0,0.21568627450980393,0.0,0.0,1.0,0.0,0.0,0.0,0.5,0.39285714285714285,0.0,0.0,0.0,0.0,0,1,34,0,35
Sri Lanka,1442988,1.0,0.0,0.0,0.0,0.0,0.0,0.0,0.0,0.0,0.0,0.0,0.0,0.0,0.0,0.0,0.0,0.0,0.0,0.0,0.0,0.0,0.0,0.0,0,0,0,0,0
Sri Lanka,1442987,0.0,0.0,0.5,0.0,0.0,0.0,1.0,1.0,1.0,0.0,0.9215686274509803,1.0,1.0,1.0,0.0,1.0,0.0,0.5,0.8392857142857142,1.0,0.0,0.0,0.0,0,0,40,8,48
Sri Lanka,1327277,0.0,0.0,0.0,0.0,0.0,0.0,0.5,0.5,0.09090909090909091,0.0,0.5490196078431373,0.4,0.6666666666666666,0.0,0.0,0.0,0.0,0.0,1.0,0.0,0.0,0.0,0.0,0,0,-5,0,-5
Sri Lanka,1327273,0.0,1.0,1.0,1.0,0.0,1.0,1.0,1.0,0.4545454545454546,0.0,1.0,0.8,1.0,1.0,0.0,0.0,0.0,0.0,0.9107142857142857,0.0,0.0,0.0,0.0,0,18,24,0,42
