teamname,match_id,batting_position,runs,balls,fours,sixes,strike_rate,overs,total_balls,dots,maidens,conceded,fours_conceded,sixes_conceded,wickets,LBW,Bowled,noballs,wides,economy_rate,catches,stumping,direct_hit,indirect_hit,strike_rate_fp,batting_fp,bowling_fp,fielding_fp,total_fp
Brazil,1462911,0.8,0.0,0.21052631578947367,0.0,0.0,0.0,0.0,0.0,0.0,0.0,0.0,0.0,0.0,0.0,0.0,0.0,0.0,0.0,0.0,0.0,0.0,0.0,0.0,-6,-4,0,0,-4
Brazil,1462904,1.0000000000000002,0.2608695652173913,0.4736842105263158,0.0,0.0,0.37576099210823,0.0,0.0,0.0,0.0,0.0,0.0,0.0,0.0,0.0,0.0,0.0,0.0,0.0,0.0,0.0,0.0,0.0,-4,4,0,0,4
Brazil,1462900,0.6000000000000001,0.34782608695652173,0.26315789473684215,0.3333333333333333,0.0,0.7994363021420517,0.0,0.0,0.0,0.0,0.0,0.0,0.0,0.0,0.0,0.0,0.0,0.0,0.0,0.0,0.0,0.0,0.0,0,14,0,0,14
Brazil,1462896,0.0,0.6521739130434783,0.7368421052631579,0.6666666666666666,0.0,0.7328072153325818,0.0,0.0,0.0,0.0,0.0,0.0,0.0,0.0,0.0,0.0,0.0,0.0,0.0,0.0,0.0,0.0,0.0,0,25,0,0,25
Brazil,1462894,0.0,0.34782608695652173,0.3157894736842105,0.3333333333333333,0.0,0.7139797068771139,0.0,0.0,0.0,0.0,0.0,0.0,0.0,0.0,0.0,0.0,0.0,0.0,0.0,0.0,0.0,0.0,0.0,0,14,0,0,14
Brazil,1462886,0.0,0.0,0.0,0.0,0.0,0.15028184892897403,0.0,0.0,0.0,0.0,0.0,0.0,0.0,0.0,0.0,0.0,0.0,0.0,0.0,0.0,0.0,0.0,0.0,0,2,0,0,2
Brazil,1462880,0.0,0.43478260869565216,0.9999999999999999,0.6666666666666666,0.0,0.3156708004509583,0.0,0.0,0.0,0.0,0.0,0.0,0.0,0.0,0.0,0.0,0.0,0.0,0.0,0.0,0.0,0.0,0.0,-6,14,0,0,14
Brazil,1462878,0.0,0.47826086956521735,0.9999999999999999,0.0,0.0,0.36076662908680945,0.0,0.0,0.0,0.0,0.0,0.0,0.0,0.0,0.0,0.0,0.0,0.0,0.0,0.0,0.0,0.0,0.0,-4,9,0,0,9
Brazil,1453903,0.0,1.0,0.8947368421052632,1.0,0.0,1.0,0.0,0.0,0.0,0.0,0.0,0.0,0.0,0.0,0.0,0.0,0.0,0.0,0.0,0.0,0.0,0.0,0.0,0,41,0,0,41
