teamname,match_id,batting_position,runs,balls,fours,sixes,strike_rate,overs,total_balls,dots,maidens,conceded,fours_conceded,sixes_conceded,wickets,LBW,Bowled,noballs,wides,economy_rate,catches,stumping,direct_hit,indirect_hit,strike_rate_fp,batting_fp,bowling_fp,fielding_fp,total_fp
Malawi,1163059,0.25,1.0,1.0,0.5,0.0,0.5681666666666667,1.0,1.0,1.0,0.0,0.8125,0.6666666666666666,0.0,0.0,0.0,0.0,0.0,1.0,0.7499999999999999,0.0,0.0,0.0,0.0,-2,17,3,0,20
Malawi,1163062,0.0,0.3333333333333333,0.2272727272727273,0.5,0.0,0.8333333333333334,1.0,1.0,1.0,0.0,0.9375,0.3333333333333333,1.0,0.0,0.0,0.0,0.0,0.0,0.9166666666666666,1.0,0.0,0.0,0.0,0,9,3,8,20
Malawi,1163056,0.25,0.0,0.0,0.0,0.0,0.0,0.0,0.0,0.5,0.0,0.0,0.0,0.0,0.0,0.0,0.0,0.0,0.0,0.0,0.0,0.0,0.0,0.0,0,0,2,0,2
Malawi,1163058,0.25,0.8,0.4545454545454546,1.0,0.0,1.0,0.0,0.0,0.5,0.0,0.3125,0.3333333333333333,0.0,1.0,0.0,1.0,0.0,0.0,0.8333333333333334,0.0,0.0,0.0,0.0,0,20,35,0,55
Malawi,1163052,1.0,0.0,0.0,0.0,0.0,0.0,1.0,1.0,0.0,0.0,1.0,1.0,0.0,0.0,0.0,0.0,0.0,0.0,0.9999999999999999,0.0,0.0,0.0,0.0,0,0,-1,0,-1
