teamname,match_id,batting_position,runs,balls,fours,sixes,strike_rate,overs,total_balls,dots,maidens,conceded,fours_conceded,sixes_conceded,wickets,LBW,Bowled,noballs,wides,economy_rate,catches,stumping,direct_hit,indirect_hit,strike_rate_fp,batting_fp,bowling_fp,fielding_fp,total_fp
Qatar,1399148,1.0,0.0,0.0,0.0,0.0,0.0,0.5,0.5,0.6363636363636364,0.0,0.8181818181818182,0.0,1.0,1.0,0.0,0.0,0.0,1.0,0.8185538881309686,1.0,0.0,0.0,0.0,0,0,33,8,41
Qatar,1399144,0.8333333333333333,0.0,0.0,0.0,0.0,0.0,0.0,0.0,0.0,0.0,0.5454545454545455,1.0,0.3333333333333333,0.0,0.0,0.0,0.0,0.0,1.0,0.0,0.0,0.0,0.0,0,0,-1,0,-1
Qatar,1399142,0.0,0.0,0.0,0.0,0.0,0.0,0.0,0.0,0.36363636363636365,0.0,0.13636363636363635,1.0,0.0,0.0,0.0,0.0,0.0,0.0,0.38608458390177347,0.0,0.0,0.0,0.0,0,0,9,0,9
Qatar,1399138,1.0,0.0,0.0,0.0,0.0,0.0,0.5,0.5,0.5454545454545454,0.0,0.5,0.0,0.3333333333333333,0.0,0.0,0.0,0.0,0.0,0.49931787175989084,1.0,0.0,0.0,0.0,0,0,9,8,17
Qatar,1392812,0.6666666666666667,0.25,1.0,0.0,0.0,0.15000375009375233,1.0,1.0,0.4545454545454545,0.0,0.6818181818181818,1.0,0.0,1.0,0.0,0.0,0.0,0.0,0.4201909959072305,0.0,0.0,0.0,0.0,0,1,35,0,36
Qatar,1392808,0.33333333333333326,0.0,0.0,0.0,0.0,0.0,1.0,1.0,0.8181818181818182,0.0,1.0,1.0,0.6666666666666666,1.0,1.0,0.0,0.0,1.0,0.6589358799454297,0.0,0.0,0.0,0.0,0,0,43,0,43
Qatar,1392803,0.6666666666666667,1.0,0.6000000000000001,0.0,0.0,1.0,0.5,0.5,0.9999999999999999,0.0,0.0,0.0,0.0,1.0,0.0,0.0,0.0,1.0,0.0,0.0,0.0,0.0,0.0,0,4,43,0,47
