teamname,match_id,batting_position,runs,balls,fours,sixes,strike_rate,overs,total_balls,dots,maidens,conceded,fours_conceded,sixes_conceded,wickets,LBW,Bowled,noballs,wides,economy_rate,catches,stumping,direct_hit,indirect_hit,strike_rate_fp,batting_fp,bowling_fp,fielding_fp,total_fp
Gujarat,1333040,0.4285714285714286,0.08888888888888889,0.09615384615384616,0.0,0.0,0.604869197036141,0.0,0.0,0.0,0.0,0.0,0.0,0.0,0.0,0.0,0.0,0.0,0.0,0.0,1.0,0.0,1.0,0.3333333333333333,0,4,0,26,30
Gujarat,1333022,0.1428571428571428,0.22222222222222224,0.38461538461538464,0.0,0.0,0.3780432481475881,0.0,0.0,0.0,0.0,0.0,0.0,0.0,0.0,0.0,0.0,0.0,0.0,0.0,1.0,0.0,0.0,0.0,-4,6,0,8,14
Gujarat,1332986,0.0,0.044444444444444446,0.09615384615384616,0.0,0.0,0.3024345985180705,0.0,0.0,0.0,0.0,0.0,0.0,0.0,0.0,0.0,0.0,0.0,0.0,0.0,0.0,1.0,0.0,0.0,0,2,0,24,26
Gujarat,1332968,0.0,0.5333333333333333,0.5192307692307693,0.2,1.0,0.6720852865567821,0.0,0.0,0.0,0.0,0.0,0.0,0.0,0.0,0.0,0.0,0.0,0.0,0.0,0.0,0.0,1.0,1.0,0,34,0,30,64
Gujarat,1280299,0.0,0.5555555555555556,0.46153846153846156,0.6000000000000001,0.0,0.7876153031906851,0.0,0.0,0.0,0.0,0.0,0.0,0.0,0.0,0.0,0.0,0.0,0.0,0.0,0.0,0.0,0.0,0.0,0,41,0,0,41
Gujarat,1280283,0.0,1.0,1.0,1.0,0.0,0.6543172538938455,0.0,0.0,0.0,0.0,0.0,0.0,0.0,0.0,0.0,0.0,0.0,0.0,0.0,1.0,0.5,0.0,0.0,0,69,0,20,89
Gujarat,1280247,0.0,0.9111111111111111,0.5961538461538461,0.8,1.0,1.0,0.0,0.0,0.0,0.0,0.0,0.0,0.0,0.0,0.0,0.0,0.0,0.0,0.0,1.0,0.0,0.0,0.0,2,69,0,8,77
Gujarat,1280227,0.0,0.044444444444444446,0.057692307692307696,0.0,0.0,0.504082867079994,0.0,0.0,0.0,0.0,0.0,0.0,0.0,0.0,0.0,0.0,0.0,0.0,0.0,0.0,0.0,0.0,0.0,0,2,0,0,2
Gujarat,1280209,1.0,0.0,0.0,0.0,0.0,0.0,0.0,0.0,0.0,0.0,0.0,0.0,0.0,0.0,0.0,0.0,0.0,0.0,0.0,0.0,0.0,0.0,0.0,0,0,0,0,0
