teamname,match_id,batting_position,runs,balls,fours,sixes,strike_rate,overs,total_balls,dots,maidens,conceded,fours_conceded,sixes_conceded,wickets,LBW,Bowled,noballs,wides,economy_rate,catches,stumping,direct_hit,indirect_hit,strike_rate_fp,batting_fp,bowling_fp,fielding_fp,total_fp
Czech Republic,1443788,1.0,1.0,1.0,0.0,0.0,1.0,0.625,0.625,0.4,0.0,0.36734693877551017,0.6666666666666666,0.0,0.0,0.0,0.0,0.0,0.0,0.5877551020408163,0.0,0.0,0.0,0.0,0,3,6,0,9
Czech Republic,1443784,0.0,0.0,0.0,0.0,0.0,0.0,0.25,0.25,0.4,1.0,0.0,0.0,0.0,0.0,0.0,0.0,0.0,0.0,0.0,1.0,0.0,0.0,0.0,0,0,18,8,26
Czech Republic,1443779,0.5,0.0,0.0,0.0,0.0,0.0,0.0,0.0,0.0,0.0,0.0,0.0,0.0,0.0,0.0,0.0,0.0,0.0,0.0,0.0,0.0,0.0,0.0,0,0,0,0,0
Czech Republic,1443773,0.0,0.0,0.0,0.0,0.0,0.0,1.0,1.0,0.7333333333333333,0.0,0.6122448979591836,1.0,0.3333333333333333,0.75,0.0,0.0,0.5,0.0,0.6122448979591836,0.0,0.0,0.0,0.0,0,0,90,0,90
Czech Republic,1443768,0.0,0.0,0.2,0.0,0.0,0.0,1.0,1.0,0.4666666666666667,0.0,0.9999999999999999,1.0,1.0,0.5,1.0,0.0,1.0,1.0,0.9999999999999999,0.0,0.0,0.0,0.0,0,-2,59,0,57
Czech Republic,1380587,0.5,0.0,0.0,0.0,0.0,0.0,1.0,1.0,0.7333333333333333,0.0,0.3877551020408163,0.6666666666666666,0.0,1.0,0.0,1.0,1.0,0.0,0.3877551020408163,0.0,0.0,0.0,0.0,0,0,133,0,133
Czech Republic,1321301,1.0,0.0,0.0,0.0,0.0,0.0,0.75,0.75,0.6,0.0,0.3877551020408163,0.0,0.3333333333333333,0.25,0.0,1.0,0.5,1.0,0.516734693877551,0.0,0.0,0.0,0.0,0,0,44,0,44
Czech Republic,1321298,1.0,0.0,0.0,0.0,0.0,0.0,0.75,0.75,0.4,0.0,0.6938775510204082,1.0,0.3333333333333333,0.5,0.0,0.0,0.5,0.3333333333333333,0.9248979591836733,0.0,0.0,0.0,0.0,0,0,52,0,52
Czech Republic,1321295,1.0,0.0,0.0,0.0,0.0,0.0,1.0,1.0,1.0,0.0,0.3877551020408163,1.0,0.0,0.5,0.0,0.0,0.0,0.6666666666666666,0.3877551020408163,1.0,0.0,0.0,0.0,0,0,71,8,79
