teamname,match_id,batting_position,runs,balls,fours,sixes,strike_rate,overs,total_balls,dots,maidens,conceded,fours_conceded,sixes_conceded,wickets,LBW,Bowled,noballs,wides,economy_rate,catches,stumping,direct_hit,indirect_hit,strike_rate_fp,batting_fp,bowling_fp,fielding_fp,total_fp
New Zealand,1272097,0.0,0.0,0.0,0.0,0.0,0.0,1.0,1.0,0.875,0.0,0.7,0.6666666666666666,1.0,0.5,1.0,0.0,0.0,0.0,0.4827586206896552,0.0,0.0,0.0,0.0,0,0,77,0,77
New Zealand,1272096,0.0,1.0,1.0,0.0,0.0,1.0,1.0,1.0,1.0,0.0,0.09999999999999998,0.0,0.0,0.5,0.0,1.0,0.0,1.0,0.06896551724137934,0.0,0.0,0.0,0.0,0,4,81,0,85
New Zealand,1272095,0.5,0.0,0.0,0.0,0.0,0.0,1.0,1.0,1.0,0.0,0.45,0.6666666666666666,0.0,1.0,0.0,1.0,0.0,1.0,0.3103448275862069,0.0,0.0,0.0,0.0,0,0,139,0,139
New Zealand,1272094,0.0,0.0,0.0,0.0,0.0,0.0,1.0,1.0,0.6875,0.0,0.6499999999999999,0.6666666666666666,0.0,0.25,0.0,0.0,0.0,1.0,0.4482758620689656,0.0,0.0,0.0,0.0,0,0,41,0,41
New Zealand,1272093,0.0,0.75,0.75,0.0,0.0,1.0,1.0,1.0,1.0,0.0,0.0,0.0,0.0,0.25,0.0,0.0,0.0,0.0,0.0,0.0,0.0,0.0,0.0,0,3,48,0,51
New Zealand,1157376,1.0,0.0,0.0,0.0,0.0,0.0,0.0,0.0,0.0,0.0,0.55,0.6666666666666666,0.0,0.0,0.0,0.0,0.0,1.0,1.0,0.0,0.0,0.0,0.0,0,0,1,0,1
New Zealand,1157375,1.0,0.0,0.0,0.0,0.0,0.0,1.0,1.0,0.625,0.0,1.0,1.0,1.0,0.25,0.0,0.0,0.0,0.0,0.6896551724137931,0.0,0.0,0.0,0.0,0,0,38,0,38
