teamname,match_id,batting_position,runs,balls,fours,sixes,strike_rate,overs,total_balls,dots,maidens,conceded,fours_conceded,sixes_conceded,wickets,LBW,Bowled,noballs,wides,economy_rate,catches,stumping,direct_hit,indirect_hit,strike_rate_fp,batting_fp,bowling_fp,fielding_fp,total_fp
Derbyshire,1250257,0.5,1.0,0.30000000000000004,0.0,1.0,0.9999999999999999,1.0,1.0,0.36363636363636365,0.0,0.7727272727272728,0.8,0.0,0.5,0.0,0.0,0.0,1.0,0.5151515151515151,0.0,0.0,0.0,0.0,0,13,28,0,41
Derbyshire,1250251,1.0,0.0,0.0,0.0,0.0,0.0,0.0,0.0,0.2727272727272727,0.0,0.0,0.0,0.0,0.5,0.0,0.0,0.0,0.0,0.030303030303030276,0.0,0.0,0.0,0.0,0,0,29,0,29
Derbyshire,1250237,1.0,0.0,0.0,0.0,0.0,0.0,0.0,0.0,0.1818181818181818,0.0,0.0681818181818182,0.2,0.0,0.0,0.0,0.0,0.0,0.0,0.3939393939393938,0.0,0.0,0.0,0.0,0,0,3,0,3
Derbyshire,1207770,0.5,1.0,0.5,1.0,0.0,0.600008571551022,0.0,0.0,0.0,0.0,0.11363636363636365,0.2,0.0,0.0,0.0,0.0,0.0,0.0,0.6363636363636365,0.0,0.0,0.0,0.0,0,11,1,0,12
Derbyshire,1207761,0.5,0.0,0.0,0.0,0.0,0.0,1.0,1.0,0.9999999999999999,0.0,0.38636363636363635,0.0,0.0,1.0,0.0,0.0,1.0,0.5,0.0,0.0,0.0,0.0,0.0,0,0,66,0,66
Derbyshire,1207755,0.5,0.0,0.0,0.0,0.0,0.0,0.3333333333333333,0.3333333333333333,0.1818181818181818,0.0,0.5,1.0000000000000002,0.0,0.5,0.0,1.0,0.0,0.0,1.0,0.0,0.0,0.0,0.0,0,0,30,0,30
Derbyshire,1207749,0.0,0.0,0.0,0.0,0.0,0.0,1.0,1.0,0.2727272727272727,0.0,1.0,0.8,1.0,0.0,0.0,0.0,1.0,0.0,0.8181818181818181,0.0,0.0,0.0,0.0,0,0,-2,0,-2
Derbyshire,1207714,0.5,1.0,1.0,0.0,0.0,0.300004285775511,0.3333333333333333,0.3333333333333333,0.1818181818181818,0.0,0.40909090909090906,0.4000000000000001,0.5,0.0,0.0,0.0,0.0,0.0,0.7575757575757576,0.0,0.0,0.0,0.0,-2,5,-1,0,4
