teamname,match_id,batting_position,runs,balls,fours,sixes,strike_rate,overs,total_balls,dots,maidens,conceded,fours_conceded,sixes_conceded,wickets,LBW,Bowled,noballs,wides,economy_rate,catches,stumping,direct_hit,indirect_hit,strike_rate_fp,batting_fp,bowling_fp,fielding_fp,total_fp
Norway,1321304,0.0,0.09090909090909091,0.3571428571428571,0.0,0.0,0.21817983472877517,0.3333333333333333,0.3333333333333333,0.25,0.0,0.5357142857142857,0.6666666666666666,1.0,0.0,0.0,0.0,0.0,0.0,1.0,0.0,0.0,0.0,0.0,0,4,2,0,6
Norway,1321293,1.0,1.0,1.0,1.0,1.0,0.8571467532113344,0.0,0.0,0.0,0.0,0.0,0.0,0.0,0.0,0.0,0.0,0.0,0.0,0.0,0.0,0.0,0.0,0.0,6,94,0,0,94
Norway,1321292,0.5,0.5909090909090909,0.7857142857142857,1.0,0.5,0.6446123217061663,0.6666666666666666,0.6666666666666666,0.625,0.0,0.46428571428571425,0.0,1.0,1.0,0.0,1.0,0.0,0.0,0.43333333333333335,0.0,0.0,0.0,0.0,6,58,65,0,123
Norway,1321282,0.0,0.0,0.0,0.0,0.0,0.0,0.0,0.0,0.0,0.0,0.0,0.0,0.0,0.0,0.0,0.0,0.0,0.0,0.0,0.5,0.0,0.0,0.0,0,0,0,8,8
Norway,1271450,0.0,0.75,0.6428571428571428,1.0,0.6666666666666666,1.0,1.0,1.0,0.625,0.0,0.7857142857142857,0.6666666666666666,0.0,0.5,0.0,0.0,0.0,0.0,0.48866666666666664,0.0,0.0,0.0,0.0,0,65,30,0,95
Norway,1271451,0.5,0.3181818181818182,0.7857142857142857,1.0,0.16666666666666666,0.3470968445741402,0.6666666666666666,0.6666666666666666,0.5,0.0,0.5714285714285714,0.3333333333333333,1.0,0.5,0.0,0.0,0.0,0.0,0.5333333333333333,0.5,0.0,0.0,0.0,0,24,29,8,61
Norway,1271449,0.5,0.045454545454545456,0.2857142857142857,0.0,0.0,0.13636239670548447,1.0,1.0,1.0,0.0,1.0,1.0,1.0,0.5,0.0,1.0,0.0,1.0,0.622,0.0,0.0,0.0,0.0,0,2,41,0,43
Norway,1271445,1.0,0.0,0.21428571428571427,0.0,0.0,0.0,0.0,0.0,0.0,0.0,0.0,0.0,0.0,0.0,0.0,0.0,0.0,0.0,0.0,1.0,0.0,0.0,0.0,0,-2,0,16,14
