teamname,match_id,batting_position,runs,balls,fours,sixes,strike_rate,overs,total_balls,dots,maidens,conceded,fours_conceded,sixes_conceded,wickets,LBW,Bowled,noballs,wides,economy_rate,catches,stumping,direct_hit,indirect_hit,strike_rate_fp,batting_fp,bowling_fp,fielding_fp,total_fp
Croatia,1439833,0.0,0.19444444444444448,0.20588235294117646,0.25,0.0,0.46150650789255065,0.0,0.0,0.2222222222222222,0.0,0.833333333333333,0.0,1.0,0.0,0.0,0.0,0.0,1.0,0.8637602179836512,1.0,0.0,0.0,0.0,0,14,6,8,28
Croatia,1439831,0.0,0.9999999999999999,1.0,1.0,0.0,0.4230130157851011,0.0,0.0,0.0,0.0,1.0,1.0,0.0,0.0,0.0,0.0,0.0,0.5,1.0,1.0,0.0,0.0,0.0,0,59,4,8,71
Croatia,1439823,1.0,0.11111111111111109,0.20588235294117646,0.0,0.0,0.0,1.0,1.0,1.0,0.0,0.6666666666666665,0.0,1.0,0.0,0.0,0.0,0.0,1.0,0.0,1.0,0.0,0.0,0.0,0,7,17,8,32
Croatia,1439818,0.0,0.0,0.0,0.0,0.0,1.0000000000000002,0.0,0.0,0.2222222222222222,0.0,0.0,1.0,0.0,1.0,0.0,0.0,0.0,0.0,0.18256130790190728,0.0,0.0,0.0,0.0,0,3,33,0,36
