match_id,batting_position,runs,balls,fours,sixes,strike_rate,overs,total_balls,dots,maidens,conceded,fours_conceded,sixes_conceded,wickets,LBW,Bowled,noballs,wides,economy_rate,catches,stumping,direct_hit,indirect_hit,strike_rate_fp,batting_fp,bowling_fp,fielding_fp,total_fp
1444963,0.6666666666666665,0.0,0.0,0.0,0.0,0.0,1.0,1.0,1.0,0.0,0.6666666666666666,1.0,0.0,1.0,0.0,0.0,0.0,0.0,0.0,0.0,0.0,0.0,0.0,0,0,63,0,63
1444961,1.0,0.0,0.0,0.0,0.0,0.0,0.0,0.0,0.0,0.0,0.2666666666666667,0.0,1.0,0.0,0.0,0.0,0.0,0.0,0.9999999999999999,0.0,0.0,0.0,0.0,0,0,0,0,0
1444958,0.33333333333333304,0.0,0.0,0.0,0.0,0.0,0.6666666666666667,0.6666666666666667,0.7777777777777777,0.0,0.5333333333333333,1.0,0.0,0.0,0.0,0.0,0.0,0.5,0.11076923076923073,1.0,0.0,0.0,0.0,0,0,9,8,17
1444956,0.33333333333333304,1.0,1.0,0.0,0.0,1.0,0.6666666666666667,0.6666666666666667,0.4444444444444444,0.0,1.0,1.0,0.5,0.5,0.0,0.0,0.0,0.0,0.3507692307692307,0.0,0.0,0.0,0.0,0,3,29,0,32
1444954,0.0,0.0,1.0,0.0,0.0,0.0,0.3333333333333333,0.3333333333333333,0.5555555555555556,0.0,0.6,0.0,1.0,0.0,0.0,0.0,0.0,1.0,0.4871794871794871,1.0,0.0,0.0,0.0,0,-2,3,8,9
1444953,0.33333333333333304,0.0,0.0,0.0,0.0,0.0,0.3333333333333333,0.3333333333333333,0.8888888888888888,0.0,0.0,0.0,0.5,0.5,0.0,0.0,0.0,0.5,0.02564102564102566,0.0,0.0,0.0,0.0,0,0,37,0,37
