match_id,batting_position,runs,balls,fours,sixes,strike_rate,overs,total_balls,dots,maidens,conceded,fours_conceded,sixes_conceded,wickets,LBW,Bowled,noballs,wides,economy_rate,catches,stumping,direct_hit,indirect_hit,strike_rate_fp,batting_fp,bowling_fp,fielding_fp,total_fp
1359800,0.9999999999999999,0.33333333333333326,0.5833333333333333,0.0,0.0,0.3662693330706335,0.0,0.0,0.0,0.0,0.0,0.0,0.0,0.0,0.0,0.0,0.0,0.0,0.0,0.0,0.0,0.0,0.0,-4,3,0,0,3
1359798,0.0,0.0,0.0,0.0,0.0,0.0,1.0,1.0,0.6153846153846154,0.0,1.0,0.0,0.0,0.0,0.0,0.0,1.0,1.0,0.8251833740831296,0.0,0.0,0.0,0.0,0,1,10,0,11
1359788,0.0,0.1111111111111111,0.0,0.0,0.0,0.3283420352674613,0.45825,0.4583333333333333,0.38461538461538464,0.0,0.5555555555555556,0.5,1.0,1.0,0.0,0.0,0.0,0.0,1.0,0.0,0.0,0.0,0.0,0,3,55,0,58
1359792,0.0,1.0,1.0,1.0,1.0,0.8756772731750566,1.0,1.0,1.0,0.0,0.6666666666666666,1.0,0.0,0.5,0.0,0.0,0.0,0.5,0.5501222493887531,0.0,0.0,0.0,0.0,0,37,44,0,81
460058,0.33333333333333337,0.6666666666666666,0.41666666666666663,0.3333333333333333,1.0,1.0,0.75,0.75,0.5384615384615385,0.0,0.5185185185185185,0.0,0.0,0.5,0.0,0.0,0.0,0.0,0.5709046454767727,0.0,0.0,0.0,0.0,0,23,38,0,61
