match_id,batting_position,runs,balls,fours,sixes,strike_rate,overs,total_balls,dots,maidens,conceded,fours_conceded,sixes_conceded,wickets,LBW,Bowled,noballs,wides,economy_rate,catches,stumping,direct_hit,indirect_hit,strike_rate_fp,batting_fp,bowling_fp,fielding_fp,total_fp
1444789,0.9999999999999998,0.0,0.0,0.0,0.0,0.0,0.0,0.0,0.0,0.0,0.0,0.0,0.0,0.0,0.0,0.0,0.0,0.0,0.0,0.0,0.0,0.0,0.0,0,-2,0,0,-2
1444786,0.0,0.4,0.5714285714285714,0.0,0.0,0.5128,0.0,0.0,0.0,0.0,0.0,0.0,0.0,0.0,0.0,0.0,0.0,0.0,0.0,0.0,0.0,0.0,0.0,0,10,0,0,10
1444773,0.0,0.32,0.5714285714285714,0.0,0.0,0.41026666666666667,0.0,0.0,0.0,0.0,0.0,0.0,0.0,0.0,0.0,0.0,0.0,0.0,0.0,1.0,0.0,0.0,0.0,-2,6,0,8,14
1444766,0.0,0.84,0.6190476190476191,1.0,0.0,1.0,0.0,0.0,0.0,0.0,0.0,0.0,0.0,0.0,0.0,0.0,0.0,0.0,0.0,0.0,0.0,0.0,0.0,0,37,0,0,37
1299625,0.0,0.2,0.2857142857142857,0.0,0.0,0.47620000000000007,0.6666666666666666,0.6666666666666666,0.8,0.0,0.4444444444444444,0.5,0.0,0.0,0.0,0.0,0.0,0.0,0.5,0.0,0.0,0.0,0.0,0,5,6,0,11
1299605,0.6666666666666667,0.04,0.14285714285714285,0.0,0.0,0.16666666666666669,1.0,1.0,1.0,0.0,1.0,0.5,1.0,1.0,0.0,0.0,1.0,0.0,0.75,0.0,0.0,0.0,0.0,0,1,30,0,31
1003875,0.33333333333333326,0.48,0.6666666666666665,0.25,0.0,0.5333333333333333,0.0,0.0,0.0,0.0,0.0,0.0,0.0,0.0,0.0,0.0,0.0,0.0,0.0,0.0,0.0,0.0,0.0,0,16,0,0,16
1003867,0.0,0.2,0.38095238095238093,0.25,0.0,0.37040000000000006,0.3333333333333333,0.3333333333333333,0.0,0.0,0.4444444444444444,1.0,0.0,0.0,0.0,0.0,0.0,0.0,1.0,0.0,0.0,0.0,0.0,0,9,0,0,9
1003859,0.6666666666666667,1.0,0.9999999999999998,0.5,0.0,0.7576,0.6666666666666666,0.6666666666666666,0.8,0.0,0.6296296296296295,0.5,0.5,0.0,0.0,0.0,0.0,1.0,0.7083333333333333,0.0,0.0,0.0,0.0,0,37,4,0,41
