match_id,batting_position,runs,balls,fours,sixes,strike_rate,overs,total_balls,dots,maidens,conceded,fours_conceded,sixes_conceded,wickets,LBW,Bowled,noballs,wides,economy_rate,catches,stumping,direct_hit,indirect_hit,strike_rate_fp,batting_fp,bowling_fp,fielding_fp,total_fp
1273146,0.0,0.33333333333333326,0.44444444444444436,0.0,0.0,0.3428800000000001,0.0,0.0,0.375,0.0,1.0,1.0,0.5,0.3333333333333333,0.0,0.0,0.0,0.3333333333333333,1.0,0.0,0.0,0.0,0.0,0,5,29,0,34
1273147,0.0,0.5,1.0,0.0,0.0,0.0,0.0,0.0,0.0,0.0,0.8888888888888888,0.3333333333333333,0.5,0.0,0.0,0.0,0.0,0.0,0.8883333333333332,1.0,0.0,0.0,0.0,-4,2,1,8,11
1273134,0.0,1.0,0.5555555555555556,0.0,1.0,1.0,1.0,1.0,1.0,1.0,0.6111111111111112,0.0,1.0,1.0,1.0,0.0,1.0,0.0,0.5366666666666666,0.0,0.0,0.0,0.0,0,15,110,0,125
1273133,1.0,0.0,0.0,0.0,0.0,0.8,0.0,0.0,1.0,0.0,0.0,0.0,0.0,0.6666666666666666,0.0,0.0,0.0,1.0,0.0,0.0,0.0,0.0,0.0,0,3,67,0,70
