match_id,batting_position,runs,balls,fours,sixes,strike_rate,overs,total_balls,dots,maidens,conceded,fours_conceded,sixes_conceded,wickets,LBW,Bowled,noballs,wides,economy_rate,catches,stumping,direct_hit,indirect_hit,strike_rate_fp,batting_fp,bowling_fp,fielding_fp,total_fp
1444962,1.0,0.0,0.0,0.0,0.0,0.0,0.3333333333333333,0.3333333333333333,0.25,0.0,0.35000000000000003,0.6666666666666666,0.0,0.0,0.0,0.0,0.0,0.0,0.3571428571428571,0.0,0.0,0.0,0.0,0,0,3,0,3
1444960,0.5,0.0,0.0,0.0,0.0,0.0,0.3333333333333333,0.3333333333333333,0.25,0.0,0.7000000000000002,0.6666666666666666,0.5,0.0,0.0,0.0,0.0,0.0,0.6071428571428571,0.0,0.0,0.0,0.0,0,0,-1,0,-1
1444958,0.0,0.1111111111111111,0.38461538461538464,0.0,0.0,0.23529411764705882,0.0,0.0,0.0,0.0,0.4000000000000001,0.0,1.0,0.0,0.0,0.0,0.0,0.0,0.9999999999999999,1.0,0.0,0.0,0.0,0,2,0,8,10
1444957,0.33333333333333326,0.9444444444444444,0.7692307692307693,1.0,1.0,1.0,0.6666666666666667,0.6666666666666667,1.0,0.0,0.0,0.3333333333333333,0.0,0.0,0.0,0.0,0.0,0.0,0.0,1.0,0.0,0.0,0.0,4,31,18,8,57
1333928,0.5,0.3333333333333333,0.6923076923076923,0.0,0.0,0.3921764705882353,0.6666666666666667,0.6666666666666667,1.0,0.0,0.35000000000000003,0.3333333333333333,0.5,1.0,0.0,0.0,0.0,0.0,0.1664285714285714,1.0,0.0,0.0,0.0,0,6,66,8,80
1333927,0.33333333333333326,0.0,0.07692307692307693,0.0,0.0,0.0,0.6666666666666667,0.6666666666666667,0.3333333333333333,0.0,1.0000000000000002,0.6666666666666666,0.5,0.0,0.0,0.0,0.0,0.0,0.4764285714285714,0.0,0.0,0.0,0.0,0,-2,4,0,2
1333925,0.8333333333333333,1.0,1.0,1.0,1.0,0.8144705882352942,1.0,1.0,0.75,0.0,0.9000000000000001,1.0,0.0,0.0,0.0,0.0,0.0,0.0,0.2678571428571428,0.0,0.0,0.0,0.0,2,30,11,0,41
1333923,0.6666666666666667,0.0,0.0,0.0,0.0,0.0,0.3333333333333333,0.3333333333333333,0.5,0.0,0.3,0.3333333333333333,0.5,0.5,0.0,0.0,0.0,0.0,0.3214285714285714,0.0,0.0,0.0,0.0,0,0,31,0,31
1333920,1.0,0.0,0.0,0.0,0.0,0.0,0.6666666666666667,0.6666666666666667,0.41666666666666663,0.0,0.35000000000000003,0.0,0.0,1.0,0.0,1.0,0.0,0.0,0.1664285714285714,0.0,0.0,0.0,0.0,0,0,75,0,75
