match_id,batting_position,runs,balls,fours,sixes,strike_rate,overs,total_balls,dots,maidens,conceded,fours_conceded,sixes_conceded,wickets,LBW,Bowled,noballs,wides,economy_rate,catches,stumping,direct_hit,indirect_hit,strike_rate_fp,batting_fp,bowling_fp,fielding_fp,total_fp
1166892,1.0,0.0,0.0,0.0,0.0,0.0,0.5,0.5,0.3529411764705882,0.0,1.0,0.5,0.0,0.0,0.0,0.0,1.0,0.4,0.5714285714285714,0.0,0.0,0.0,0.0,0,0,10,0,10
1166890,1.0,1.0,1.0,0.0,0.0,1.0,1.0,1.0,1.0,1.0,0.6666666666666665,0.5,1.0,1.0,1.0,1.0,0.0,0.0,0.2142857142857143,0.0,0.0,0.0,0.0,0,4,140,0,144
1166887,1.0,0.0,0.0,0.0,0.0,0.0,0.0,0.0,0.2352941176470588,0.0,0.33333333333333326,0.0,0.0,0.0,0.0,0.0,0.0,0.2,0.4285714285714285,1.0,0.0,0.0,0.0,0,0,10,8,18
1166881,0.5,0.0,0.0,0.0,0.0,0.0,0.0,0.0,0.0,0.0,1.0,1.0,0.0,0.0,0.0,0.0,0.0,0.2,0.9999999999999999,0.0,0.0,0.0,0.0,0,0,2,0,2
1159091,0.0,0.0,0.0,0.0,0.0,0.0,0.5,0.5,0.8235294117647058,1.0,0.0,0.5,0.0,0.3333333333333333,0.0,0.0,0.0,0.2,0.0,0.0,0.0,0.0,0.0,0,0,59,0,59
1159089,0.5,0.0,0.0,0.0,0.0,0.0,0.0,0.0,0.17647058823529413,0.0,0.6666666666666665,0.5,0.0,0.0,0.0,0.0,0.0,1.0,0.7142857142857143,1.0,0.0,0.0,0.0,0,0,7,8,15
