match_id,batting_position,runs,balls,fours,sixes,strike_rate,overs,total_balls,dots,maidens,conceded,fours_conceded,sixes_conceded,wickets,LBW,Bowled,noballs,wides,economy_rate,catches,stumping,direct_hit,indirect_hit,strike_rate_fp,batting_fp,bowling_fp,fielding_fp,total_fp
1426309,0.8,0.6363636363636364,0.5,0.0,0.0,1.0,0.0,0.0,0.0,0.0,0.32142857142857145,0.0,0.6666666666666666,0.0,0.0,0.0,0.0,0.0,1.0,1.0,0.0,0.0,0.0,0,7,-1,16,22
1426307,1.0000000000000002,0.0,0.0,0.0,0.0,0.0,1.0,1.0,0.6000000000000001,0.0,0.8571428571428572,0.4,1.0,0.5,0.0,0.0,0.0,0.0,0.7376311844077961,0.0,0.0,0.0,0.0,0,0,32,0,32
1426295,1.0000000000000002,0.0,0.0,0.0,0.0,0.0,1.0,1.0,0.7000000000000001,0.0,0.49999999999999994,0.4,0.3333333333333333,0.0,0.0,0.0,0.0,0.0,0.3628185907046477,0.0,0.0,0.0,0.0,0,0,10,0,10
1351091,0.3999999999999999,1.0,1.0,1.0,0.0,0.7857142857142857,0.5,0.5,1.0,0.0,0.35714285714285715,1.0,0.0,0.0,0.0,0.0,0.0,0.0,0.5007496251874064,0.0,0.0,0.0,0.0,0,15,11,0,26
1351079,0.3999999999999999,0.0,0.0,0.0,0.0,0.0,1.0,1.0,0.6000000000000001,0.0,0.49999999999999994,0.6000000000000001,0.0,1.0,0.0,0.0,0.0,0.0,0.3628185907046477,0.5,0.0,0.0,0.0,0,0,59,8,67
1351077,0.19999999999999996,0.0,0.0,0.0,0.0,0.0,0.5,0.5,0.6000000000000001,0.0,0.0,0.0,0.0,0.0,0.0,0.0,0.0,0.0,0.0,0.0,0.0,0.0,0.0,0,0,13,0,13
1351072,0.0,0.5454545454545454,1.0,0.0,0.0,0.42857142857142855,1.0,1.0,0.7000000000000001,0.0,1.0,0.4,1.0,0.5,0.0,0.0,1.0,1.0,0.8875562218890556,0.0,0.0,0.0,0.0,-2,4,31,0,35
1351060,0.19999999999999996,0.0,0.0,0.0,0.0,0.0,1.0,1.0,0.7000000000000001,0.0,0.5714285714285714,0.2,0.6666666666666666,0.5,0.0,0.0,0.0,0.0,0.43778110944527726,0.0,0.0,0.0,0.0,0,0,33,0,33
1351057,0.0,0.0,0.0,0.0,0.0,0.0,0.5,0.5,0.7000000000000001,0.0,0.5714285714285714,0.6000000000000001,0.6666666666666666,0.5,0.0,1.0,0.0,0.0,0.800599700149925,0.0,0.0,0.0,0.0,0,0,41,0,41
