match_id,batting_position,runs,balls,fours,sixes,strike_rate,overs,total_balls,dots,maidens,conceded,fours_conceded,sixes_conceded,wickets,LBW,Bowled,noballs,wides,economy_rate,catches,stumping,direct_hit,indirect_hit,strike_rate_fp,batting_fp,bowling_fp,fielding_fp,total_fp
1273139,1.0,0.15384615384615385,0.12121212121212122,1.0,0.0,0.8,0.5,0.5,0.4285714285714286,0.0,0.32258064516129026,0.5,0.0,0.0,0.0,0.0,0.0,0.0,0.3076923076923077,0.0,0.0,0.0,0.0,0,8,9,0,17
1273138,1.0,0.0,0.0,0.0,0.0,0.0,1.0,1.0,0.857142857142857,0.0,1.0,1.0,1.0,1.0,0.0,1.0,0.0,1.0,0.8846153846153846,0.0,0.0,0.0,0.0,0,0,43,0,43
1273136,0.0,0.11538461538461539,0.30303030303030304,0.0,0.0,0.24,1.0,1.0,1.0,0.0,0.4838709677419355,0.75,0.0,0.0,0.0,0.0,0.0,0.3333333333333333,0.2692307692307693,1.0,0.0,0.0,0.0,-6,-3,15,8,20
1201673,0.25,0.19230769230769232,0.12121212121212122,1.0,0.0,1.0,0.0,0.0,0.1428571428571428,0.0,0.4193548387096774,0.25,1.0,0.0,0.0,0.0,0.0,0.0,1.0,1.0,0.0,0.0,0.0,0,9,3,8,20
1201669,0.5,0.2692307692307693,0.21212121212121213,1.0,0.0,0.8,0.5,0.5,0.0,0.0,0.5806451612903225,0.0,1.0,0.0,0.0,0.0,0.0,0.3333333333333333,0.7184615384615385,0.0,0.0,0.0,0.0,0,11,4,0,15
1201670,0.5,1.0,1.0,0.0,1.0,0.6303200000000001,0.0,0.0,0.1428571428571428,0.0,0.0,0.0,0.0,1.0,0.0,0.0,0.0,0.6666666666666666,0.0,0.0,0.0,0.0,0.0,0,36,36,0,72
