match_id,batting_position,runs,balls,fours,sixes,strike_rate,overs,total_balls,dots,maidens,conceded,fours_conceded,sixes_conceded,wickets,LBW,Bowled,noballs,wides,economy_rate,catches,stumping,direct_hit,indirect_hit,strike_rate_fp,batting_fp,bowling_fp,fielding_fp,total_fp
300436,0.0,0.0,0.0,0.0,0.0,0.0,1.0,1.0,0.0,0.0,1.0,1.0,0.0,0.5,0.0,1.0,0.0,1.0,1.0,0.0,0.0,0.0,0.0,0,0,34,0,34
300435,0.0,1.0,1.0,0.0,0.0,1.0,1.0,1.0,0.5,0.0,0.6451612903225805,0.8333333333333333,0.0,1.0,0.0,0.0,0.0,0.0,0.6451612903225805,0.0,0.0,0.0,0.0,0,5,61,0,66
287872,0.0,0.0,0.0,0.0,0.0,0.0,1.0,1.0,0.41666666666666663,0.0,0.8387096774193548,0.6666666666666666,1.0,0.5,0.0,0.0,1.0,0.0,0.8387096774193548,0.0,0.0,0.0,0.0,0,0,33,0,33
287869,0.0,0.0,0.0,0.0,0.0,0.0,1.0,1.0,0.25,0.0,0.7419354838709677,0.5,1.0,0.5,0.0,0.0,0.0,0.0,0.7419354838709677,0.0,0.0,0.0,1.0,0,0,33,6,39
287863,0.0,0.0,0.0,0.0,0.0,0.0,0.0,0.0,0.16666666666666663,0.0,0.2903225806451613,0.5,0.0,0.0,0.0,0.0,0.0,0.0,0.5380645161290323,1.0,0.0,0.0,0.0,0,0,7,8,15
287854,0.0,0.0,0.0,0.0,0.0,0.0,1.0,1.0,0.9999999999999999,1.0,0.0,0.0,0.0,1.0,0.0,0.0,0.0,1.0,0.0,0.0,0.0,0.0,0.0,0,0,85,0,85
