match_id,batting_position,runs,balls,fours,sixes,strike_rate,overs,total_balls,dots,maidens,conceded,fours_conceded,sixes_conceded,wickets,LBW,Bowled,noballs,wides,economy_rate,catches,stumping,direct_hit,indirect_hit,strike_rate_fp,batting_fp,bowling_fp,fielding_fp,total_fp
599901,0.0,1.0,1.0,1.0,0.0,1.0,1.0,1.0,0.42857142857142855,0.0,0.9999999999999999,1.0,0.5,0.5,0.0,0.0,0.0,0.0,1.0,0.0,0.0,0.0,0.0,0,8,31,0,39
599899,1.0,0.0,0.0,0.0,0.0,0.0,1.0,1.0,0.7142857142857142,0.0,0.5517241379310345,0.5,0.0,0.0,0.0,0.0,0.0,0.0,0.0714285714285714,0.0,0.0,0.0,0.0,0,0,10,0,10
599895,0.0,0.0,0.0,0.0,0.0,0.0,0.6666666666666667,0.6666666666666667,0.9999999999999998,0.0,0.4482758620689655,0.0,1.0,1.0,0.0,0.0,0.0,1.0,0.3571428571428572,0.0,0.0,0.0,0.0,0,0,62,0,62
551070,1.0,0.0,0.0,0.0,0.0,0.0,0.0,0.0,0.0,0.0,0.0,0.0,0.5,0.0,0.0,0.0,0.0,0.0,0.6428571428571428,1.0,0.0,0.0,0.0,0,0,3,8,11
551068,0.0,0.0,0.0,0.0,0.0,0.0,1.0,1.0,0.42857142857142855,0.0,0.5172413793103449,0.25,0.0,0.5,0.0,0.0,0.0,1.0,0.0,1.0,0.0,0.0,0.0,0,0,35,8,43
