match_id,batting_position,runs,balls,fours,sixes,strike_rate,overs,total_balls,dots,maidens,conceded,fours_conceded,sixes_conceded,wickets,LBW,Bowled,noballs,wides,economy_rate,catches,stumping,direct_hit,indirect_hit,strike_rate_fp,batting_fp,bowling_fp,fielding_fp,total_fp
599905,1.0,0.0,0.0,0.0,0.0,0.0,0.0,0.0,0.666666666666667,0.0,0.47058823529411775,0.4000000000000001,0.0,1.0,0.0,0.0,1.0,0.0,0.47058823529411775,0.0,0.0,0.0,0.0,0,0,95,0,95
599904,1.0,1.0,1.0,0.0,0.0,0.599970001499925,0.0,0.0,1.0,0.0,1.0,1.0000000000000002,0.0,1.0,0.0,1.0,1.0,0.0,1.0,0.0,0.0,1.0,0.0,0,2,108,12,122
599902,0.0,0.0,0.0,0.0,0.0,0.0,0.0,0.0,1.0,0.0,0.0,0.0,0.0,0.3333333333333333,0.0,0.5,0.0,1.0,0.0,1.0,0.0,0.0,1.0,0,0,52,20,72
599898,0.0,1.0,0.6000000000000001,0.0,0.0,1.0,0.0,0.0,0.0,0.0,0.8235294117647058,0.6000000000000001,0.0,0.0,0.0,0.0,0.0,1.0,0.8235294117647058,1.0,0.0,0.0,0.0,0,2,12,8,22
