match_id,batting_position,runs,balls,fours,sixes,strike_rate,overs,total_balls,dots,maidens,conceded,fours_conceded,sixes_conceded,wickets,LBW,Bowled,noballs,wides,economy_rate,catches,stumping,direct_hit,indirect_hit,strike_rate_fp,batting_fp,bowling_fp,fielding_fp,total_fp
1383461,0.5,0.0,0.0,0.0,0.0,0.0,0.0,0.0,0.15384615384615385,0.0,0.0,0.3333333333333333,0.5,0.0,0.0,0.0,0.0,0.0,1.0,0.0,0.0,0.0,0.0,0,0,2,0,2
1383442,0.75,0.0,0.0,0.0,0.0,0.0,0.6666666666666667,0.6666666666666667,0.46153846153846156,0.0,0.9999999999999999,0.6666666666666666,0.5,1.0,0.0,0.0,0.0,0.0,0.5066666666666666,0.0,0.0,0.0,0.0,0,0,31,0,31
1280250,0.0,0.0,0.0,0.0,0.0,0.0,1.0,1.0,1.0,0.0,0.9999999999999999,1.0,0.5,1.0,0.0,0.0,0.0,0.0,0.18518518518518523,1.0,0.0,0.0,0.0,0,0,40,8,48
1280229,1.0,0.0,0.0,0.0,0.0,0.0,1.0,1.0,0.7692307692307693,0.0,0.6428571428571429,0.3333333333333333,0.0,1.0,0.0,1.0,0.0,0.0,0.0,1.0,0.0,0.0,0.0,0,0,47,8,55
1280210,0.75,0.0,0.0,0.0,0.0,0.0,0.3333333333333333,0.3333333333333333,0.0,0.0,0.6428571428571429,0.0,1.0,0.0,0.0,0.0,0.0,0.0,0.7777777777777777,1.0,0.0,0.0,0.0,0,0,-2,8,6
