match_id,batting_position,runs,balls,fours,sixes,strike_rate,overs,total_balls,dots,maidens,conceded,fours_conceded,sixes_conceded,wickets,LBW,Bowled,noballs,wides,economy_rate,catches,stumping,direct_hit,indirect_hit,strike_rate_fp,batting_fp,bowling_fp,fielding_fp,total_fp
1397437,1.0,0.0,0.0,0.0,0.0,0.0,0.0,0.0,0.5,0.0,0.0,0.0,1.0,1.0,0.0,0.0,0.0,0.0,0.34725848563968675,0.0,0.0,0.0,0.0,0,0,28,0,28
1392811,1.0,0.0,0.0,0.0,0.0,0.0,0.0,0.0,0.0,0.0,0.15384615384615385,0.5,0.0,0.0,0.0,0.0,0.0,0.0,0.8694516971279374,0.0,0.0,0.0,0.0,0,0,0,0,0
1392809,0.6666666666666665,0.0,0.0,0.0,0.0,0.0,1.0,1.0,0.8333333333333333,0.0,0.9230769230769231,1.0,0.0,1.0,1.0,0.0,0.0,0.0,0.0,0.0,0.0,0.0,0.0,0,0,40,0,40
1392805,1.0,0.25,0.14285714285714285,0.0,0.0,1.0,0.5,0.5,0.6666666666666666,0.0,1.0,0.5,1.0,0.0,0.0,0.0,1.0,0.0,1.0,0.0,0.0,0.0,0.0,0,1,2,0,3
1392803,0.0,1.0,1.0,0.0,0.0,0.5714,1.0,1.0,1.0,0.0,0.9230769230769231,0.0,1.0,1.0,0.0,0.0,0.0,0.0,0.0,0.0,0.0,0.0,0.0,0,4,33,0,37
