match_id,batting_position,runs,balls,fours,sixes,strike_rate,overs,total_balls,dots,maidens,conceded,fours_conceded,sixes_conceded,wickets,LBW,Bowled,noballs,wides,economy_rate,catches,stumping,direct_hit,indirect_hit,strike_rate_fp,batting_fp,bowling_fp,fielding_fp,total_fp
902217,0.33333333333333326,0.375,1.0,0.0,0.0,0.2250056251406285,0.5,0.5,0.5,0.0,0.6153846153846154,0.5,1.0,1.0,0.0,1.0,0.0,0.0,1.0,0.0,0.0,0.0,0.0,-6,-3,70,0,67
902191,0.33333333333333326,1.0,0.6000000000000001,0.0,1.0,1.0,0.0,0.0,0.0,0.0,0.0,0.0,0.0,0.0,0.0,0.0,0.0,0.0,0.0,0.0,0.0,0.0,0.0,0,14,0,0,14
902169,0.0,0.875,0.7000000000000001,0.0,1.0,0.7500187504687617,0.75,0.75,1.0,0.0,0.576923076923077,0.5,0.0,0.0,0.0,0.0,0.0,1.0,0.625,1.0,0.0,0.0,0.0,0,13,12,8,33
902143,0.0,0.125,0.5,0.0,0.0,0.15000375009375233,1.0,1.0,0.625,0.0,1.0,1.0,0.0,0.0,0.0,0.0,0.0,0.0,0.8125,0.0,0.0,0.0,0.0,0,1,7,0,8
902121,1.0,0.0,0.0,0.0,0.0,0.0,0.5,0.5,0.375,0.0,0.38461538461538464,0.0,0.0,0.0,0.0,0.0,0.0,0.0,0.625,0.0,0.0,0.0,0.0,0,0,7,0,7
