match_id,batting_position,runs,balls,fours,sixes,strike_rate,overs,total_balls,dots,maidens,conceded,fours_conceded,sixes_conceded,wickets,LBW,Bowled,noballs,wides,economy_rate,catches,stumping,direct_hit,indirect_hit,strike_rate_fp,batting_fp,bowling_fp,fielding_fp,total_fp
548376,1.0,0.0,1.0,0.0,0.0,0.0,0.5,0.5,0.7272727272727273,0.0,0.0,0.0,0.0,0.3333333333333333,0.0,0.0,0.0,0.0,0.0,0.0,0.0,0.0,0.0,0,0,42,0,42
548372,0.6666666666666665,0.0,0.0,0.0,0.0,0.0,0.5,0.5,0.36363636363636365,0.0,0.5454545454545455,0.5,0.25,1.0,0.0,0.0,0.0,1.0,0.36809815950920244,0.0,0.0,0.0,0.0,0,0,84,0,84
548356,0.6666666666666665,0.0,0.0,0.0,0.0,0.0,1.0,1.0,0.18181818181818188,0.0,1.0,1.0,0.5,0.3333333333333333,0.0,0.0,0.0,1.0,0.4447852760736196,1.0,0.0,0.0,0.0,0,0,26,8,34
501258,0.0,0.0,0.0,0.0,0.0,0.0,0.75,0.75,0.7272727272727273,0.0,0.24242424242424243,0.5,0.0,0.6666666666666666,0.0,1.0,0.0,1.0,0.10490797546012268,0.0,0.0,0.0,0.0,0,0,73,0,73
501254,0.6666666666666665,0.0,0.0,0.0,0.0,0.0,0.0,0.0,0.09090909090909094,0.0,0.33333333333333337,0.5,0.25,0.0,0.0,0.0,0.0,1.0,0.4601226993865031,0.0,0.0,0.0,0.0,0,0,0,0,0
501247,1.0,1.0,1.0,0.0,0.0,1.0,0.08349999999999991,0.08333333333333326,0.0,0.0,0.9696969696969698,0.75,1.0,0.0,0.0,0.0,1.0,0.0,1.0000000000000002,0.0,0.0,0.0,0.0,0,1,-3,0,-2
501242,1.0,0.0,0.0,0.0,0.0,0.0,1.0,1.0,0.5454545454545455,0.0,0.2727272727272727,0.0,0.0,0.0,0.0,0.0,0.0,0.0,0.07668711656441715,0.0,0.0,0.0,0.0,0,0,13,0,13
501238,1.0,0.0,0.0,0.0,0.0,0.0,1.0,1.0,1.0,0.0,0.5151515151515151,0.5,0.5,0.6666666666666666,0.0,0.0,0.0,0.0,0.19938650306748465,0.0,0.0,0.0,0.0,0,0,64,0,64
