match_id,batting_position,runs,balls,fours,sixes,strike_rate,overs,total_balls,dots,maidens,conceded,fours_conceded,sixes_conceded,wickets,LBW,Bowled,noballs,wides,economy_rate,catches,stumping,direct_hit,indirect_hit,strike_rate_fp,batting_fp,bowling_fp,fielding_fp,total_fp
1321301,0.0,0.5555555555555556,0.8333333333333333,0.0,0.0,0.6666666666666667,0.0,0.0,0.0,0.0,0.0,0.0,1.0,0.0,0.0,0.0,0.0,0.0,0.06666666666666665,0.0,0.0,0.0,0.0,0,5,5,0,10
1321294,0.666666666666667,0.0,0.0,0.0,0.0,0.0,0.0,0.0,0.09090909090909094,0.0,0.5384615384615385,1.0,0.0,1.0,0.0,0.0,0.0,0.0,0.9999999999999998,0.0,0.0,0.0,0.0,0,0,27,0,27
1321291,0.3333333333333335,1.0,1.0,1.0,0.0,1.0,1.0,1.0,1.0,0.0,0.9230769230769231,0.5,1.0,1.0,0.0,0.0,1.0,1.0,0.0,0.0,0.0,0.0,0.0,0,13,41,0,54
1321283,1.0,0.3333333333333333,1.0,0.0,0.0,0.33333333333333337,0.5,0.5,0.36363636363636365,0.0,1.0,1.0,1.0,1.0,0.0,1.0,1.0,0.0,0.6453333333333331,0.0,0.0,0.0,0.0,0,3,40,0,43
