match_id,batting_position,runs,balls,fours,sixes,strike_rate,overs,total_balls,dots,maidens,conceded,fours_conceded,sixes_conceded,wickets,LBW,Bowled,noballs,wides,economy_rate,catches,stumping,direct_hit,indirect_hit,strike_rate_fp,batting_fp,bowling_fp,fielding_fp,total_fp
1443789,1.0,0.0,0.0,0.0,0.0,0.0,1.0,1.0,0.30000000000000004,0.0,1.0,0.4,1.0,0.6666666666666666,0.0,0.0,0.0,0.0,0.2981606969990319,0.0,0.0,0.0,0.0,0,0,56,0,56
1443780,0.5,0.0,0.0,0.0,0.0,0.0,1.0,1.0,1.0,0.0,0.8,0.4,1.0,1.0,0.0,1.0,1.0,1.0,0.20135527589545021,0.0,0.0,0.0,0.0,0,0,100,0,100
1443775,0.5,0.25,0.2727272727272727,0.0,0.0,0.9166743056192134,0.0,0.0,0.09999999999999998,0.0,0.3500000000000001,0.2,1.0,0.6666666666666666,0.0,0.0,0.0,0.0,0.5159728944820909,0.0,0.0,0.0,0.0,0,3,52,0,55
1443772,0.0,0.0,0.0,0.0,0.0,0.0,1.0,1.0,0.8,0.0,0.8,1.0,0.0,1.0,0.0,1.0,0.0,0.0,0.20135527589545021,0.0,0.0,0.0,0.0,0,0,98,0,98
1443767,0.5,0.0,0.0,0.0,0.0,0.0,0.5,0.5,0.6,0.0,0.15000000000000002,0.0,1.0,0.6666666666666666,0.0,0.0,0.0,0.0,0.03194578896418199,0.0,0.0,0.0,0.0,0,0,61,0,61
1440131,1.0,0.0,0.0,0.0,0.0,0.0,0.5,0.5,0.5,0.0,0.10000000000000009,0.2,0.0,1.0,0.0,0.0,0.0,0.0,0.0,0.0,0.0,0.0,0.0,0,0,91,0,91
1440129,0.0,0.0,0.0,0.0,0.0,0.0,0.0,0.0,0.30000000000000004,0.0,0.0,0.6000000000000001,0.0,0.3333333333333333,0.0,0.0,0.0,0.0,0.1771539206195547,0.0,0.0,0.0,0.0,0,0,31,0,31
1440130,0.5,1.0,1.0,0.0,1.0,0.9999999999999999,0.0,0.0,0.0,0.0,0.8500000000000001,0.8,1.0,0.0,0.0,0.0,0.0,0.0,1.0,1.0,0.0,0.0,0.0,0,18,-3,8,23
