match_id,batting_position,runs,balls,fours,sixes,strike_rate,overs,total_balls,dots,maidens,conceded,fours_conceded,sixes_conceded,wickets,LBW,Bowled,noballs,wides,economy_rate,catches,stumping,direct_hit,indirect_hit,strike_rate_fp,batting_fp,bowling_fp,fielding_fp,total_fp
1399157,0.7777777777777778,0.0,0.07142857142857142,0.0,0.0,0.0,0.5,0.5,0.4,0.0,0.8125,1.0,0.0,0.0,0.0,0.0,0.0,0.0,1.0,0.0,0.0,0.0,0.0,0,-2,2,0,0
1399152,0.9999999999999999,0.0,0.0,0.0,0.0,0.0,0.4165,0.41666666666666663,0.0,0.0,0.5,0.3333333333333333,0.0,0.0,0.0,0.0,0.0,0.0,0.7384615384615385,0.0,0.0,0.0,0.0,0,0,0,0,0
1157698,0.0,0.2,0.8571428571428571,0.0,0.0,0.23337533249335013,1.0,1.0,1.0,0.0,1.0,0.6666666666666666,0.0,0.0,0.0,0.0,0.0,1.0,0.6153846153846154,0.0,0.0,0.0,0.0,-6,-4,5,0,1
1157697,0.7777777777777778,1.0,1.0,1.0,0.0,1.0,0.0,0.0,0.0,0.0,0.0,0.0,0.0,0.0,0.0,0.0,0.0,0.0,0.0,0.0,0.0,0.0,0.0,0,14,0,0,14
1157692,0.7777777777777778,0.2,0.5714285714285714,0.0,0.0,0.3499930001399972,0.0,0.0,0.0,0.0,0.0,0.0,0.0,0.0,0.0,0.0,0.0,0.0,0.0,0.0,0.0,0.0,0.0,0,2,0,0,2
