match_id,batting_position,runs,balls,fours,sixes,strike_rate,overs,total_balls,dots,maidens,conceded,fours_conceded,sixes_conceded,wickets,LBW,Bowled,noballs,wides,economy_rate,catches,stumping,direct_hit,indirect_hit,strike_rate_fp,batting_fp,bowling_fp,fielding_fp,total_fp
1333928,1.0,0.025,0.13636363636363635,0.0,0.0,0.14375251566902422,1.0,1.0,1.0,0.0,0.4375,0.25,0.0,1.0,1.0,0.0,0.0,0.14285714285714285,0.42454545454545456,1.0,0.0,0.0,0.0,0,1,48,28,77
1333926,1.0,1.0,1.0,1.0,1.0,1.0,0.0,0.0,0.0,0.0,0.0,0.0,0.0,0.0,0.0,0.0,0.0,0.0,0.0,0.0,0.0,0.0,0.0,6,76,0,0,76
1333924,1.0,0.025,0.0909090909090909,0.0,0.0,0.19165085388994307,0.0,0.0,0.0,0.0,0.0,0.0,0.0,0.0,0.0,0.0,0.0,0.0,0.0,0.0,0.0,0.0,0.0,0,1,0,0,1
1333923,0.0,0.0,0.0,0.0,0.0,0.0,1.0,1.0,0.6666666666666666,0.0,1.0,1.0,0.0,0.0,0.0,0.0,0.0,1.0,0.97,0.0,0.0,0.0,0.0,0,-2,4,0,2
1333921,0.0,0.2,0.7272727272727273,0.0,0.0,0.2705997354953712,0.6666666666666666,0.6666666666666666,0.4444444444444444,0.0,0.6875,0.75,1.0,0.0,0.0,0.0,0.0,0.0,1.0,0.0,0.0,0.0,0.0,-6,2,2,0,4
