match_id,batting_position,runs,balls,fours,sixes,strike_rate,overs,total_balls,dots,maidens,conceded,fours_conceded,sixes_conceded,wickets,LBW,Bowled,noballs,wides,economy_rate,catches,stumping,direct_hit,indirect_hit,strike_rate_fp,batting_fp,bowling_fp,fielding_fp,total_fp
1267311,1.0,0.0,0.0,0.0,0.0,0.0,0.9443333333333335,0.9444444444444444,0.6153846153846154,0.0,0.9999999999999999,1.0,0.0,0.0,0.0,0.5,0.0,1.0,0.9999999999999999,0.0,0.0,0.0,0.0,0,0,44,0,44
1267306,0.0,0.5,1.0,0.0,0.0,0.49992500374981247,1.0,1.0,1.0,1.0,0.25806451612903225,0.2,0.0,1.0,0.0,1.0,0.0,0.25,0.0,1.0,0.0,0.0,1.0,0,2,100,20,122
1267304,0.0,1.0,1.0,1.0,0.0,1.0,0.0,0.0,0.0,0.0,0.0,0.0,0.0,1.0,0.0,0.0,0.0,0.0,0.16313213703099505,1.0,0.0,0.0,0.0,0,8,53,8,69
