match_id,batting_position,runs,balls,fours,sixes,strike_rate,overs,total_balls,dots,maidens,conceded,fours_conceded,sixes_conceded,wickets,LBW,Bowled,noballs,wides,economy_rate,catches,stumping,direct_hit,indirect_hit,strike_rate_fp,batting_fp,bowling_fp,fielding_fp,total_fp
660209,0.5,0.7076923076923077,0.8085106382978723,0.7142857142857142,0.0,0.8195620739516629,0.0,0.0,0.0,0.0,0.0,0.0,0.0,0.0,0.0,0.0,0.0,0.0,0.0,1.0,1.0,0.0,0.0,0,72,0,20,92
660191,0.5,0.0,0.0,0.0,0.0,0.0,0.0,0.0,0.0,0.0,0.0,0.0,0.0,0.0,0.0,0.0,0.0,0.0,0.0,1.0,0.0,0.0,0.0,0,2,0,8,10
660183,0.5,0.15384615384615385,0.1276595744680851,0.14285714285714285,0.0,0.6270398677959099,0.0,0.0,0.0,0.0,0.0,0.0,0.0,0.0,0.0,0.0,0.0,0.0,0.0,0.0,0.0,0.0,0.0,0,16,0,0,16
660171,0.0,0.6307692307692309,0.702127659574468,0.42857142857142855,1.0,0.8250361495558771,0.0,0.0,0.0,0.0,0.0,0.0,0.0,0.0,0.0,0.0,0.0,0.0,0.0,1.0,1.0,0.0,0.0,0,65,0,20,85
660147,0.0,0.5846153846153846,0.7234042553191489,0.5714285714285714,0.0,0.7254699442263997,0.0,0.0,0.0,0.0,0.0,0.0,0.0,0.0,0.0,0.0,0.0,0.0,0.0,0.0,0.0,1.0,0.0,0,60,0,12,72
660137,0.5,0.2,0.276595744680851,0.0,0.0,0.47954967981821955,0.0,0.0,0.0,0.0,0.0,0.0,0.0,0.0,0.0,0.0,0.0,0.0,0.0,0.0,0.0,0.0,0.0,0,15,0,0,15
660113,0.5,1.0,1.0,1.0,0.0,1.0000000000000002,0.0,0.0,0.0,0.0,0.0,0.0,0.0,0.0,0.0,0.0,0.0,0.0,0.0,1.0,1.0,0.0,0.0,0,103,0,20,123
439499,1.0,0.5230769230769231,0.5957446808510638,0.2857142857142857,0.0,0.7746333402189631,0.0,0.0,0.0,0.0,0.0,0.0,0.0,0.0,0.0,0.0,0.0,0.0,0.0,0.0,0.0,0.0,0.0,0,48,0,0,48
439497,1.0,0.18461538461538463,0.19148936170212763,0.0,0.0,0.5923362941541004,0.0,0.0,0.0,0.0,0.0,0.0,0.0,0.0,0.0,0.0,0.0,0.0,0.0,1.0,1.0,0.0,1.0,0,14,0,26,40
