match_id,batting_position,runs,balls,fours,sixes,strike_rate,overs,total_balls,dots,maidens,conceded,fours_conceded,sixes_conceded,wickets,LBW,Bowled,noballs,wides,economy_rate,catches,stumping,direct_hit,indirect_hit,strike_rate_fp,batting_fp,bowling_fp,fielding_fp,total_fp
1321275,0.0,0.0,0.0,0.0,0.0,0.0,0.5,0.5,0.875,0.0,0.3125,0.3333333333333333,0.6666666666666666,1.0,0.0,1.0,0.0,0.0,0.3729411764705882,0.0,0.0,0.0,0.0,0,0,67,0,67
1321270,0.6666666666666665,0.0,0.0,0.0,0.0,0.0,0.0,0.0,0.0,0.0,0.5,0.0,1.0,0.0,0.0,0.0,0.0,0.125,0.9999999999999999,0.0,0.0,0.0,0.0,0,0,-4,0,-4
1321264,0.3333333333333335,0.0,0.0,0.0,0.0,0.0,1.0,1.0,0.625,0.0,0.875,1.0,0.3333333333333333,0.0,0.0,0.0,0.0,0.0,0.4117647058823529,0.0,0.0,0.0,0.0,0,0,7,0,7
1321259,1.0,1.0,1.0,0.0,0.0,1.0,1.0,1.0,0.625,0.0,0.0,0.0,0.0,0.0,0.0,0.0,0.0,0.125,0.0,0.0,0.0,0.0,0.0,0,1,13,0,14
1310169,1.0,0.0,0.0,0.0,0.0,0.0,0.5,0.5,0.375,0.0,0.1875,0.3333333333333333,0.0,0.0,0.0,0.0,0.0,0.0,0.2941176470588235,0.0,0.0,0.0,0.0,0,0,7,0,7
1310167,1.0,0.0,0.0,0.0,0.0,0.0,1.0,1.0,1.0,0.0,1.0,0.3333333333333333,0.3333333333333333,1.0,0.0,1.0,0.0,1.0,0.47058823529411764,1.0,0.0,0.0,0.0,0,0,68,8,76
1310168,1.0,0.0,1.0,0.0,0.0,0.0,0.5,0.5,0.625,0.0,0.125,0.0,0.0,0.0,0.0,0.0,0.0,0.5,0.2552941176470588,0.0,0.0,0.0,0.0,0,-2,9,0,7
