match_id,batting_position,runs,balls,fours,sixes,strike_rate,overs,total_balls,dots,maidens,conceded,fours_conceded,sixes_conceded,wickets,LBW,Bowled,noballs,wides,economy_rate,catches,stumping,direct_hit,indirect_hit,strike_rate_fp,batting_fp,bowling_fp,fielding_fp,total_fp
1436491,0.5,1.0,0.5,1.0,0.0,1.0,1.0,1.0,0.7272727272727273,0.0,1.0,1.0,0.0,0.4,0.0,0.25,0.0,0.5,1.0,0.0,0.0,0.0,0.0,0,8,66,0,74
1436490,0.5,0.0,0.0,0.0,0.0,0.0,0.0,0.0,0.0,0.0,0.0,0.0,0.0,0.0,0.0,0.0,0.0,0.0,0.0,0.0,0.0,0.0,0.0,0,0,0,0,0
1436482,0.0,0.25,1.0,0.0,0.0,0.125,0.0,0.0,0.0,0.0,0.0,0.0,0.0,0.0,0.0,0.0,0.0,0.0,0.0,0.0,0.0,0.0,0.0,0,1,0,0,1
1320985,1.0,0.0,0.0,0.0,0.0,0.0,0.5,0.5,0.7272727272727273,0.0,0.3333333333333333,0.25,0.0,0.6000000000000001,0.0,0.25,0.0,1.0,0.6666666666666666,1.0,0.0,0.0,0.0,0,0,99,8,107
1320979,0.5,0.0,0.0,0.0,0.0,0.0,1.0,1.0,1.0,0.0,1.0,0.75,1.0,0.4,0.0,0.0,0.0,1.0,1.0,1.0,0.0,0.0,0.0,0,0,61,8,69
1320975,0.5,0.25,0.5,0.0,0.0,0.25,0.0,0.0,0.0,0.0,0.0,0.0,0.0,0.0,0.0,0.0,0.0,0.0,0.0,0.0,0.0,0.0,0.0,0,1,0,0,1
1156678,0.0,0.0,0.5,0.0,0.0,0.0,1.0,1.0,0.9090909090909092,0.0,0.8333333333333334,0.25,0.0,1.0,1.0,1.0,0.0,0.5,0.8333333333333334,0.0,0.0,0.0,0.0,0,0,189,0,189
1156670,0.0,0.0,0.5,0.0,0.0,0.0,0.0,0.0,0.0,0.0,0.0,0.0,0.0,0.0,0.0,0.0,0.0,0.0,0.0,0.0,0.0,0.0,0.0,0,-2,0,0,-2
