match_id,batting_position,runs,balls,fours,sixes,strike_rate,overs,total_balls,dots,maidens,conceded,fours_conceded,sixes_conceded,wickets,LBW,Bowled,noballs,wides,economy_rate,catches,stumping,direct_hit,indirect_hit,strike_rate_fp,batting_fp,bowling_fp,fielding_fp,total_fp
660207,0.0,0.0,0.0,0.0,0.0,0.0,1.0,1.0,1.0,0.0,1.0,1.0,0.5,0.0,0.0,0.0,0.0,1.0,0.717391304347826,1.0,0.0,0.0,0.0,0,-2,9,8,15
660195,0.0,0.34146341463414637,0.3333333333333333,0.4,0.0,0.9622712838348707,0.5,0.5,0.2222222222222222,0.0,0.696969696969697,0.3333333333333333,1.0,0.0,0.0,0.0,0.0,0.0,1.0,0.0,0.0,0.0,0.0,0,22,-2,0,20
660143,1.0,1.0,0.9999999999999999,1.0,1.0,1.0,0.0,0.0,0.0,0.0,0.0,0.0,0.0,0.0,0.0,0.0,0.0,0.0,0.0,0.0,0.0,0.0,0.0,2,73,0,0,73
660135,0.0,0.07317073170731708,0.2,0.0,0.0,0.32405867231211255,0.29175,0.29166666666666663,0.3333333333333333,0.0,0.15151515151515152,0.0,0.0,0.5,0.0,0.0,0.0,0.0,0.3721739130434783,0.0,0.0,1.0,0.0,0,3,28,12,43
660111,0.0,0.21951219512195122,0.23333333333333334,0.0,0.0,0.8505973083320733,0.5,0.5,0.5555555555555556,0.0,0.2727272727272727,0.3333333333333333,0.0,0.0,0.0,0.0,0.0,0.0,0.3913043478260869,0.0,0.0,0.0,0.0,0,9,11,0,20
660097,0.0,0.0,0.0,0.0,0.0,0.0,0.29175,0.29166666666666663,0.4444444444444444,0.0,0.12121212121212122,0.0,0.0,1.0,0.0,0.0,0.0,0.0,0.2982608695652174,0.0,0.0,0.0,0.0,0,-2,54,0,52
