match_id,batting_position,runs,balls,fours,sixes,strike_rate,overs,total_balls,dots,maidens,conceded,fours_conceded,sixes_conceded,wickets,LBW,Bowled,noballs,wides,economy_rate,catches,stumping,direct_hit,indirect_hit,strike_rate_fp,batting_fp,bowling_fp,fielding_fp,total_fp
1383109,0.5,1.0,0.75,0.0,0.0,1.0,1.0,1.0,1.0,0.0,1.0,0.5,0.0,1.0,1.0,1.0,0.0,1.0,0.3442340791738382,0.0,0.0,0.0,0.0,0,2,87,0,89
1383106,0.5,0.5,0.25,0.0,0.0,0.83325,0.08349999999999991,0.08333333333333326,0.0,0.0,1.0,1.0,0.0,0.0,0.0,0.0,0.0,0.0,1.0,0.0,0.0,0.0,1.0,0,1,4,6,11
1383103,1.0,0.0,0.0,0.0,0.0,0.0,0.0,0.0,0.2727272727272727,0.0,0.1538461538461539,0.0,0.0,0.5,0.0,1.0,0.0,0.0,0.17211703958691904,0.0,0.0,0.0,0.0,0,-2,46,0,44
1383101,0.0,0.0,1.0,0.0,0.0,0.0,0.0,0.0,0.36363636363636365,0.0,0.0,0.0,0.0,0.5,0.0,1.0,0.0,0.0,0.0,0.0,0.0,0.0,0.0,0,-2,47,0,45
