match_id,batting_position,runs,balls,fours,sixes,strike_rate,overs,total_balls,dots,maidens,conceded,fours_conceded,sixes_conceded,wickets,LBW,Bowled,noballs,wides,economy_rate,catches,stumping,direct_hit,indirect_hit,strike_rate_fp,batting_fp,bowling_fp,fielding_fp,total_fp
1280224,0.75,0.21428571428571427,0.42857142857142855,0.0,0.0,0.5,0.5,0.5,0.26666666666666666,0.0,0.696969696969697,1.0,0.5,0.3333333333333333,0.0,0.0,0.0,0.0,0.71875,0.5,0.0,0.0,0.0,0,3,25,8,36
1244386,0.75,0.07142857142857142,0.2857142857142857,0.0,0.0,0.25,1.0,1.0,0.8,1.0,0.7575757575757576,0.3333333333333333,0.5,1.0,1.0,0.0,0.3333333333333333,0.0,0.390625,0.0,0.0,0.0,0.0,0,1,113,0,114
1244368,0.25,0.0,0.0,0.0,0.0,0.0,0.75,0.75,0.3333333333333333,0.0,1.0,1.0,1.0,0.0,0.0,0.0,0.0,0.0,0.6875,0.0,0.0,0.0,0.0,0,0,3,0,3
1205858,1.0,1.0,1.0,1.0,1.0,1.0,0.0,0.0,0.0,0.0,0.0,0.0,0.0,0.0,0.0,0.0,0.0,0.0,0.0,0.0,0.0,0.0,0.0,0,24,0,0,24
1205851,0.75,0.0,0.0,0.0,0.0,0.0,0.5,0.5,0.06666666666666667,0.0,0.6363636363636364,0.6666666666666666,0.5,0.0,0.0,0.0,0.0,0.0,0.65625,1.0,0.0,0.0,0.0,0,0,-1,16,15
1205802,0.25,0.0,0.0,0.0,0.0,0.0,0.5,0.5,0.3333333333333333,0.0,0.9696969696969697,1.0,1.0,0.0,0.0,0.0,1.0,0.0,1.0,0.0,0.0,0.0,0.0,0,0,-1,0,-1
1205785,0.0,0.0,0.0,0.0,0.0,0.0,0.75,0.75,1.0,0.0,0.21212121212121213,0.0,0.0,0.6666666666666666,0.0,0.0,0.3333333333333333,1.0,0.145625,0.0,0.0,0.0,0.0,0,0,71,0,71
