match_id,batting_position,runs,balls,fours,sixes,strike_rate,overs,total_balls,dots,maidens,conceded,fours_conceded,sixes_conceded,wickets,LBW,Bowled,noballs,wides,economy_rate,catches,stumping,direct_hit,indirect_hit,strike_rate_fp,batting_fp,bowling_fp,fielding_fp,total_fp
1459378,0.6000000000000001,0.9375,0.9999999999999999,1.0,0.0,0.3605625,1.0,1.0,0.06666666666666665,0.0,0.9999999999999999,1.0,0.0,0.0,0.0,0.0,0.0,1.0,0.9999999999999999,0.0,0.0,0.0,0.0,0,23,8,0,31
1459385,0.0,1.0,0.3333333333333333,0.5,1.0,1.0,1.0,1.0,0.9999999999999999,1.0,0.0,0.0,0.0,1.0,1.0,0.0,0.0,0.0,0.0,0.0,0.0,0.0,0.0,0,32,110,0,142
1459381,0.40000000000000013,0.0625,0.8333333333333333,0.0,0.0,0.02840625,0.0,0.0,0.0,0.0,0.3214285714285714,0.3333333333333333,0.0,0.0,0.0,0.0,0.0,1.0,0.75,0.0,0.0,0.0,0.0,-6,-5,9,0,4
1459388,0.8,0.0,0.0,0.0,0.0,0.0,0.5,0.5,0.1333333333333333,0.0,0.6428571428571429,0.6666666666666666,1.0,0.5,0.0,1.0,0.0,0.0,0.8928571428571429,0.0,0.0,0.0,0.0,0,-2,44,0,42
1459374,1.0,0.625,0.6666666666666666,0.0,0.5,0.34721875,0.1665000000000001,0.16666666666666652,0.0,0.0,0.21428571428571425,0.0,0.0,0.0,0.0,0.0,0.0,0.5,0.44428571428571423,0.0,0.0,0.0,0.0,0,16,13,0,29
