match_id,batting_position,runs,balls,fours,sixes,strike_rate,overs,total_balls,dots,maidens,conceded,fours_conceded,sixes_conceded,wickets,LBW,Bowled,noballs,wides,economy_rate,catches,stumping,direct_hit,indirect_hit,strike_rate_fp,batting_fp,bowling_fp,fielding_fp,total_fp
1470190,1.0,0.3333333333333333,0.22,0.0,1.0,0.9332913341733166,0.0,0.0,0.0,0.0,0.0,0.0,0.0,0.0,0.0,0.0,0.0,0.0,0.0,0.0,0.0,0.0,0.0,2,30,0,0,30
1470189,1.0,0.3125,0.27999999999999997,0.0,0.5,0.6999860002799944,0.0,0.0,0.0,0.0,0.0,0.0,0.0,0.0,0.0,0.0,0.0,0.0,0.0,0.0,0.0,0.0,0.0,0,21,0,0,21
1470186,1.0,0.14583333333333331,0.22,0.0,0.0,0.4083018339633207,0.0,0.0,0.0,0.0,0.0,0.0,0.0,0.0,0.0,0.0,0.0,0.0,0.0,0.0,0.0,0.0,0.0,-4,3,0,0,3
1470187,1.0,0.41666666666666663,0.26,0.3333333333333333,0.5,1.0,0.0,0.0,0.0,0.0,0.0,0.0,0.0,0.0,0.0,0.0,0.0,0.0,0.0,0.0,0.0,0.0,0.0,2,36,0,0,36
1443787,0.0,1.0,1.0,1.0,0.0,0.6588268234635307,1.0,1.0,1.0,0.0,1.0,1.0,0.0,1.0,0.0,0.0,0.0,0.0,0.9375,1.0,0.0,0.0,0.0,0,76,27,8,111
1443785,0.0,0.10416666666666666,0.09999999999999999,0.16666666666666666,0.0,0.5832983340333193,0.5,0.5,0.5,0.0,0.5333333333333333,0.0,0.0,0.0,0.0,0.0,0.0,0.0,1.0,0.0,0.0,0.0,0.0,0,9,1,0,10
1443778,0.0,0.0,0.0,0.0,0.0,0.0,0.0,0.0,0.0,0.0,0.0,0.0,0.0,0.0,0.0,0.0,0.0,0.0,0.0,0.0,0.0,1.0,0.0,0,-2,0,12,10
1443772,0.0,0.41666666666666663,0.32,0.5,0.0,0.8235335293294134,0.0,0.0,0.0,0.0,0.0,0.0,0.0,0.0,0.0,0.0,0.0,0.0,0.0,0.0,0.0,0.0,0.0,0,32,0,0,32
1443769,1.0,0.3958333333333333,0.44,0.5,0.0,0.5782584348313033,0.0,0.0,0.0,0.0,0.0,0.0,0.0,0.0,0.0,0.0,0.0,0.0,0.0,0.0,0.0,0.0,0.0,0,31,0,0,31
