match_id,batting_position,runs,balls,fours,sixes,strike_rate,overs,total_balls,dots,maidens,conceded,fours_conceded,sixes_conceded,wickets,LBW,Bowled,noballs,wides,economy_rate,catches,stumping,direct_hit,indirect_hit,strike_rate_fp,batting_fp,bowling_fp,fielding_fp,total_fp
1443783,0.0,1.0,0.75,0.0,0.0,1.0,0.0,0.0,0.0,0.0,0.16666666666666674,0.75,0.0,0.0,0.0,0.0,0.0,0.0,0.9999999999999999,0.0,0.0,0.0,0.0,0,3,0,0,3
1443778,1.0,0.0,0.0,0.0,0.0,0.0,1.0,1.0,0.375,0.0,1.0,1.0,1.0,0.0,0.0,0.0,0.0,0.0,0.5113333333333333,0.0,0.0,0.0,0.0,0,0,-3,0,-3
1443777,1.0,0.0,0.0,0.0,0.0,0.0,1.0,1.0,1.0,0.0,0.04166666666666674,0.0,0.0,1.0,0.0,1.0,0.0,1.0,0.0,0.0,0.0,0.0,0.0,0,0,68,0,68
1443767,0.3333333333333335,1.0,1.0,0.0,0.0,0.75,0.5,0.5,0.75,0.0,0.0,0.5,0.0,0.0,0.0,0.0,0.0,0.0,0.16666666666666663,1.0,0.0,0.0,0.0,0,3,6,8,17
