match_id,batting_position,runs,balls,fours,sixes,strike_rate,overs,total_balls,dots,maidens,conceded,fours_conceded,sixes_conceded,wickets,LBW,Bowled,noballs,wides,economy_rate,catches,stumping,direct_hit,indirect_hit,strike_rate_fp,batting_fp,bowling_fp,fielding_fp,total_fp
1391336,1.0,0.0,0.0,0.0,0.0,0.0,0.0,0.0,0.0,0.0,0.0,0.0,1.0,0.5,0.0,0.0,0.0,0.0,1.0,0.0,0.0,0.0,0.0,0,0,26,0,26
1391337,1.0,1.0,1.0,1.0,0.0,1.0,1.0,1.0,1.0,0.0,1.0000000000000002,1.0,0.0,1.0,0.0,1.0,0.0,1.0,0.5,0.0,0.0,0.0,0.0,0,30,62,0,92
1391333,1.0,0.2222222222222222,0.25,0.3333333333333333,0.0,0.8888888888888888,1.0,1.0,1.0,0.0,0.7777777777777779,0.6666666666666667,0.0,0.5,0.0,0.0,0.0,1.0,0.0,0.0,0.0,0.0,0.0,0,8,31,0,39
1391332,0.0,0.1111111111111111,0.375,0.0,0.0,0.29631111111111114,0.5,0.5,1.0,0.0,0.5,0.3333333333333333,1.0,0.0,0.0,0.0,1.0,0.0,0.665,0.0,0.0,0.0,0.0,0,2,4,0,6
