match_id,batting_position,runs,balls,fours,sixes,strike_rate,overs,total_balls,dots,maidens,conceded,fours_conceded,sixes_conceded,wickets,LBW,Bowled,noballs,wides,economy_rate,catches,stumping,direct_hit,indirect_hit,strike_rate_fp,batting_fp,bowling_fp,fielding_fp,total_fp
1333927,0.75,0.16666666666666666,0.5,0.0,0.0,0.29168125072920315,0.875,0.875,0.8888888888888888,0.0,1.0,1.0,1.0,0.25,0.0,1.0,0.0,0.5,1.0,0.0,0.0,0.0,0.0,0,1,35,0,36
1333925,0.75,1.0,0.875,0.0,0.0,1.0,1.0,1.0,1.0,0.0,0.7209302325581395,0.25,0.6666666666666666,1.0,0.0,0.0,0.0,1.0,0.6305939788445892,0.0,0.0,0.0,0.0,0,6,117,0,123
1333923,1.0,0.0,0.0,0.0,0.0,0.0,1.0,1.0,0.7777777777777777,0.0,0.46511627906976744,0.25,0.0,0.0,0.0,0.0,0.0,0.0,0.4068348250610253,1.0,0.0,0.0,0.0,0,0,11,8,19
1333920,0.5,0.16666666666666666,0.875,0.0,0.0,0.16672500291681253,1.0,1.0,0.7777777777777777,0.0,0.6976744186046512,0.5,0.3333333333333333,0.0,0.0,0.0,0.0,0.0,0.6102522375915379,0.0,0.0,0.0,0.0,0,1,7,0,8
1155281,0.0,0.16666666666666666,0.25,0.0,0.0,0.5833625014584063,0.0,0.0,0.0,0.0,0.0,0.0,0.0,0.0,0.0,0.0,0.0,0.0,0.0,0.0,0.0,0.0,0.0,0,1,0,0,1
1155272,0.25,0.0,0.375,0.0,0.0,0.0,0.5,0.5,0.4444444444444444,0.0,0.32558139534883723,0.25,0.0,0.25,0.0,0.0,0.0,1.0,0.5695687550854354,0.0,0.0,0.0,0.0,0,-2,31,0,29
1155274,0.5,0.8333333333333333,1.0,0.0,0.0,0.7292031268230079,0.75,0.75,0.4444444444444444,0.0,0.7209302325581395,0.75,0.3333333333333333,0.0,0.0,0.0,0.0,0.0,0.8405207485760783,0.0,0.0,0.0,0.0,0,5,2,0,7
