match_id,batting_position,runs,balls,fours,sixes,strike_rate,overs,total_balls,dots,maidens,conceded,fours_conceded,sixes_conceded,wickets,LBW,Bowled,noballs,wides,economy_rate,catches,stumping,direct_hit,indirect_hit,strike_rate_fp,batting_fp,bowling_fp,fielding_fp,total_fp
1333929,1.0,0.5,0.8333333333333333,1.0,0.0,0.6000150003750093,1.0,1.0,0.0,0.0,1.0,1.0,0.0,0.5,0.0,0.0,0.0,0.0,0.6153846153846154,0.0,0.0,0.0,0.0,0,8,34,0,42
1333927,1.0,0.0,0.0,0.0,0.0,0.0,1.0,1.0,1.0,0.0,0.0,0.5,0.0,0.0,0.0,0.0,0.0,0.3333333333333333,0.0,1.0,0.0,0.0,0.0,0,0,25,16,41
1333924,0.0,0.0,0.0,0.0,0.0,0.0,0.0,0.0,0.16666666666666674,0.0,0.625,1.0,0.0,0.5,0.0,0.0,0.0,0.05555555555555555,1.0,1.0,0.0,0.0,0.0,0,0,34,16,50
1333922,1.0,0.0,0.0,0.0,0.0,0.0,0.0,0.0,0.25,0.0,0.0,0.5,0.0,0.5,0.0,1.0,1.0,0.05555555555555555,0.48615384615384616,0.0,0.0,0.0,0.0,0,0,45,0,45
1333920,0.5,1.0,1.0,0.0,1.0,1.0,0.0,0.0,0.5,0.0,0.625,0.0,0.0,1.0,0.0,0.0,0.0,1.0,1.0,0.5,0.0,0.0,0.0,0,14,63,8,85
