match_id,batting_position,runs,balls,fours,sixes,strike_rate,overs,total_balls,dots,maidens,conceded,fours_conceded,sixes_conceded,wickets,LBW,Bowled,noballs,wides,economy_rate,catches,stumping,direct_hit,indirect_hit,strike_rate_fp,batting_fp,bowling_fp,fielding_fp,total_fp
1436491,0.0,0.8571428571428572,1.0,1.0,0.0,0.679037037037037,0.3333333333333333,0.3333333333333333,0.6666666666666667,0.0,0.0,0.3333333333333333,0.0,0.0,0.0,0.0,1.0,1.0,0.0,0.0,0.0,0.0,0.0,0,11,15,0,26
1436490,0.0,0.7142857142857142,0.0,1.0,0.0,0.9259259259259259,0.6666666666666667,0.6666666666666667,0.6666666666666667,0.0,0.48000000000000004,0.6666666666666666,0.25,1.0,0.0,0.0,0.0,0.0,0.33375,0.0,0.0,0.0,1.0,0,10,61,6,77
1436482,0.0,1.0,0.5,0.0,0.0,0.9999999999999999,1.0,1.0,1.0,0.0,1.0,0.0,1.0,1.0,1.0,1.0,0.0,0.0,0.53125,0.0,0.0,0.0,0.0,0,8,78,0,86
1436475,1.0,0.0,0.0,0.0,0.0,0.0,0.0,0.0,0.0,0.0,0.15999999999999998,1.0,0.0,0.0,0.0,0.0,0.0,0.0,1.0,0.0,0.0,0.0,0.0,0,1,3,0,4
