match_id,batting_position,runs,balls,fours,sixes,strike_rate,overs,total_balls,dots,maidens,conceded,fours_conceded,sixes_conceded,wickets,LBW,Bowled,noballs,wides,economy_rate,catches,stumping,direct_hit,indirect_hit,strike_rate_fp,batting_fp,bowling_fp,fielding_fp,total_fp
1424767,0.6666666666666665,0.0,0.0,0.0,0.0,0.0,0.611,0.6111111111111112,0.38888888888888884,0.0,0.125,0.0,0.0,1.0,0.0,1.0,0.0,0.0,0.12,0.0,0.0,0.0,0.0,0,0,71,0,71
1424764,0.0,0.0,1.0,0.0,0.0,0.0,1.0,1.0,0.611111111111111,0.0,0.375,0.0,0.3333333333333333,0.5,0.0,1.0,0.0,0.0,0.16901408450704228,0.0,0.0,0.0,0.0,0,-2,50,0,48
1424763,0.6666666666666665,0.0,0.0,0.0,0.0,0.0,1.0,1.0,1.0,0.0,0.0,0.0,0.0,0.5,0.0,0.0,0.0,0.0,0.0,1.0,0.0,0.0,0.0,0,0,49,8,57
1422039,1.0,0.0,0.0,0.0,0.0,0.0,0.3333333333333333,0.3333333333333333,0.05555555555555555,0.0,1.0,1.0,1.0,0.0,0.0,0.0,0.0,0.0,1.0,0.0,0.0,0.0,0.0,0,0,-5,0,-5
1422037,0.0,0.0,0.0,0.0,0.0,0.0,0.0,0.0,0.0,0.0,0.09375,0.25,0.0,0.0,0.0,0.0,0.0,0.0,0.46478873239436624,0.0,0.0,0.0,0.0,0,0,0,0,0
