match_id,batting_position,runs,balls,fours,sixes,strike_rate,overs,total_balls,dots,maidens,conceded,fours_conceded,sixes_conceded,wickets,LBW,Bowled,noballs,wides,economy_rate,catches,stumping,direct_hit,indirect_hit,strike_rate_fp,batting_fp,bowling_fp,fielding_fp,total_fp
1379585,0.0,0.3333333333333333,0.30000000000000004,0.0,0.0,1.0,0.125,0.125,0.0,0.0,0.4545454545454546,0.2,1.0,0.0,0.0,0.0,1.0,0.0,1.0,0.0,0.0,0.0,0.0,0,6,0,0,6
1343762,0.3999999999999999,0.05555555555555555,0.1,0.0,0.0,0.5,1.0,1.0,0.6666666666666666,0.0,1.0,1.0,0.0,0.0,0.0,0.0,0.0,0.0,0.275,0.0,0.0,0.0,0.0,0,1,8,0,9
1343740,0.3999999999999999,0.2777777777777778,0.55,0.0,0.0,0.4545,0.25,0.25,0.08333333333333333,0.0,0.4545454545454546,0.2,1.0,0.0,0.0,0.0,0.0,0.1111111111111111,0.5,1.0,0.0,0.0,0.0,-6,-1,1,8,8
1343743,1.0,0.0,0.0,0.0,0.0,0.0,0.0,0.0,0.0,0.0,0.0,0.0,0.0,0.0,0.0,0.0,0.0,0.0,0.0,0.0,0.0,0.0,0.0,0,0,0,0,0
1332509,1.0,0.0,0.0,0.0,0.0,0.0,0.25,0.25,0.25,0.0,0.33333333333333337,0.4,0.0,0.0,0.0,0.0,1.0,0.1111111111111111,0.36666666666666664,0.0,0.0,0.0,0.0,0,0,3,0,3
1332504,0.7999999999999998,0.0,0.0,0.0,0.0,0.0,1.0,1.0,0.9166666666666666,0.0,0.8181818181818182,0.2,0.0,0.0,0.0,0.0,1.0,1.0,0.225,1.0,0.0,0.0,0.0,0,0,13,8,21
1332496,0.3999999999999999,1.0,1.0,0.0,1.0,0.9,0.75,0.75,1.0,0.0,0.42424242424242425,0.4,0.0,1.0,0.0,0.0,0.0,0.1111111111111111,0.15566666666666668,0.0,0.0,0.0,0.0,0,24,43,0,67
