match_id,batting_position,runs,balls,fours,sixes,strike_rate,overs,total_balls,dots,maidens,conceded,fours_conceded,sixes_conceded,wickets,LBW,Bowled,noballs,wides,economy_rate,catches,stumping,direct_hit,indirect_hit,strike_rate_fp,batting_fp,bowling_fp,fielding_fp,total_fp
659547,0.3333333333333335,0.0,0.08333333333333333,0.0,0.0,0.0,1.0,1.0,0.625,0.0,0.9999999999999999,0.6000000000000001,0.6666666666666666,0.5,0.0,0.0,0.0,0.0,0.375,0.0,0.0,0.0,0.0,0,0,28,0,28
659545,1.0,0.0,0.0,0.0,0.0,0.0,1.0,1.0,0.625,0.0,0.861111111111111,0.4,0.3333333333333333,0.5,0.0,0.0,0.0,1.0,0.27083333333333326,0.0,0.0,0.0,0.0,0,0,30,0,30
623572,0.0,1.0,1.0,0.0,0.0,0.6562253915478169,0.3333333333333333,0.3333333333333333,0.25,0.0,0.6944444444444444,1.0,0.3333333333333333,0.0,0.0,0.0,1.0,0.0,0.7916666666666665,1.0,0.0,0.0,0.0,0,9,-4,8,13
520596,0.0,0.0,0.0,0.0,0.0,0.0,0.22233333333333333,0.22222222222222227,0.0,0.0,0.6666666666666666,0.4,1.0,0.0,0.0,0.0,0.0,0.0,1.0,0.0,0.0,0.0,0.0,0,0,0,0,0
520595,0.0,0.8888888888888888,0.5833333333333333,1.0,0.0,1.0,0.611,0.6111111111111112,0.875,0.0,0.5555555555555556,0.2,0.3333333333333333,0.0,0.0,0.0,0.0,1.0,0.2649999999999999,0.0,0.0,1.0,0.0,0,12,7,12,31
463142,0.3333333333333335,0.1111111111111111,0.16666666666666666,0.0,0.0,0.4374835943652113,1.0,1.0,1.0,0.0,0.9166666666666666,0.8,0.3333333333333333,1.0,0.0,1.0,0.0,0.5,0.3125,0.0,0.0,0.0,0.0,0,1,66,0,67
439139,0.666666666666667,0.0,0.16666666666666666,0.0,0.0,0.0,0.0,0.0,0.125,0.0,0.0,0.0,0.0,0.0,0.0,0.0,0.0,0.5,0.0,1.0,0.0,0.0,0.0,0,-2,1,8,7
