match_id,batting_position,runs,balls,fours,sixes,strike_rate,overs,total_balls,dots,maidens,conceded,fours_conceded,sixes_conceded,wickets,LBW,Bowled,noballs,wides,economy_rate,catches,stumping,direct_hit,indirect_hit,strike_rate_fp,batting_fp,bowling_fp,fielding_fp,total_fp
851985,0.5999999999999999,0.0,0.6000000000000001,0.0,0.0,0.0,0.0,0.0,0.0,0.0,0.5,0.3333333333333333,1.0,0.0,0.0,0.0,0.0,0.0,1.0,0.0,0.0,0.0,0.0,0,-2,0,0,-2
851983,0.7999999999999998,0.0,0.0,0.0,0.0,0.0,1.0,1.0,0.5555555555555556,0.0,0.22727272727272724,0.0,0.0,1.0,1.0,0.0,0.0,0.5,0.0,0.0,0.0,0.0,0.0,0,0,44,0,44
851973,0.0,0.0,0.0,0.0,0.0,0.0,0.5385325334563914,0.5384615384615385,0.4444444444444444,0.0,0.5454545454545454,1.0,0.0,1.0,0.0,0.0,0.0,1.0,0.3123225440090857,0.0,0.0,0.0,0.0,0,0,29,0,29
851959,0.5999999999999999,1.0,1.0,0.0,0.0,1.0,0.0770650669127827,0.07692307692307693,0.2222222222222222,0.0,0.0,0.3333333333333333,0.0,0.0,0.0,0.0,0.0,0.0,0.17035775127768316,0.0,0.0,0.0,0.0,0,4,2,0,6
736307,1.0,0.0,0.0,0.0,0.0,0.0,0.5385325334563914,0.5384615384615385,0.5555555555555556,0.0,0.27272727272727276,0.3333333333333333,0.0,0.0,0.0,0.0,0.0,0.5,0.1419647927314026,0.0,0.0,0.0,0.0,0,0,7,0,7
736297,1.0,0.0,0.0,0.0,0.0,0.0,1.0,1.0,1.0,0.0,1.0,0.6666666666666666,1.0,1.0,0.0,0.0,0.0,1.0,0.3219761499148211,0.0,0.0,0.0,0.0,0,0,34,0,34
