match_id,batting_position,runs,balls,fours,sixes,strike_rate,overs,total_balls,dots,maidens,conceded,fours_conceded,sixes_conceded,wickets,LBW,Bowled,noballs,wides,economy_rate,catches,stumping,direct_hit,indirect_hit,strike_rate_fp,batting_fp,bowling_fp,fielding_fp,total_fp
1462909,0.5555555555555555,0.0,0.06896551724137931,0.0,0.0,0.0,1.0,1.0,1.0,0.0,0.0,0.0,0.0,0.6666666666666666,1.0,0.0,0.0,0.25,0.0,0.0,0.0,0.0,0.0,0,-2,83,0,81
1462906,0.6666666666666666,0.45,0.27586206896551724,0.0,1.0,1.0,0.14310197086546683,0.1428571428571428,0.0,0.0,0.5744680851063829,1.0,0.2,0.3333333333333333,0.0,0.0,0.0,0.0,0.8017021276595744,0.0,0.0,0.0,0.0,0,15,30,0,45
1462901,0.6666666666666666,0.05,0.20689655172413793,0.0,0.0,0.1481777777777778,1.0,1.0,0.75,0.0,0.3617021276595745,0.4,0.2,0.6666666666666666,0.0,0.0,0.0,0.5,0.3617021276595745,1.0,0.0,0.0,0.0,0,1,70,8,79
1462898,0.7777777777777778,0.0,0.0,0.0,0.0,0.0,0.14310197086546683,0.1428571428571428,0.33333333333333337,0.0,0.40425531914893614,0.4,0.4,0.0,0.0,0.0,0.0,0.0,0.5744680851063829,0.0,0.0,0.0,0.0,0,0,11,0,11
1462893,0.5555555555555555,1.0,1.0,1.0,0.0,0.6130666666666666,1.0,1.0,0.8333333333333333,1.0,0.2765957446808511,0.4,0.0,0.3333333333333333,1.0,0.0,0.0,1.0,0.2765957446808511,0.0,0.0,0.0,0.0,-2,22,68,0,90
1462889,0.6666666666666666,0.0,0.0,0.0,0.0,0.0,1.0,1.0,0.33333333333333337,0.0,0.2553191489361702,0.0,0.0,0.3333333333333333,0.0,0.0,0.0,0.0,0.2553191489361702,0.0,0.0,0.0,0.0,0,0,42,0,42
1462885,0.9999999999999999,0.0,0.0,0.0,0.0,0.0,1.0,1.0,0.25,0.0,0.3617021276595745,0.2,0.0,0.0,0.0,0.0,0.0,0.0,0.3617021276595745,0.0,0.0,1.0,0.0,0,0,14,12,26
1462878,0.5555555555555555,0.0,0.0,0.0,0.0,0.0,0.0,0.0,0.33333333333333337,0.0,0.19148936170212766,0.4,0.0,0.3333333333333333,0.0,1.0,0.0,0.25,0.3140425531914894,0.0,0.0,0.0,0.0,0,0,50,0,50
460058,0.0,0.15000000000000002,0.27586206896551724,0.0,0.0,0.3333333333333333,1.0,1.0,0.08333333333333337,0.0,1.0,0.6000000000000001,1.0,1.0,0.0,0.0,0.0,0.25,1.0,1.0,0.0,0.0,0.0,0,3,81,8,92
