match_id,batting_position,runs,balls,fours,sixes,strike_rate,overs,total_balls,dots,maidens,conceded,fours_conceded,sixes_conceded,wickets,LBW,Bowled,noballs,wides,economy_rate,catches,stumping,direct_hit,indirect_hit,strike_rate_fp,batting_fp,bowling_fp,fielding_fp,total_fp
1244380,0.0,0.0,0.0,0.0,0.0,0.0,1.0,1.0,0.7142857142857143,0.0,0.3571428571428572,0.5,0.0,0.0,0.0,0.0,0.0,0.0,0.09756097560975607,1.0,0.0,0.0,0.0,0,0,17,8,25
1244360,0.0,0.0,0.0,0.0,0.0,0.0,1.0,1.0,0.8571428571428571,0.0,0.07142857142857151,0.0,0.0,1.0,0.0,0.0,0.0,0.0,0.0,0.0,0.0,0.0,0.0,0,0,98,0,98
1244341,0.3333333333333335,0.0,0.0,0.0,0.0,0.0,1.0,1.0,1.0,0.0,0.5,0.5,0.3333333333333333,0.3333333333333333,0.0,0.0,0.0,0.0,0.14634146341463417,0.0,0.0,0.0,0.0,0,0,46,0,46
1205826,0.0,0.0,0.0,0.0,0.0,0.0,0.0,0.0,0.0,0.0,0.2142857142857143,0.5,0.3333333333333333,0.0,0.0,0.0,0.0,0.0,1.0,0.0,0.0,0.0,0.0,0,0,1,0,1
1205817,0.3333333333333335,0.0,0.0,0.0,0.0,0.0,0.3333333333333333,0.3333333333333333,0.14285714285714285,0.0,1.0,0.0,1.0,0.0,0.0,0.0,0.0,0.0,0.902439024390244,1.0,0.0,0.0,0.0,0,0,-1,8,7
1205790,0.3333333333333335,0.0,0.0,0.0,0.0,0.0,0.6666666666666667,0.6666666666666667,0.5714285714285714,0.0,0.4285714285714286,1.0,0.0,0.3333333333333333,0.0,0.0,0.0,0.0,0.25170731707317073,1.0,0.0,0.0,0.0,0,0,38,8,46
1205781,0.3333333333333335,1.0,1.0,0.0,0.0,1.0,0.0,0.0,0.0,0.0,0.0,0.0,0.3333333333333333,0.0,0.0,0.0,0.0,0.0,0.7073170731707317,1.0,0.0,0.0,0.0,0,3,1,8,12
1205763,1.0,0.0,0.0,0.0,0.0,0.0,0.6666666666666667,0.6666666666666667,0.2857142857142857,0.0,0.4285714285714286,0.5,0.0,0.0,0.0,0.0,0.0,0.0,0.25170731707317073,0.0,0.0,0.0,0.0,0,0,9,0,9
