match_id,batting_position,runs,balls,fours,sixes,strike_rate,overs,total_balls,dots,maidens,conceded,fours_conceded,sixes_conceded,wickets,LBW,Bowled,noballs,wides,economy_rate,catches,stumping,direct_hit,indirect_hit,strike_rate_fp,batting_fp,bowling_fp,fielding_fp,total_fp
1446104,0.0,0.0,0.0,0.0,0.0,0.0,1.0,1.0,0.28571428571428564,0.0,0.9999999999999999,1.0,1.0,1.0,1.0,0.0,0.0,0.0,1.0,0.0,0.0,0.0,0.0,0,0,34,0,34
1333050,0.0,0.0,0.0,0.0,0.0,0.0,0.0,0.0,0.0,0.0,0.0357142857142857,0.0,0.0,0.0,0.0,0.0,0.0,1.0,0.1961414790996785,0.0,0.0,0.0,0.0,0,0,9,0,9
1332999,1.0,0.0,0.0,0.0,0.0,0.0,1.0,1.0,0.14285714285714285,0.0,0.3571428571428571,0.25,0.0,0.0,0.0,0.0,0.0,0.0,0.3569131832797428,1.0,0.0,0.0,0.0,0,0,6,8,14
1280213,1.0,0.0,0.0,0.0,0.0,0.0,1.0,1.0,0.9999999999999998,0.0,0.0,0.0,0.0,1.0,0.0,0.0,0.0,0.0,0.0,0.0,0.0,0.0,0.0,0,0,41,0,41
