match_id,batting_position,runs,balls,fours,sixes,strike_rate,overs,total_balls,dots,maidens,conceded,fours_conceded,sixes_conceded,wickets,LBW,Bowled,noballs,wides,economy_rate,catches,stumping,direct_hit,indirect_hit,strike_rate_fp,batting_fp,bowling_fp,fielding_fp,total_fp
1217744,0.0,0.14814814814814814,0.055555555555555566,0.5,0.0,1.0,0.0,0.0,0.0,0.0,0.0,0.0,0.0,0.0,0.0,0.0,0.0,0.0,0.0,0.0,0.0,0.0,0.0,0,16,0,0,16
1217743,1.0,0.1111111111111111,0.11111111111111109,0.0,0.0,0.5356875,0.5556666666666666,0.5555555555555556,0.3333333333333333,0.0,0.6785714285714285,0.6000000000000001,0.0,1.0,0.0,0.0,0.0,1.0,0.95,0.0,0.0,0.0,0.0,0,6,27,0,33
1217741,1.0,0.018518518518518517,0.11111111111111109,0.0,0.0,0.0893125,0.0,0.0,0.0,0.0,0.0,0.0,0.0,0.0,0.0,0.0,0.0,0.0,0.0,0.0,0.0,0.0,0.0,0,1,0,0,1
1217738,0.5,0.0,0.0,0.0,0.0,0.0,0.0,0.0,0.0,0.0,0.0,0.0,0.0,0.0,0.0,0.0,0.0,0.0,0.0,0.0,0.0,0.0,0.0,0,-2,0,0,-2
1186493,1.0,1.0,0.9999999999999999,0.5,1.0,0.8653750000000001,0.3333333333333333,0.3333333333333333,0.5,0.0,0.42857142857142855,0.6000000000000001,0.0,0.0,0.0,0.0,0.0,0.0,1.0,0.0,0.0,0.0,0.0,2,96,3,0,99
1186491,1.0,0.16666666666666666,0.1388888888888889,0.25,0.0,0.703125,0.3333333333333333,0.3333333333333333,0.6666666666666666,0.0,0.3214285714285714,0.4,0.0,0.0,0.0,0.0,0.0,0.5,0.75,0.0,0.0,0.0,0.0,0,13,4,0,17
1186490,1.0,0.6296296296296295,0.7777777777777777,0.25,0.5,0.6855000000000001,1.0,1.0,1.0,0.0,1.0,1.0,0.0,1.0,0.0,0.0,0.0,0.5,0.7775,0.0,0.0,0.0,0.0,0,54,31,0,85
1186488,1.0,0.6851851851851851,0.6944444444444443,1.0,0.25,0.8258749999999999,0.3333333333333333,0.3333333333333333,0.16666666666666666,0.0,0.39285714285714285,0.4,0.0,1.0,0.0,0.0,0.0,0.0,0.9166666666666666,0.0,0.0,0.0,0.0,2,65,26,0,91
