match_id,batting_position,runs,balls,fours,sixes,strike_rate,overs,total_balls,dots,maidens,conceded,fours_conceded,sixes_conceded,wickets,LBW,Bowled,noballs,wides,economy_rate,catches,stumping,direct_hit,indirect_hit,strike_rate_fp,batting_fp,bowling_fp,fielding_fp,total_fp
1215140,1.0,0.0,0.0,0.0,0.0,0.0,0.75,0.75,0.875,0.0,0.6486486486486487,0.5,0.0,0.3333333333333333,0.0,0.0,0.0,1.0,0.8648648648648649,0.0,0.0,0.0,0.0,0,0,32,0,32
1215139,1.0,0.0,0.0,0.0,0.0,0.0,1.0,1.0,1.0,0.0,1.0,1.0,0.0,1.0,0.0,1.0,0.0,1.0,1.0,0.0,0.0,0.0,0.0,0,0,95,0,95
1215136,1.0,0.0,0.0,0.0,0.0,0.0,0.5,0.5,1.0,0.0,0.2972972972972973,0.3333333333333333,0.0,0.0,0.0,0.0,0.0,0.0,0.5945945945945946,0.0,0.0,0.0,0.0,0,0,12,0,12
1163056,0.6000000000000001,1.0,0.5,1.0,0.0,1.0,0.0,0.0,0.0,0.0,0.0,0.0,0.0,0.0,0.0,0.0,0.0,0.0,0.0,0.0,0.0,0.0,0.0,0,13,0,0,13
1163051,0.0,0.7777777777777777,1.0,1.0,0.0,0.38889320992455473,0.0,0.0,0.0,0.0,0.0,0.0,0.0,0.0,0.0,0.0,0.0,0.0,0.0,0.0,0.0,0.0,0.0,-4,7,0,0,7
1163048,0.1,0.8888888888888888,1.0,1.0,0.0,0.44442716030178114,0.0,0.0,0.0,0.0,0.0,0.0,0.0,0.0,0.0,0.0,0.0,0.0,0.0,0.0,0.0,0.0,0.0,-4,8,0,0,8
