match_id,batting_position,runs,balls,fours,sixes,strike_rate,overs,total_balls,dots,maidens,conceded,fours_conceded,sixes_conceded,wickets,LBW,Bowled,noballs,wides,economy_rate,catches,stumping,direct_hit,indirect_hit,strike_rate_fp,batting_fp,bowling_fp,fielding_fp,total_fp
439499,0.8571428571428571,0.0,0.0,0.0,0.0,0.0,1.0,1.0,0.7857142857142857,0.0,0.375,0.16666666666666666,0.0,0.6666666666666666,0.0,0.0,0.0,0.0,0.375,0.0,0.0,0.0,0.0,0,0,67,0,67
361530,0.8571428571428571,0.0,0.15384615384615385,0.0,0.0,0.0,1.0,1.0,1.0,1.0,0.22916666666666666,0.0,0.0,0.6666666666666666,0.0,0.5,0.0,0.0,0.22916666666666666,0.0,0.0,0.0,0.0,0,-2,90,0,88
287860,0.8571428571428571,0.2857142857142857,0.7692307692307693,0.0,0.0,0.3714365307828025,1.0,1.0,0.5,0.0,1.0,1.0,1.0,1.0,1.0,1.0,0.0,1.0,1.0,0.0,0.0,0.0,0.0,-6,-2,106,0,104
287854,0.9999999999999999,1.0,1.0,1.0,0.0,1.0,0.0,0.0,0.0,0.0,0.0,0.0,0.0,0.0,0.0,0.0,0.0,0.0,0.0,0.0,0.0,0.0,0.0,0,18,0,0,18
306991,0.0,0.0,0.5384615384615385,0.0,0.0,0.0,0.0,0.0,0.0,0.0,0.0,0.0,0.0,0.0,0.0,0.0,0.0,0.0,0.0,0.0,0.0,0.0,0.0,0,-2,0,0,-2
306987,0.7142857142857143,0.42857142857142855,0.46153846153846156,1.0,0.0,0.9285913269570062,0.75,0.75,0.2857142857142857,0.0,0.4375,0.3333333333333333,0.0,0.3333333333333333,0.0,0.0,0.0,1.0,0.5833333333333333,0.0,0.0,0.0,0.0,0,10,31,0,41
