match_id,batting_position,runs,balls,fours,sixes,strike_rate,overs,total_balls,dots,maidens,conceded,fours_conceded,sixes_conceded,wickets,LBW,Bowled,noballs,wides,economy_rate,catches,stumping,direct_hit,indirect_hit,strike_rate_fp,batting_fp,bowling_fp,fielding_fp,total_fp
571262,0.0,1.0,1.0,0.0,0.0,0.75,1.0,1.0,1.0,0.0,0.653846153846154,1.0,1.0,0.0,0.0,1.0,0.0,0.0,0.5967741935483872,0.0,0.0,0.0,0.0,0,9,47,0,56
571254,0.0,0.3333333333333333,0.25,0.0,0.0,1.0,1.0,1.0,0.2857142857142858,0.0,1.0,0.5,1.0,1.0,1.0,0.0,0.0,0.0,1.0,0.0,0.0,0.0,0.0,0,3,65,0,68
571249,0.0,0.0,0.0,0.0,0.0,0.0,0.0,0.0,0.0,0.0,0.6153846153846154,0.5,1.0,0.0,0.0,1.0,0.0,0.0,0.9551971326164874,0.0,0.0,0.0,0.0,0,0,38,0,38
571247,0.0,0.0,0.0,0.0,0.0,0.0,0.0,0.0,0.8571428571428572,0.0,0.0,0.0,0.0,0.0,0.0,0.0,0.0,0.0,0.0,0.0,0.0,0.0,0.0,0,0,42,0,42
