match_id,batting_position,runs,balls,fours,sixes,strike_rate,overs,total_balls,dots,maidens,conceded,fours_conceded,sixes_conceded,wickets,LBW,Bowled,noballs,wides,economy_rate,catches,stumping,direct_hit,indirect_hit,strike_rate_fp,batting_fp,bowling_fp,fielding_fp,total_fp
1410444,0.0,0.0,0.0,0.0,0.0,0.0,0.0,0.0,0.42857142857142855,0.0,0.0,0.0,0.0,0.0,0.0,0.0,0.0,0.0,0.2503748125937033,0.0,0.0,1.0,0.0,0,0,2,12,14
1410402,1.0,0.0,0.0,0.0,0.0,0.0,1.0,1.0,0.0,0.0,1.0,0.6,1.0,0.0,0.0,0.0,1.0,0.0,1.0,1.0,0.0,0.0,0.0,0,0,-5,8,3
1410395,1.0,0.0,0.0,0.0,0.0,0.0,0.9165000000000001,0.9166666666666665,1.0,0.0,0.45000000000000007,1.0,0.0,0.5,0.0,1.0,0.0,0.5,0.2368815592203899,0.0,0.0,0.0,0.0,0,0,41,0,41
1410381,1.0,0.0,0.0,0.0,0.0,0.0,0.5,0.5,0.7142857142857142,0.0,0.125,0.0,0.25,0.5,0.0,0.0,0.0,0.5,0.0,0.0,0.0,0.0,0.0,0,0,31,0,31
1347685,1.0,0.0,0.0,0.0,0.0,0.0,1.0,1.0,0.7142857142857142,0.0,0.4,0.0,0.5,1.0,0.0,1.0,0.0,0.0,0.1004497751124438,0.0,0.0,0.0,0.0,0,0,64,0,64
1347674,1.0,0.0,0.0,0.0,0.0,0.0,1.0,1.0,1.0,0.0,0.42500000000000004,0.4,0.25,1.0,0.0,0.0,0.0,1.0,0.13793103448275867,0.0,0.0,0.0,0.0,0,0,58,0,58
