match_id,batting_position,runs,balls,fours,sixes,strike_rate,overs,total_balls,dots,maidens,conceded,fours_conceded,sixes_conceded,wickets,LBW,Bowled,noballs,wides,economy_rate,catches,stumping,direct_hit,indirect_hit,strike_rate_fp,batting_fp,bowling_fp,fielding_fp,total_fp
1407107,1.0,0.0,0.0,0.0,0.0,0.0,0.3333333333333333,0.3333333333333333,0.3636363636363636,0.0,0.02702702702702703,0.0,0.0,0.0,0.0,0.0,0.0,0.0,0.05882352941176461,0.0,0.0,0.0,0.0,0,0,8,0,8
1407104,0.75,0.0,0.0,0.0,0.0,0.0,0.3333333333333333,0.3333333333333333,0.3636363636363636,0.0,0.0,0.0,0.0,1.0,0.0,1.0,0.0,0.0,0.0,0.0,0.0,0.0,0.0,0,0,43,0,43
1407101,1.0,0.0,0.0,0.0,0.0,0.0,0.3333333333333333,0.3333333333333333,0.6363636363636365,0.0,0.13513513513513514,0.0,0.3333333333333333,1.0,0.0,0.0,0.0,1.0,0.2941176470588235,0.0,0.0,0.0,0.0,0,0,34,0,34
1407091,0.5,0.2,0.75,0.0,0.0,0.26668800000000004,0.0,0.0,0.0,0.0,0.08108108108108109,0.33333333333333337,0.0,0.0,0.0,0.0,0.0,0.5,0.9999999999999999,0.0,0.0,0.0,0.0,-6,-1,2,0,1
1404393,0.0,0.32,0.5625,0.3333333333333333,0.0,0.5688960000000001,0.3333333333333333,0.3333333333333333,0.45454545454545453,0.0,0.1891891891891892,0.0,0.3333333333333333,0.0,0.0,0.0,0.0,1.0,0.4117647058823529,0.0,0.0,0.0,0.0,0,12,7,0,19
1404392,0.75,0.0,0.0,0.0,0.0,0.0,0.6666666666666667,0.6666666666666667,1.0,0.0,0.27027027027027023,0.0,0.3333333333333333,1.0,0.0,0.0,0.0,0.5,0.17647058823529405,0.0,0.0,0.0,0.0,0,0,40,0,40
1404391,0.75,0.0,0.0,0.0,0.0,0.0,1.0,1.0,0.3636363636363636,0.0,1.0,0.9999999999999999,1.0,0.0,0.0,0.0,0.0,0.0,0.764705882352941,0.0,0.0,1.0,0.0,0,0,2,12,14
1214671,0.75,0.04,0.0625,0.0,0.0,0.64,0.6666666666666667,0.6666666666666667,0.27272727272727276,0.0,0.40540540540540543,0.6666666666666666,0.0,0.0,0.0,0.0,0.0,0.0,0.3729411764705882,0.0,0.0,0.0,0.0,0,1,5,0,6
1214670,1.0,1.0,1.0,1.0,1.0,1.0,0.3333333333333333,0.3333333333333333,0.18181818181818182,0.0,0.35135135135135137,0.33333333333333337,0.3333333333333333,0.0,0.0,0.0,0.0,0.5,0.764705882352941,0.0,0.0,0.0,0.0,4,51,0,0,51
