match_id,batting_position,runs,balls,fours,sixes,strike_rate,overs,total_balls,dots,maidens,conceded,fours_conceded,sixes_conceded,wickets,LBW,Bowled,noballs,wides,economy_rate,catches,stumping,direct_hit,indirect_hit,strike_rate_fp,batting_fp,bowling_fp,fielding_fp,total_fp
1321278,0.0,0.26666666666666666,0.37037037037037035,0.0,0.0,0.5594615384615386,1.0,1.0,0.2857142857142857,0.0,0.7142857142857143,0.6000000000000001,0.0,0.0,0.0,0.0,0.0,0.6666666666666666,0.6905940594059405,1.0,0.0,0.0,0.0,0,8,8,8,24
1321274,0.0,0.0,0.0,0.0,0.0,0.0,1.0,1.0,0.7142857142857143,0.0,0.4571428571428572,0.2,1.0,1.0,0.0,0.0,0.0,0.0,0.4121287128712871,1.0,0.0,0.0,0.0,0,-2,63,8,69
1321271,0.0,0.9,0.8148148148148149,0.5,1.0,0.903,0.5,0.5,0.9999999999999999,1.0,0.0,0.0,0.0,1.0,0.0,0.0,1.0,0.3333333333333333,0.0,0.0,0.0,0.0,0.0,0,45,81,0,126
1321261,0.0,1.0,0.9259259259259258,1.0,1.0,0.8875384615384615,1.0,1.0,0.5714285714285713,0.0,0.37142857142857144,0.4,0.0,1.0,1.0,0.0,0.0,0.3333333333333333,0.3193069306930693,0.0,0.0,0.0,0.0,0,56,72,0,128
1321258,0.0,0.8333333333333334,0.8148148148148149,1.0,0.0,0.8361538461538462,0.5,0.5,0.0,0.0,0.37142857142857144,0.2,0.0,0.0,0.0,0.0,0.0,1.0,0.5358910891089108,0.0,0.0,0.0,0.0,0,45,8,0,53
1155317,1.0,0.6666666666666666,1.0,0.25,1.0,0.5494615384615386,0.0,0.0,0.0,0.0,0.14285714285714288,0.2,0.0,0.5,0.0,1.0,0.0,0.6666666666666666,0.47400990099009904,0.0,0.0,0.0,0.0,0,30,41,0,71
1155304,1.0,0.8666666666666667,0.7037037037037037,1.0,0.0,1.0,1.0,1.0,0.0,0.0,0.9999999999999999,1.0,0.0,1.0,0.0,1.0,0.0,1.0,1.0,0.0,0.0,0.0,0.0,2,48,62,0,110
