match_id,batting_position,runs,balls,fours,sixes,strike_rate,overs,total_balls,dots,maidens,conceded,fours_conceded,sixes_conceded,wickets,LBW,Bowled,noballs,wides,economy_rate,catches,stumping,direct_hit,indirect_hit,strike_rate_fp,batting_fp,bowling_fp,fielding_fp,total_fp
1280273,1.0,0.08333333333333333,0.42857142857142855,0.0,0.0,0.16666666666666669,1.0,1.0,0.9999999999999999,0.0,1.0,0.0,1.0,0.0,0.0,0.0,0.0,1.0,0.7888040712468194,0.0,0.0,0.0,0.0,0,1,3,0,4
1205797,0.0,0.0,0.0,0.0,0.0,0.0,0.0,0.0,0.33333333333333337,0.0,0.0,0.0,0.0,0.0,0.0,0.0,0.0,0.0,0.0,0.0,0.0,0.0,0.0,0,-2,3,0,1
1205770,0.0,1.0,1.0,1.0,1.0,1.0,0.45444626295690127,0.4545454545454545,0.0,0.0,0.6,0.0,0.3333333333333333,0.0,0.0,0.0,1.0,0.0,1.0,0.0,0.0,0.0,0.0,0,22,-5,0,17
