match_id,batting_position,runs,balls,fours,sixes,strike_rate,overs,total_balls,dots,maidens,conceded,fours_conceded,sixes_conceded,wickets,LBW,Bowled,noballs,wides,economy_rate,catches,stumping,direct_hit,indirect_hit,strike_rate_fp,batting_fp,bowling_fp,fielding_fp,total_fp
1244379,0.0,0.0,1.0,0.0,0.0,0.0,0.0,0.0,0.0,0.0,0.5,0.3333333333333333,1.0,1.0,0.0,0.0,0.0,0.0,1.0,0.0,0.0,0.0,0.0,0,-2,30,0,28
1244362,0.3333333333333335,0.0,1.0,0.0,0.0,0.0,1.0,1.0,0.3333333333333335,0.0,0.9999999999999998,1.0,0.0,0.0,0.0,0.0,0.0,1.0,0.7957559681697615,0.0,0.0,0.0,0.0,0,0,8,0,8
1244343,0.3333333333333335,0.0,0.0,0.0,0.0,0.0,0.14310197086546683,0.1428571428571428,0.0,0.0,0.25,0.6666666666666666,0.0,0.0,0.0,0.0,0.0,0.0,0.6180371352785146,0.0,0.0,0.0,0.0,0,0,7,0,7
1244323,1.0,0.0,0.0,0.0,0.0,0.0,1.0,1.0,1.0,0.0,0.0,0.0,0.0,1.0,0.0,0.0,0.0,0.0,0.0,1.0,0.0,0.0,0.0,0,0,39,8,47
