match_id,batting_position,runs,balls,fours,sixes,strike_rate,overs,total_balls,dots,maidens,conceded,fours_conceded,sixes_conceded,wickets,LBW,Bowled,noballs,wides,economy_rate,catches,stumping,direct_hit,indirect_hit,strike_rate_fp,batting_fp,bowling_fp,fielding_fp,total_fp
1467706,1.0,0.0,0.0,0.0,0.0,0.0,1.0,1.0,1.0,0.0,0.9000000000000001,0.5,1.0,0.5,0.0,1.0,0.0,1.0,0.8000000000000003,0.0,0.0,0.0,0.0,0,0,49,0,49
1431087,0.0,0.0,0.0,0.0,0.0,0.0,1.0,1.0,0.0,0.0,1.0,1.0,0.0,0.5,0.0,1.0,0.0,0.0,1.0,1.0,0.0,0.0,0.0,0,0,37,8,45
1431086,0.0,0.0,1.0,0.0,0.0,0.0,1.0,1.0,0.30000000000000004,0.0,0.9000000000000001,0.5,1.0,0.0,0.0,0.0,0.0,0.0,0.8000000000000003,0.0,0.0,0.0,0.0,0,0,9,0,9
1355722,0.5,0.0,0.0,0.0,0.0,0.0,0.0,0.0,0.09999999999999998,0.0,0.0,0.0,0.0,1.0,0.0,1.0,0.0,0.0,0.0,0.0,0.0,0.0,0.0,0,0,67,0,67
