match_id,batting_position,runs,balls,fours,sixes,strike_rate,overs,total_balls,dots,maidens,conceded,fours_conceded,sixes_conceded,wickets,LBW,Bowled,noballs,wides,economy_rate,catches,stumping,direct_hit,indirect_hit,strike_rate_fp,batting_fp,bowling_fp,fielding_fp,total_fp
1444950,0.0,0.07692307692307693,0.26086956521739135,0.0,0.0,0.2308562197092084,1.0,1.0,0.75,0.0,0.9375,0.3333333333333333,0.0,1.0,1.0,0.0,0.0,1.0,0.9375,0.0,0.0,0.0,0.0,0,1,39,0,40
1444951,1.0,0.8461538461538463,1.0,1.0,0.0,0.7403877221324717,0.0,0.0,0.0,0.0,0.0,0.0,0.0,0.0,0.0,0.0,0.0,0.0,0.0,0.0,0.0,0.0,0.0,-6,9,0,0,9
1444949,0.0,1.0,0.8695652173913043,1.0,1.0,1.0,1.0,1.0,1.0,0.0,0.375,0.0,0.0,1.0,0.0,0.0,0.0,0.0,0.375,0.0,0.0,0.0,0.0,-2,21,39,0,60
1444947,0.5,0.0,0.0,0.0,0.0,0.0,1.0,1.0,0.625,0.0,1.0,1.0,0.0,0.0,0.0,0.0,0.0,0.0,1.0,0.0,0.0,0.0,0.0,0,-2,5,0,3
