match_id,batting_position,runs,balls,fours,sixes,strike_rate,overs,total_balls,dots,maidens,conceded,fours_conceded,sixes_conceded,wickets,LBW,Bowled,noballs,wides,economy_rate,catches,stumping,direct_hit,indirect_hit,strike_rate_fp,batting_fp,bowling_fp,fielding_fp,total_fp
1142223,0.3333333333333335,1.0,1.0,0.0,1.0,1.0,1.0,1.0,0.75,0.0,0.5,0.3333333333333333,0.5,1.0,0.0,0.0,0.0,0.0,0.19999999999999996,0.0,0.0,0.0,0.0,0,18,41,0,59
1142220,0.6666666666666665,0.0,0.0,0.0,0.0,0.0,0.0,0.0,0.0,0.0,0.7000000000000002,0.6666666666666666,1.0,0.0,0.0,0.0,0.0,0.0,1.0,1.0,0.0,0.0,0.0,0,0,2,8,10
1142219,1.0,0.0,0.0,0.0,0.0,0.0,0.5,0.5,0.875,0.0,0.0,0.3333333333333333,0.0,1.0,0.0,0.0,0.0,1.0,0.00914285714285712,1.0,0.0,0.0,0.0,0,0,44,8,52
1142215,0.0,0.0,0.2222222222222222,0.0,0.0,0.0,0.3334999999999999,0.33333333333333326,0.125,0.0,0.6000000000000001,0.6666666666666666,0.5,0.0,0.0,0.0,0.0,0.0,0.5714285714285714,1.0,0.0,0.0,0.0,0,-2,7,8,13
1142211,0.3333333333333335,1.0,1.0,0.0,1.0,1.0,1.0,1.0,0.875,0.0,1.0,1.0,1.0,0.0,0.0,0.0,0.0,0.0,0.48571428571428565,0.0,0.0,0.0,0.0,0,18,13,0,31
1142208,1.0,0.0,0.0,0.0,0.0,0.0,1.0,1.0,1.0,0.0,0.15000000000000002,0.0,0.5,0.0,0.0,0.0,0.0,0.0,0.0,0.0,0.0,0.0,0.0,0,0,20,0,20
