match_id,batting_position,runs,balls,fours,sixes,strike_rate,overs,total_balls,dots,maidens,conceded,fours_conceded,sixes_conceded,wickets,LBW,Bowled,noballs,wides,economy_rate,catches,stumping,direct_hit,indirect_hit,strike_rate_fp,batting_fp,bowling_fp,fielding_fp,total_fp
1462903,0.75,0.0,0.1,0.0,0.0,0.0,1.0,1.0,0.0,0.0,0.9999999999999999,1.0,0.0,0.0,0.0,0.0,0.0,0.5,1.0,0.0,0.0,0.0,0.0,0,-2,7,0,5
1462897,0.5,0.0,0.0,0.0,0.0,0.0,0.8334999999999999,0.8333333333333333,1.0,1.0,0.0,0.0,0.0,1.0,0.0,0.5,0.0,1.0,0.0,0.0,0.0,0.0,0.0,0,0,124,0,124
1462892,0.0,0.2857142857142857,1.0,0.0,0.0,0.22857142857142856,0.5,0.5,0.08333333333333337,0.0,0.6206896551724138,0.5,1.0,0.3333333333333333,0.0,0.0,0.0,0.0,0.8837535014005602,0.0,0.0,0.0,0.0,-6,-4,33,0,29
1462890,0.5,1.0,0.8,0.0,0.0,1.0,0.5,0.5,0.16666666666666674,0.0,0.48275862068965514,0.5,0.0,0.6666666666666666,0.0,1.0,0.0,1.0,0.6960784313725491,0.0,0.0,0.0,0.0,0,7,77,0,84
1462880,1.0,0.2857142857142857,0.6000000000000001,0.0,0.0,0.3809142857142857,0.0,0.0,0.0,0.0,0.1724137931034483,0.25,0.0,0.0,0.0,0.0,0.0,0.5,0.5098039215686274,0.0,0.0,0.0,0.0,0,2,11,0,13
