match_id,batting_position,runs,balls,fours,sixes,strike_rate,overs,total_balls,dots,maidens,conceded,fours_conceded,sixes_conceded,wickets,LBW,Bowled,noballs,wides,economy_rate,catches,stumping,direct_hit,indirect_hit,strike_rate_fp,batting_fp,bowling_fp,fielding_fp,total_fp
875477,1.0,0.08571428571428572,0.19999999999999998,0.0,0.0,0.07406666666666667,0.5,0.5,0.2222222222222222,0.0,0.44999999999999996,0.3333333333333333,0.5,0.0,0.0,0.0,0.0,0.0,0.7777777777777777,0.0,0.0,0.0,0.0,0,4,8,0,12
875465,1.0,0.39999999999999997,0.4666666666666667,0.0,0.0,0.3660666666666667,0.0,0.0,0.0,0.0,0.0,0.3333333333333333,0.0,0.5,0.0,0.0,0.0,0.0,0.5555555555555556,0.0,0.0,0.0,0.0,0,15,31,0,46
660207,0.0,0.48571428571428565,0.7000000000000001,0.0,0.0,0.2778,1.0,1.0,0.5555555555555556,0.0,0.6000000000000001,0.3333333333333333,0.5,0.0,0.0,0.0,0.0,0.0,0.5555555555555556,0.0,0.0,0.0,0.0,0,18,11,0,29
660199,0.33333333333333326,0.6,0.30000000000000004,1.0,1.0,1.0000000000000002,1.0,1.0,0.7777777777777777,0.0,0.44999999999999996,0.6666666666666666,0.0,1.0,0.0,0.0,0.0,0.0,0.38888888888888884,1.0,0.0,0.0,0.0,6,38,65,8,111
660179,0.33333333333333326,0.7999999999999999,0.6666666666666666,0.0,1.0,0.6184000000000001,1.0,1.0,0.4444444444444444,0.0,0.95,0.3333333333333333,1.0,0.5,0.0,0.0,0.0,1.0,0.9444444444444444,0.0,0.0,0.0,0.0,0,39,33,0,72
660153,0.6666666666666665,0.14285714285714285,0.06666666666666665,0.0,0.0,0.5778000000000001,1.0,1.0,0.11111111111111116,0.0,0.7,0.3333333333333333,0.0,0.5,0.0,1.0,0.0,0.0,0.6666666666666667,0.0,0.0,0.0,0.0,0,6,40,0,46
660125,0.6666666666666665,0.0,0.0,0.0,0.0,0.0,1.0,1.0,1.0,0.0,0.09999999999999998,0.0,0.0,1.0,0.0,0.0,0.0,0.0,0.0,0.0,0.0,0.0,0.0,0,1,69,0,70
660117,0.33333333333333326,0.9999999999999999,1.0,1.0,0.0,0.5050666666666668,1.0,1.0,0.4444444444444444,0.0,1.0,1.0,0.5,1.0,0.0,1.0,0.0,0.0,1.0,0.0,0.0,0.0,0.0,0,44,66,0,110
