match_id,batting_position,runs,balls,fours,sixes,strike_rate,overs,total_balls,dots,maidens,conceded,fours_conceded,sixes_conceded,wickets,LBW,Bowled,noballs,wides,economy_rate,catches,stumping,direct_hit,indirect_hit,strike_rate_fp,batting_fp,bowling_fp,fielding_fp,total_fp
1278671,0.5,0.0,0.0,0.0,0.0,0.0,0.6666666666666667,0.6666666666666667,0.42857142857142855,0.0,1.0,0.5,1.0,0.0,0.0,0.0,0.0,1.0,0.7430769230769232,0.0,0.0,0.0,0.0,0,0,0,0,0
1233981,1.0,0.0,0.0,0.0,0.0,0.0,0.3333333333333333,0.3333333333333333,1.0,0.0,0.0,0.0,0.5,1.0,0.0,0.5,0.0,0.0,0.0,0.0,0.0,0.0,0.0,0,0,126,0,126
1192877,1.0,1.0,1.0,0.0,0.0,1.0,1.0,1.0,1.0,0.0,0.7142857142857142,1.0,0.0,0.75,0.0,1.0,0.0,0.0,0.0769230769230771,1.0,0.0,0.0,0.0,0,3,105,8,116
914223,0.5,0.0,0.0,0.0,0.0,0.0,0.0,0.0,0.0,0.0,0.0,0.0,0.5,0.0,0.0,0.0,0.0,0.0,1.0,1.0,0.0,0.0,0.0,0,0,1,8,9
914221,0.0,0.3333333333333333,1.0,0.0,0.0,0.3333333333333333,0.6666666666666667,0.6666666666666667,0.42857142857142855,0.0,0.7142857142857142,0.0,1.0,0.0,0.0,0.0,0.0,0.0,0.4353846153846155,1.0,0.0,0.0,0.0,0,1,4,8,13
