match_id,batting_position,runs,balls,fours,sixes,strike_rate,overs,total_balls,dots,maidens,conceded,fours_conceded,sixes_conceded,wickets,LBW,Bowled,noballs,wides,economy_rate,catches,stumping,direct_hit,indirect_hit,strike_rate_fp,batting_fp,bowling_fp,fielding_fp,total_fp
1186493,0.8000000000000002,0.5555555555555556,0.2222222222222222,1.0,0.0,1.0,0.0,0.0,0.0,0.0,0.0,0.0,0.0,0.0,0.0,0.0,0.0,0.0,0.0,0.5,0.0,0.0,0.0,0,9,0,8,17
1186491,1.0,1.0,0.9999999999999999,0.0,1.0,0.6545599999999999,1.0,1.0,1.0,0.0,1.0,1.0,1.0,0.0,0.0,0.0,0.0,1.0,0.75,0.0,0.0,0.0,0.0,0,15,7,0,22
1186490,0.8000000000000002,0.1111111111111111,0.1111111111111111,0.0,0.0,0.26664,0.0,0.0,0.0,0.0,0.0,0.0,0.0,0.0,0.0,0.0,0.0,0.0,0.0,1.0,0.0,0.0,0.0,0,1,0,16,17
1186488,0.0,0.0,0.0,0.0,0.0,0.0,0.5,0.5,0.0,0.0,0.6666666666666666,1.0,0.0,0.0,0.0,0.0,0.0,0.5,1.0,0.0,0.0,0.0,0.0,0,-2,0,0,-2
