match_id,batting_position,runs,balls,fours,sixes,strike_rate,overs,total_balls,dots,maidens,conceded,fours_conceded,sixes_conceded,wickets,LBW,Bowled,noballs,wides,economy_rate,catches,stumping,direct_hit,indirect_hit,strike_rate_fp,batting_fp,bowling_fp,fielding_fp,total_fp
1072320,0.0,0.03333333333333333,0.1,0.0,0.0,0.33333333333333337,0.5455537370430987,0.5454545454545454,0.0,0.0,1.0,0.42857142857142855,1.0,0.0,0.0,0.0,1.0,1.0,1.0,0.0,0.0,0.0,0.0,0,1,-2,0,-1
1115808,0.0,1.0,1.0,1.0,1.0,1.0,1.0,0.9999999999999998,0.6,0.0,0.4166666666666667,0.5714285714285714,0.2,1.0,0.0,0.0,0.0,0.14285714285714285,0.23793337865397685,0.0,0.0,0.0,0.0,0,54,60,0,114
1020029,1.0,0.2,0.30000000000000004,0.5,0.0,0.6666666666666667,1.0,0.9999999999999998,0.5,0.0,0.6875,1.0,0.4,0.5,0.0,0.0,0.0,0.0,0.45887151597552683,1.0,0.0,0.0,0.0,0,10,28,8,46
1019983,1.0,0.0,0.0,0.0,0.0,0.0,1.0,0.9999999999999998,0.5,0.0,0.2708333333333333,0.42857142857142855,0.0,0.0,0.0,0.0,0.0,0.0,0.11896668932698845,0.0,0.0,0.0,0.0,0,0,9,0,9
1019981,1.0,0.0,0.0,0.0,0.0,0.0,0.0,0.0,0.30000000000000004,0.0,0.0,0.0,0.0,1.0,0.0,0.0,0.0,0.42857142857142855,0.12780421481985044,0.0,0.0,0.0,0.0,0,0,57,0,57
1019979,1.0,0.0,0.0,0.0,0.0,0.0,1.0,0.9999999999999998,1.0,0.0,0.125,0.14285714285714285,0.0,1.0,0.0,0.0,0.0,0.5714285714285714,0.0,0.0,0.0,0.0,0.0,0,0,68,0,68
