match_id,batting_position,runs,balls,fours,sixes,strike_rate,overs,total_balls,dots,maidens,conceded,fours_conceded,sixes_conceded,wickets,LBW,Bowled,noballs,wides,economy_rate,catches,stumping,direct_hit,indirect_hit,strike_rate_fp,batting_fp,bowling_fp,fielding_fp,total_fp
530364,1.0,1.0,1.0,0.0,0.0,1.0,0.5,0.5,0.0,0.0,1.0,1.0,1.0,0.0,0.0,0.0,0.0,0.6666666666666666,1.0,0.0,0.0,0.0,0.0,0,7,-3,0,4
530345,1.0,0.0,0.0,0.0,0.0,0.0,0.0,0.0,0.16666666666666666,0.0,0.17073170731707318,0.3333333333333333,0.0,0.0,0.0,0.0,0.0,0.3333333333333333,0.3214285714285714,0.0,0.0,0.0,0.0,0,0,10,0,10
530340,0.0,0.0,0.0,0.0,0.0,0.0,1.0,1.0,0.611111111111111,0.0,0.5853658536585367,0.6666666666666666,0.5,1.0,0.0,1.0,0.0,0.0,0.4285714285714286,0.0,0.0,0.0,0.0,0,0,82,0,82
530334,1.0,0.0,0.0,0.0,0.0,0.0,0.75,0.75,0.38888888888888895,0.0,0.5609756097560976,1.0,0.0,0.0,0.0,0.0,0.0,0.0,0.4792857142857143,0.0,0.0,0.0,0.0,0,0,10,0,10
530332,1.0,0.0,0.0,0.0,0.0,0.0,1.0,1.0,0.4444444444444444,0.0,0.5365853658536586,0.6666666666666666,0.0,1.0,0.0,0.5,0.0,1.0,0.3928571428571428,0.0,0.0,0.0,0.0,0,0,71,0,71
530328,1.0,0.0,0.0,0.0,0.0,0.0,0.5,0.5,0.2777777777777778,0.0,0.46341463414634154,0.6666666666666666,0.0,0.5,0.0,0.5,0.0,0.0,0.4764285714285714,0.0,0.0,0.0,0.0,0,0,41,0,41
530324,1.0,0.0,0.0,0.0,0.0,0.0,1.0,1.0,0.9999999999999999,1.0,0.0,0.0,0.0,1.0,1.0,0.5,0.0,0.6666666666666666,0.0,0.0,0.0,0.0,0.0,0,0,105,0,105
