match_id,batting_position,runs,balls,fours,sixes,strike_rate,overs,total_balls,dots,maidens,conceded,fours_conceded,sixes_conceded,wickets,LBW,Bowled,noballs,wides,economy_rate,catches,stumping,direct_hit,indirect_hit,strike_rate_fp,batting_fp,bowling_fp,fielding_fp,total_fp
1163059,0.6666666666666667,0.32,0.5384615384615385,0.0,0.0,0.5079111111111111,1.0,1.0,1.0,0.0,0.37499999999999994,0.6666666666666666,0.0,0.6666666666666666,0.0,1.0,0.0,0.0,0.23076923076923078,0.0,0.0,0.0,0.0,-4,4,80,0,84
1163062,0.0,1.0,1.0,1.0,0.0,0.8546666666666667,1.0,1.0,1.0,0.0,0.0,0.0,0.0,1.0,1.0,1.0,0.0,0.0,0.0,0.0,0.0,0.0,0.0,0,41,125,0,166
1163056,0.6666666666666667,0.0,0.0,0.0,0.0,0.0,1.0,1.0,0.6428571428571428,0.0,0.49999999999999994,0.3333333333333333,0.0,0.3333333333333333,0.0,0.0,0.0,0.0,0.3076923076923077,0.0,0.0,0.0,0.0,0,0,42,0,42
1163058,0.6666666666666667,0.4,0.42307692307692313,0.3333333333333333,0.0,0.8080888888888889,1.0,1.0,0.35714285714285715,0.0,1.0,1.0,0.0,0.3333333333333333,0.0,0.0,0.0,0.0,0.6153846153846154,1.0,0.0,0.0,0.0,0,14,32,8,54
1163052,0.9999999999999998,0.36,0.3076923076923077,0.3333333333333333,0.0,1.0,0.0,0.0,0.0,0.0,0.25,0.6666666666666666,0.0,0.0,0.0,0.0,1.0,0.0,1.0,0.0,0.0,0.0,0.0,0,13,2,0,15
