match_id,batting_position,runs,balls,fours,sixes,strike_rate,overs,total_balls,dots,maidens,conceded,fours_conceded,sixes_conceded,wickets,LBW,Bowled,noballs,wides,economy_rate,catches,stumping,direct_hit,indirect_hit,strike_rate_fp,batting_fp,bowling_fp,fielding_fp,total_fp
1443788,0.0,0.058823529411764705,0.14285714285714285,0.0,0.0,0.41175986164868644,1.0,1.0,0.6666666666666666,0.0,0.16129032258064513,0.0,0.0,1.0,0.0,0.0,0.0,0.0,0.16129032258064513,0.0,0.0,0.0,0.0,0,1,66,0,67
1443784,0.0,0.11764705882352941,0.14285714285714285,0.0,0.0,0.8235197232973729,1.0,1.0,0.9999999999999999,0.0,0.0,0.25,0.0,1.0,0.0,0.0,1.0,0.0,0.0,0.0,0.0,0.0,1.0,0,2,71,6,79
1443779,0.0,0.4117647058823529,0.5714285714285714,0.5,0.0,0.7205797578852012,1.0,1.0,0.8888888888888887,0.0,0.4516129032258065,0.5,0.0,0.5,0.0,0.0,1.0,1.0,0.4516129032258065,1.0,0.0,0.0,0.0,0,11,39,8,58
1443768,0.0,1.0,1.0,1.0,0.0,0.9999999999999999,1.0,1.0,0.11111111111111105,0.0,1.0,0.75,1.0,0.0,0.0,0.0,0.0,1.0,1.0,0.0,0.0,0.0,0.0,0,25,3,0,28
1380586,1.0,0.0,0.0,0.0,0.0,0.0,0.0,0.0,0.0,0.0,0.19354838709677424,1.0,0.0,0.0,0.0,0.0,0.0,0.125,0.903225806451613,1.0,0.0,0.0,0.0,0,0,4,8,12
