match_id,batting_position,runs,balls,fours,sixes,strike_rate,overs,total_balls,dots,maidens,conceded,fours_conceded,sixes_conceded,wickets,LBW,Bowled,noballs,wides,economy_rate,catches,stumping,direct_hit,indirect_hit,strike_rate_fp,batting_fp,bowling_fp,fielding_fp,total_fp
1383507,0.0,0.0,0.7142857142857143,0.0,0.0,0.0,0.5,0.5,0.5714285714285714,0.0,0.18181818181818182,0.0,0.0,0.0,0.0,0.0,0.0,0.0,0.2857142857142857,1.0,0.0,0.0,0.0,0,18,4,8,30
1383453,1.0,0.0,0.0,1.0,0.0,0.7911348340682293,1.0,1.0,1.0,0.0,1.0,0.0,1.0,1.0,0.0,0.0,0.0,0.0,0.7857142857142857,0.0,0.0,0.0,0.0,0,26,61,0,87
1383434,0.0,0.5,0.9999999999999999,1.0,0.25,0.38941749825945704,0.5,0.5,0.14285714285714285,0.0,0.6363636363636364,1.0,0.0,0.0,0.0,0.0,0.0,0.0,1.0,0.0,0.0,0.0,0.0,0,48,1,0,49
1333046,1.0,1.0,0.9285714285714285,1.0,1.0,1.0,0.0,0.0,0.0,0.0,0.0,0.0,0.0,0.0,0.0,0.0,0.0,0.0,0.0,1.0,0.0,0.0,1.0,4,82,0,14,96
