match_id,batting_position,runs,balls,fours,sixes,strike_rate,overs,total_balls,dots,maidens,conceded,fours_conceded,sixes_conceded,wickets,LBW,Bowled,noballs,wides,economy_rate,catches,stumping,direct_hit,indirect_hit,strike_rate_fp,batting_fp,bowling_fp,fielding_fp,total_fp
1280292,0.0,1.0,1.0,1.0,0.0,0.9662266619098585,0.75,0.75,0.6153846153846154,0.0,0.5,0.25,0.0,1.0,1.0,1.0,0.0,0.0,0.4444444444444444,0.0,0.0,0.0,0.0,4,134,80,0,214
1280272,0.0,0.6923076923076923,0.9565217391304348,0.5,0.0,0.6980021405636818,1.0,1.0,1.0,0.0,0.875,0.5,0.0,1.0,0.0,0.0,0.0,1.0,0.5833333333333333,0.0,0.0,0.0,0.0,0,82,67,0,149
1280252,0.0,0.3333333333333333,0.3913043478260869,0.5,0.0,0.7729813295278868,0.79175,0.7916666666666666,0.5384615384615385,0.0,1.0,1.0,0.0,0.0,0.0,0.0,0.0,0.0,0.8422222222222222,0.0,0.0,0.0,0.0,2,52,7,0,59
1280232,0.0,0.3333333333333333,0.4565217391304348,0.30000000000000004,0.0,0.6721369960756333,0.0,0.0,0.0,0.0,0.0,0.0,0.0,0.0,0.0,0.0,0.0,0.0,0.0,0.0,0.0,0.0,0.0,0,42,0,0,42
1280216,0.0,0.5384615384615384,0.7608695652173914,0.5,0.0,0.6749316208823879,1.0,1.0,0.5384615384615385,0.0,0.9583333333333333,0.5,0.0,0.5,0.0,1.0,0.0,0.0,0.6388888888888888,0.0,0.0,0.0,0.0,0,66,44,0,110
902181,1.0,0.0,0.0,0.0,0.0,0.0,0.25,0.25,0.15384615384615385,0.0,0.375,0.0,1.0,0.0,0.0,0.0,0.0,0.0,1.0,0.0,0.0,0.0,0.0,0,-2,2,0,0
902205,1.0,0.01282051282051282,0.021739130434782608,0.0,0.0,0.1981805208704959,0.0,0.0,0.0,0.0,0.0,0.0,0.0,0.0,0.0,0.0,0.0,0.0,0.0,0.0,0.0,0.0,0.0,0,1,0,0,1
902157,1.0,0.47435897435897434,0.4347826086956522,0.4,1.0,1.0,0.25,0.25,0.15384615384615385,0.0,0.29166666666666663,0.25,0.0,0.0,0.0,0.0,0.0,0.0,0.7777777777777777,1.0,0.0,0.0,0.0,4,67,2,8,77
