match_id,batting_position,runs,balls,fours,sixes,strike_rate,overs,total_balls,dots,maidens,conceded,fours_conceded,sixes_conceded,wickets,LBW,Bowled,noballs,wides,economy_rate,catches,stumping,direct_hit,indirect_hit,strike_rate_fp,batting_fp,bowling_fp,fielding_fp,total_fp
1459577,0.0,0.3181818181818182,1.0,0.0,0.0,0.2545454545454545,1.0,1.0,0.625,0.0,0.9999999999999999,1.0,1.0,0.0,0.0,0.0,1.0,0.5,0.6538461538461537,0.0,0.0,0.0,0.0,-6,1,2,0,3
1459563,0.6000000000000001,0.18181818181818182,0.15000000000000002,0.0,0.0,0.9696727272727274,0.0,0.0,0.0,0.0,0.057142857142857106,0.6000000000000001,0.0,0.0,0.0,0.0,0.0,0.0,1.0000000000000002,0.0,0.0,0.0,0.0,0,4,1,0,5
1459557,0.8,1.0,0.8,1.0,1.0,1.0,0.3333333333333333,0.3333333333333333,0.375,0.0,0.14285714285714285,0.0,0.5,0.0,0.0,0.0,0.0,1.0,0.15384615384615374,0.0,0.0,0.0,0.0,2,40,4,0,44
1459554,0.6000000000000001,0.0,0.0,0.0,0.0,0.0,0.6666666666666667,0.6666666666666667,1.0,0.0,0.4,1.0,0.0,1.0,1.0,0.0,0.0,0.25,0.17999999999999994,0.0,0.0,0.0,0.0,0,0,67,0,67
1459552,1.0,0.0,0.0,0.0,0.0,0.0,1.0,1.0,0.75,0.0,0.7142857142857143,0.8,0.5,1.0,0.0,0.0,0.0,0.75,0.26923076923076916,0.0,0.0,0.0,0.0,0,0,57,0,57
1459550,0.6000000000000001,0.4545454545454546,0.45,1.0,0.0,0.8080727272727273,1.0,1.0,0.75,0.0,0.5142857142857142,0.4,0.5,0.5,0.0,0.0,0.0,0.0,0.0,0.0,0.0,0.0,0.0,0,14,32,0,46
1459538,0.19999999999999996,0.045454545454545456,0.1,0.0,0.0,0.36363636363636365,0.0,0.0,0.0,0.0,0.0,0.4,0.0,0.0,0.0,0.0,0.0,0.0,0.6923076923076923,1.0,0.0,0.0,0.0,0,1,1,8,10
