match_id,batting_position,runs,balls,fours,sixes,strike_rate,overs,total_balls,dots,maidens,conceded,fours_conceded,sixes_conceded,wickets,LBW,Bowled,noballs,wides,economy_rate,catches,stumping,direct_hit,indirect_hit,strike_rate_fp,batting_fp,bowling_fp,fielding_fp,total_fp
660207,0.0,0.0,1.0,0.0,0.0,0.0,0.0,0.0,0.0,0.0,0.0,0.5,0.0,0.0,0.0,0.0,0.0,0.0,0.0,0.0,0.0,0.0,0.0,0,-2,1,0,-1
660195,1.0,0.0,0.0,0.0,0.0,0.0,1.0,1.0,0.4000000000000001,0.0,0.9999999999999999,1.0,0.6666666666666666,0.0,0.0,0.0,1.0,0.8,1.0,0.0,0.0,0.0,0.0,0,0,-1,0,-1
660143,1.0,0.0,0.0,0.0,0.0,0.0,0.8334999999999999,0.8333333333333333,1.0000000000000002,0.0,0.7499999999999999,0.0,1.0,1.0,0.0,1.0,0.0,1.0,0.7174999999999998,0.0,0.0,0.0,0.0,0,0,37,0,37
