match_id,batting_position,runs,balls,fours,sixes,strike_rate,overs,total_balls,dots,maidens,conceded,fours_conceded,sixes_conceded,wickets,LBW,Bowled,noballs,wides,economy_rate,catches,stumping,direct_hit,indirect_hit,strike_rate_fp,batting_fp,bowling_fp,fielding_fp,total_fp
1462910,0.3999999999999999,0.96,0.88,1.0,0.0,0.9999999999999999,0.5,0.5,0.4666666666666667,0.0,0.6086956521739131,0.6666666666666666,0.0,0.3333333333333333,0.0,0.5,0.0,0.0,0.6086956521739131,0.0,0.0,0.0,0.0,0,36,42,0,78
1462901,0.0,0.28,1.0,0.3333333333333333,0.0,0.25797795879252516,1.0,1.0,1.0,0.0,0.9565217391304348,0.6666666666666666,0.0,1.0,0.0,1.0,0.0,1.0,0.4782608695652174,0.0,0.0,0.0,0.0,-6,5,114,0,119
1462897,0.8,0.0,0.12,0.0,0.0,0.0,0.0,0.0,0.0,0.0,0.0,0.0,0.0,0.0,0.0,0.0,0.0,0.0,0.0,0.0,0.0,0.0,0.0,0,-2,0,0,-2
1462895,0.8,0.04,0.04,0.0,0.0,0.4791566842357451,0.25,0.25,0.2,0.0,0.34782608695652173,0.3333333333333333,0.0,0.0,0.0,0.0,0.0,0.0,0.6956521739130435,0.0,0.0,0.0,0.0,0,1,3,0,4
1462888,0.6000000000000001,1.0,0.9199999999999999,0.6666666666666666,0.0,0.9982750359367514,0.5,0.5,0.5333333333333333,0.0,0.5652173913043478,0.6666666666666666,0.0,0.3333333333333333,0.0,0.5,0.0,1.0,0.5652173913043478,1.0,0.0,0.0,0.0,0,37,43,8,88
1462886,0.3999999999999999,0.04,0.07999999999999999,0.0,0.0,0.3194058457115477,0.75,0.75,0.6,0.0,0.7391304347826086,0.3333333333333333,0.0,0.3333333333333333,0.0,0.0,0.0,1.0,0.4930434782608695,1.0,0.0,0.0,0.0,0,1,38,8,47
1462882,0.0,0.36,0.44,0.3333333333333333,0.0,0.7187350263536176,0.5,0.5,0.13333333333333333,0.0,1.0,1.0,0.0,0.3333333333333333,0.0,0.5,0.0,0.0,1.0,0.0,0.0,0.0,0.0,0,13,31,0,44
1462877,1.0,0.0,0.0,0.0,0.0,0.0,0.0,0.0,0.0,0.0,0.0,0.0,0.0,0.0,0.0,0.0,0.0,0.0,0.0,0.0,0.0,0.0,0.0,0,-2,0,0,-2
