match_id,batting_position,runs,balls,fours,sixes,strike_rate,overs,total_balls,dots,maidens,conceded,fours_conceded,sixes_conceded,wickets,LBW,Bowled,noballs,wides,economy_rate,catches,stumping,direct_hit,indirect_hit,strike_rate_fp,batting_fp,bowling_fp,fielding_fp,total_fp
1343764,0.0,0.42857142857142855,0.4,0.0,0.0,1.0,0.0,0.0,0.0,0.0,0.0,0.0,0.0,0.0,0.0,0.0,0.0,0.0,0.0,0.0,0.0,0.0,0.0,0,3,0,0,3
1343758,0.25,0.0,0.0,0.0,0.0,0.0,0.0,0.0,0.0,0.0,0.0,0.0,0.0,0.0,0.0,0.0,0.0,0.0,0.0,0.0,0.0,0.0,0.0,0,0,0,0,0
1283041,0.75,0.0,0.1,0.0,0.0,0.0,0.3333333333333333,0.3333333333333333,0.0,0.0,0.7894736842105263,1.0,0.0,0.0,0.0,0.0,0.0,0.0,1.0,0.0,0.0,0.0,0.0,0,-2,0,0,-2
1283033,1.0,0.0,0.1,0.0,0.0,0.0,1.0,1.0,1.0,0.0,0.631578947368421,0.3333333333333333,0.0,0.0,0.0,0.0,0.0,0.0,0.26666666666666666,0.0,0.0,0.0,0.0,0,-2,17,0,15
1283025,1.0,0.0,0.0,0.0,0.0,0.0,0.6666666666666666,0.6666666666666666,0.6363636363636364,0.0,0.9473684210526315,0.6666666666666666,1.0,0.0,0.0,0.0,0.0,0.0,0.6,0.0,0.0,0.0,0.0,0,0,7,0,7
1283023,0.75,1.0,1.0,0.0,1.0,0.9333333333333333,0.6666666666666666,0.6666666666666666,0.2727272727272727,0.0,1.0,1.0,0.0,0.0,0.0,0.0,0.0,0.0,0.6333333333333333,0.0,0.0,0.0,0.0,-2,11,3,0,14
