match_id,batting_position,runs,balls,fours,sixes,strike_rate,overs,total_balls,dots,maidens,conceded,fours_conceded,sixes_conceded,wickets,LBW,Bowled,noballs,wides,economy_rate,catches,stumping,direct_hit,indirect_hit,strike_rate_fp,batting_fp,bowling_fp,fielding_fp,total_fp
1184901,0.5999999999999999,1.0,1.0,1.0,0.0,1.0,0.0,0.0,0.0,0.0,0.0,0.0,0.0,0.0,0.0,0.0,0.0,0.0,0.0,0.0,0.0,0.0,0.0,2,39,0,0,39
1184260,0.5999999999999999,0.09523809523809523,0.125,0.0,0.0,0.7619047619047619,1.0,1.0,0.3529411764705882,0.0,0.967741935483871,0.3333333333333333,1.0,0.3333333333333333,0.0,0.0,0.0,1.0,0.967741935483871,0.0,0.0,0.0,0.0,0,2,31,0,33
1163067,0.7999999999999998,0.0,0.0,0.0,0.0,0.0,1.0,1.0,0.5294117647058824,0.0,0.8064516129032258,1.0,0.0,0.6666666666666666,0.0,0.0,0.0,0.0,0.8064516129032258,0.0,0.0,0.0,0.0,0,0,61,0,61
1163064,0.3999999999999999,0.0,0.0,0.0,0.0,0.0,1.0,1.0,1.0,0.0,0.3870967741935484,0.3333333333333333,0.0,0.0,0.0,0.0,0.0,0.0,0.3870967741935484,0.0,0.0,0.0,0.0,0,0,23,0,23
1163061,0.0,0.0,0.0,0.0,0.0,0.0,1.0,1.0,0.7647058823529411,0.0,0.6129032258064516,0.6666666666666666,0.0,0.6666666666666666,0.0,0.0,0.0,0.0,0.6129032258064516,0.0,0.0,0.0,0.0,0,0,69,0,69
1163055,1.0,0.0,0.0,0.0,0.0,0.0,1.0,1.0,0.8235294117647058,0.0,0.3225806451612903,0.0,0.0,1.0,0.0,1.0,0.0,0.0,0.3225806451612903,0.0,0.0,0.0,0.0,0,0,107,0,107
1163058,0.3999999999999999,0.0,0.0,0.0,0.0,0.0,1.0,1.0,0.47058823529411764,0.0,1.0,1.0,1.0,0.0,0.0,0.0,0.0,0.0,1.0,0.0,0.0,0.0,0.0,0,0,8,0,8
