match_id,batting_position,runs,balls,fours,sixes,strike_rate,overs,total_balls,dots,maidens,conceded,fours_conceded,sixes_conceded,wickets,LBW,Bowled,noballs,wides,economy_rate,catches,stumping,direct_hit,indirect_hit,strike_rate_fp,batting_fp,bowling_fp,fielding_fp,total_fp
1227888,0.0,0.6190476190476191,1.0,0.0,0.0,0.20636190476190477,0.0,0.0,0.0,0.0,0.0,0.0,0.0,0.0,0.0,0.0,0.0,0.0,0.0,0.0,0.0,0.0,0.0,-4,9,0,0,9
1185853,0.0,0.047619047619047616,0.041666666666666664,0.0,0.0,0.38095238095238093,0.5,0.5,0.36363636363636365,0.0,0.45238095238095233,0.5,0.0,0.0,0.0,0.0,0.0,0.0,0.6333333333333333,1.0,0.0,0.0,0.0,0,1,4,16,21
1185849,0.0,0.6190476190476191,0.41666666666666663,0.6666666666666666,0.0,0.49523809523809526,0.5,0.5,0.18181818181818182,0.0,0.7142857142857142,0.5,0.6666666666666666,1.0,0.0,0.0,0.0,0.0,1.0,0.0,0.0,0.0,0.0,2,23,21,0,44
1185841,0.9999999999999999,0.0,0.0,0.0,0.0,0.0,1.0,1.0,0.6363636363636364,0.0,0.7142857142857142,0.16666666666666666,0.3333333333333333,1.0,0.0,0.0,0.0,0.6666666666666666,0.5,0.5,0.0,0.0,0.0,0,0,32,8,40
1148659,0.6666666666666666,0.0,0.16666666666666666,0.0,0.0,0.0,0.25,0.25,0.4545454545454546,0.0,0.023809523809523808,0.0,0.0,1.0,1.0,0.0,0.0,0.0,0.06666666666666667,0.0,0.0,0.0,0.0,0,-2,38,0,36
1148656,0.6666666666666666,0.0,0.0,0.0,0.0,0.0,1.0,1.0,0.5454545454545454,0.0,0.9761904761904762,1.0,0.0,0.0,0.0,0.0,0.0,1.0,0.6833333333333333,0.5,0.0,0.0,0.0,0,0,4,8,12
1148655,0.6666666666666666,0.0,0.0,0.0,0.0,0.0,1.0,1.0,0.7272727272727273,0.0,0.738095238095238,0.5,0.3333333333333333,0.0,0.0,0.0,0.0,0.0,0.5166666666666666,0.0,0.0,0.0,0.0,0,0,8,0,8
1148653,0.8333333333333334,1.0,0.3333333333333333,1.0,1.0,1.0,1.0,1.0,0.7272727272727273,0.0,1.0,0.5,1.0,1.0,0.0,1.0,0.0,0.3333333333333333,0.7,0.0,0.0,0.0,0.0,0,39,39,0,78
1148650,0.4999999999999999,0.0,0.041666666666666664,0.0,0.0,0.0,1.0,1.0,1.0,0.0,0.5714285714285714,0.16666666666666666,0.3333333333333333,0.0,0.0,0.0,0.0,0.0,0.4,0.0,0.0,0.0,0.0,0,-2,13,0,11
