match_id,batting_position,runs,balls,fours,sixes,strike_rate,overs,total_balls,dots,maidens,conceded,fours_conceded,sixes_conceded,wickets,LBW,Bowled,noballs,wides,economy_rate,catches,stumping,direct_hit,indirect_hit,strike_rate_fp,batting_fp,bowling_fp,fielding_fp,total_fp
1283050,1.0,0.0,0.0,0.0,0.0,0.0,1.0,1.0,0.8125,0.0,0.6000000000000001,0.0,0.0,1.0,1.0,1.0,0.0,1.0,0.1764705882352941,0.0,0.0,0.0,0.0,0,0,85,0,85
1283047,1.0,0.0,0.0,0.0,0.0,0.0,1.0,1.0,1.0,0.0,0.8500000000000001,0.5,1.0,0.0,0.0,0.0,0.0,0.0,0.25,0.0,0.0,0.0,0.0,0,0,22,0,22
1283045,0.6000000000000001,0.0,0.05,0.0,0.0,0.0,1.0,1.0,0.6875,0.0,1.0,1.0,0.0,0.5,0.0,0.0,0.0,0.0,0.29411764705882354,0.0,0.0,0.0,0.0,0,-2,40,0,38
1283042,1.0,1.0,1.0,1.0,0.0,1.0,0.0,0.0,0.0,0.0,0.0,0.0,0.0,0.0,0.0,0.0,0.0,0.0,0.0,0.0,0.0,0.0,0.0,-2,16,0,0,16
1283094,0.8,0.0,0.1,0.0,0.0,0.0,0.25,0.25,0.0625,0.0,0.8500000000000001,1.0,1.0,0.0,0.0,0.0,0.0,1.0,1.0,0.0,0.0,0.0,0.0,0,-2,1,0,-1
1283093,0.0,0.0,0.05,0.0,0.0,0.0,0.5,0.5,0.375,0.0,0.6000000000000001,0.5,0.0,0.0,0.0,0.0,0.0,0.0,0.3529411764705882,0.0,0.0,0.0,0.0,0,-2,8,0,6
1283092,0.6000000000000001,0.0,0.0,0.0,0.0,0.0,1.0,1.0,0.875,1.0,0.6000000000000001,0.5,0.0,0.5,1.0,0.0,0.0,0.0,0.1764705882352941,0.0,0.0,0.0,0.0,0,0,65,0,65
1283091,0.20000000000000018,0.3571428571428571,0.5,1.0,0.0,0.7142857142857143,0.0,0.0,0.0,0.0,0.0,0.0,0.0,0.0,0.0,0.0,0.0,0.0,0.0,0.0,0.0,0.0,0.0,-4,5,0,0,5
1283089,0.20000000000000018,0.2857142857142857,0.5,0.0,0.0,0.5714285714285714,0.0,0.0,0.0,0.0,0.0,0.0,0.0,0.0,0.0,0.0,0.0,0.0,0.0,1.0,0.0,1.0,0.0,-6,-2,0,28,26
