match_id,batting_position,runs,balls,fours,sixes,strike_rate,overs,total_balls,dots,maidens,conceded,fours_conceded,sixes_conceded,wickets,LBW,Bowled,noballs,wides,economy_rate,catches,stumping,direct_hit,indirect_hit,strike_rate_fp,batting_fp,bowling_fp,fielding_fp,total_fp
1163064,1.0,1.0,0.3333333333333333,0.0,0.0,1.0,0.5,0.5,0.42857142857142855,0.0,0.39999999999999997,0.0,0.0,0.0,0.0,0.0,0.0,0.5,0.56,0.0,0.0,0.0,0.0,0,2,5,0,7
1163060,0.14285714285714285,1.0,1.0,0.0,0.0,0.3333,0.5,0.5,0.2857142857142857,0.0,0.7142857142857143,0.3333333333333333,1.0,1.0,0.0,0.0,0.0,0.0,1.0,0.0,0.0,0.0,0.0,0,2,21,0,23
1163057,0.0,0.0,0.16666666666666666,0.0,0.0,0.0,1.0,1.0,1.0,0.0,1.0,1.0,1.0,0.0,0.0,0.0,0.0,1.0,0.7000000000000001,1.0,0.0,0.0,0.0,0,-2,7,8,13
1163051,0.5714285714285714,0.0,0.0,0.0,0.0,0.0,0.0,0.0,0.0,0.0,0.0,0.0,0.0,0.0,0.0,0.0,0.0,0.0,0.0,1.0,0.0,0.0,0.0,0,0,0,8,8
