match_id,batting_position,runs,balls,fours,sixes,strike_rate,overs,total_balls,dots,maidens,conceded,fours_conceded,sixes_conceded,wickets,LBW,Bowled,noballs,wides,economy_rate,catches,stumping,direct_hit,indirect_hit,strike_rate_fp,batting_fp,bowling_fp,fielding_fp,total_fp
1205821,1.0,0.0,0.09090909090909091,0.0,0.0,0.0,0.5,0.5,0.38461538461538464,0.0,0.5161290322580645,0.6000000000000001,0.0,0.0,0.0,0.0,0.0,0.0,0.6666666666666666,0.0,0.0,0.0,0.0,0,0,5,0,5
1205795,1.0,0.75,0.5454545454545454,0.0,0.0,1.0,0.0,0.0,0.0,0.0,0.0,0.0,0.0,0.0,0.0,0.0,0.0,0.0,0.0,1.0,0.0,0.0,0.0,0,3,0,8,11
1205785,1.0,1.0,1.0,1.0,0.0,0.7272,0.0,0.0,0.0,0.0,0.0,0.0,0.0,0.0,0.0,0.0,0.0,0.0,0.0,0.0,0.0,0.0,0.0,-6,2,0,0,2
1205767,1.0,0.0,0.0,0.0,0.0,0.0,0.5,0.5,0.3076923076923077,0.0,0.7741935483870968,1.0,0.0,0.0,0.0,0.0,0.0,0.0,1.0,0.0,0.0,0.0,0.0,0,0,0,0,0
1205749,0.5,0.0,0.0,0.0,0.0,0.0,1.0,1.0,0.9230769230769231,0.0,1.0,1.0,0.0,0.5,0.0,0.0,0.0,1.0,0.6458333333333333,0.0,0.0,0.0,0.0,0,0,37,0,37
1157199,0.0,0.25,0.2727272727272727,0.0,0.0,0.6666,1.0,1.0,1.0,0.0,0.7419354838709677,0.2,1.0,1.0,0.0,0.0,0.0,1.0,0.47916666666666663,0.0,0.0,0.0,0.0,0,1,67,0,68
