match_id,batting_position,runs,balls,fours,sixes,strike_rate,overs,total_balls,dots,maidens,conceded,fours_conceded,sixes_conceded,wickets,LBW,Bowled,noballs,wides,economy_rate,catches,stumping,direct_hit,indirect_hit,strike_rate_fp,batting_fp,bowling_fp,fielding_fp,total_fp
902239,0.125,0.0,0.0,0.0,0.0,0.0,1.0,1.0,0.9999999999999999,0.0,0.0,0.0,0.0,1.0,0.0,0.0,0.0,0.0,0.0,0.5,0.0,0.0,0.0,0,0,46,8,54
902219,0.0,0.1724137931034483,0.625,0.5,0.0,0.2608650284342881,0.0,0.0,0.5555555555555555,0.0,0.17391304347826086,0.2,0.0,1.0,0.0,0.0,0.0,0.5,0.3217391304347825,0.0,0.0,1.0,0.0,-4,5,40,12,57
902195,0.625,1.0,1.0,0.5,1.0,0.9456357280742943,1.0,1.0,0.33333333333333337,0.0,0.9999999999999999,1.0000000000000002,0.0,0.0,0.0,0.0,0.0,1.0,0.9999999999999999,1.0,0.0,0.0,0.0,6,61,9,16,86
902175,0.0,0.0,0.375,0.0,0.0,0.0,1.0,1.0,0.0,0.0,0.782608695652174,0.2,0.5,0.0,0.0,0.0,0.0,0.5,0.782608695652174,0.0,0.0,0.0,0.0,0,-2,6,0,4
902147,0.0,0.7931034482758621,0.75,1.0,0.6666666666666666,0.9999999999999999,1.0,1.0,0.8888888888888887,0.0,0.5652173913043478,0.2,1.0,1.0,0.0,0.0,0.0,1.0,0.5652173913043478,0.0,0.0,0.0,0.0,6,49,41,0,90
902123,1.0,0.0,0.0,0.0,0.0,0.0,1.0,1.0,0.7777777777777778,0.0,0.6956521739130436,0.6000000000000001,0.5,0.0,0.0,0.0,0.0,0.0,0.6956521739130436,0.0,0.0,0.0,0.0,0,0,13,0,13
