match_id,batting_position,runs,balls,fours,sixes,strike_rate,overs,total_balls,dots,maidens,conceded,fours_conceded,sixes_conceded,wickets,LBW,Bowled,noballs,wides,economy_rate,catches,stumping,direct_hit,indirect_hit,strike_rate_fp,batting_fp,bowling_fp,fielding_fp,total_fp
403386,0.3333333333333335,0.5714285714285714,0.4444444444444444,0.0,0.0,1.0,0.0,0.0,0.0,0.0,0.0,0.5,0.3333333333333333,0.0,0.0,0.0,0.0,0.0,1.0,0.0,0.0,0.0,0.0,0,4,2,0,6
403385,0.3333333333333335,1.0,1.0,0.0,0.0,0.7778,1.0,1.0,0.6666666666666666,0.0,0.46153846153846145,0.0,0.3333333333333333,0.3333333333333333,0.0,0.0,0.0,1.0,0.2777777777777777,1.0,0.0,0.0,0.0,0,7,35,8,50
386535,1.0,0.0,0.0,0.0,0.0,0.0,1.0,1.0,0.9999999999999999,0.0,1.0,0.5,1.0,1.0,0.0,1.0,0.0,1.0,0.6666666666666665,0.0,0.0,0.0,0.0,0,0,106,0,106
251488,0.0,0.14285714285714285,0.2222222222222222,0.0,0.0,0.5,1.0,1.0,0.9999999999999999,0.0,0.07692307692307687,1.0,0.0,0.0,0.0,0.0,0.0,0.0,0.0,0.0,0.0,0.0,1.0,0,1,15,6,22
