match_id,batting_position,runs,balls,fours,sixes,strike_rate,overs,total_balls,dots,maidens,conceded,fours_conceded,sixes_conceded,wickets,LBW,Bowled,noballs,wides,economy_rate,catches,stumping,direct_hit,indirect_hit,strike_rate_fp,batting_fp,bowling_fp,fielding_fp,total_fp
1185856,0.25,0.0967741935483871,0.2894736842105263,0.0,0.0,0.3030555555555556,1.0,1.0,1.0,0.0,0.8260869565217391,0.3333333333333333,1.0,0.0,0.0,0.0,0.0,0.0,0.7078260869565217,1.0,0.0,0.0,0.0,-4,2,8,8,18
1185851,0.5,0.0,0.13157894736842105,0.0,0.0,0.0,0.0,0.0,0.0,0.0,0.0,0.0,0.0,0.0,0.0,0.0,0.0,0.0,0.0,0.0,0.0,0.0,0.0,0,-2,0,0,-2
1185848,0.25,0.03225806451612903,0.18421052631578946,0.0,0.0,0.15872222222222224,0.8572653236176596,0.8571428571428571,0.75,0.0,0.6956521739130435,0.0,1.0,1.0,0.0,0.0,0.0,0.0,0.6956521739130435,0.0,0.0,0.0,0.0,0,2,56,0,58
1185846,0.5,0.29032258064516125,0.2631578947368421,0.0,0.5,1.0,0.0,0.0,0.0,0.0,0.0,0.0,0.0,0.0,0.0,0.0,0.0,0.0,0.0,0.0,0.0,0.0,0.0,6,36,0,0,36
1185845,0.5,0.25806451612903225,0.39473684210526316,0.6666666666666666,0.0,0.5926111111111111,0.8572653236176596,0.8571428571428571,0.25,0.0,1.0,0.3333333333333333,1.0,0.0,0.0,0.0,0.0,0.0,1.0,0.0,0.0,0.0,0.0,0,24,-2,0,22
1185843,1.0,0.0,0.0,0.0,0.0,0.0,0.0,0.0,0.0,0.0,0.0,0.0,0.0,0.0,0.0,0.0,0.0,0.0,0.0,0.0,0.0,0.0,0.0,0,0,0,0,0
1185839,0.5,0.7419354838709677,0.8421052631578947,0.6666666666666666,0.75,0.7986111111111112,0.0,0.0,0.0,0.0,0.0,0.0,0.0,0.0,0.0,0.0,0.0,0.0,0.0,0.0,0.0,0.0,0.0,2,78,0,0,78
848839,0.0,0.45161290322580644,0.6842105263157894,1.0,0.25,0.5982777777777778,0.8572653236176596,0.8571428571428571,0.5,0.0,0.8260869565217391,1.0,0.0,0.5,0.0,0.0,0.0,1.0,0.8260869565217391,1.0,0.0,0.0,0.0,0,50,29,8,87
894293,0.0,1.0,1.0,1.0,1.0,0.9064444444444445,0.0,0.0,0.0,0.0,0.0,0.0,0.0,0.0,0.0,0.0,0.0,0.0,0.0,0.0,0.0,0.0,0.0,4,110,0,0,110
