match_id,batting_position,runs,balls,fours,sixes,strike_rate,overs,total_balls,dots,maidens,conceded,fours_conceded,sixes_conceded,wickets,LBW,Bowled,noballs,wides,economy_rate,catches,stumping,direct_hit,indirect_hit,strike_rate_fp,batting_fp,bowling_fp,fielding_fp,total_fp
1199526,0.0,0.0,0.0,0.0,0.0,0.0,0.0,0.0,0.0,0.0,0.0,0.0,0.0,0.0,0.0,0.0,0.0,0.0,0.0,1.0,0.0,0.0,0.0,0,0,0,8,8
1199521,0.0,0.0,0.0,0.0,0.0,0.0,0.25,0.25,0.2222222222222222,0.0,0.4666666666666667,1.0,0.0,0.0,0.0,0.0,0.0,0.0,1.0,1.0,0.0,0.0,0.0,0,0,2,8,10
1199516,0.0,0.0,0.0,0.0,0.0,0.0,0.75,0.75,0.5555555555555556,0.0,0.8666666666666667,1.0,0.0,1.0,0.0,0.0,0.0,0.0,0.6192857142857142,0.0,0.0,0.0,0.0,0,0,55,0,55
1199504,0.0,0.0,0.0,0.0,0.0,0.0,1.0,1.0,1.0,0.0,1.0,0.3333333333333333,1.0,0.5,0.0,0.0,1.0,0.0,0.5357142857142857,0.0,0.0,0.0,0.0,0,0,34,0,34
