match_id,batting_position,runs,balls,fours,sixes,strike_rate,overs,total_balls,dots,maidens,conceded,fours_conceded,sixes_conceded,wickets,LBW,Bowled,noballs,wides,economy_rate,catches,stumping,direct_hit,indirect_hit,strike_rate_fp,batting_fp,bowling_fp,fielding_fp,total_fp
660209,1.0,1.0,0.9999999999999999,1.0,0.0,1.0,1.0,1.0,1.0,0.0,0.7142857142857142,0.3333333333333333,1.0,1.0,0.0,0.0,0.0,0.0,0.5357142857142857,0.0,0.0,0.0,0.0,0,26,26,0,52
592268,0.5,0.1176470588235294,0.19999999999999996,0.0,0.0,0.23263734636457875,0.7501875468867217,0.75,1.0,0.0,0.42857142857142855,0.3333333333333333,0.0,0.0,0.0,0.0,0.0,1.0,0.42857142857142855,0.0,0.0,0.0,0.0,-6,-3,1,0,-2
546414,0.0,0.1176470588235294,0.06666666666666665,0.0,0.0,0.343699096697764,0.7501875468867217,0.75,1.0,0.0,1.0,1.0,1.0,0.0,0.0,0.0,0.0,0.0,1.0,0.0,0.0,0.0,0.0,0,3,1,0,4
543885,0.5,0.0,0.0,0.0,0.0,0.0,0.0,0.0,0.0,0.0,0.0,0.0,0.0,0.0,0.0,0.0,0.0,0.0,0.0,1.0,0.0,0.0,0.0,0,1,0,8,9
543884,0.5,0.2941176470588235,0.5333333333333333,0.0,0.0,0.38071968014215907,0.0,0.0,0.0,0.0,0.0,0.0,0.0,0.0,0.0,0.0,0.0,0.0,0.0,0.0,0.0,0.0,0.0,-6,0,0,0,0
543883,0.5,0.1764705882352941,0.06666666666666665,0.5,0.0,0.5288020139197394,0.7501875468867217,0.75,1.0,0.0,0.42857142857142855,0.3333333333333333,0.0,0.0,0.0,0.0,0.0,0.0,0.42857142857142855,0.0,0.0,0.0,0.0,0,8,1,0,9
