match_id,batting_position,runs,balls,fours,sixes,strike_rate,overs,total_balls,dots,maidens,conceded,fours_conceded,sixes_conceded,wickets,LBW,Bowled,noballs,wides,economy_rate,catches,stumping,direct_hit,indirect_hit,strike_rate_fp,batting_fp,bowling_fp,fielding_fp,total_fp
1443060,0.0,1.0,0.6000000000000001,1.0,0.0,0.9999999999999999,1.0,1.0,0.3333333333333333,0.0,1.0,0.3333333333333333,1.0,0.5,0.0,1.0,0.0,0.0,1.0,0.0,0.0,0.0,0.0,0,11,35,0,46
1443057,0.0,0.5714285714285714,0.8,0.0,0.0,0.42857755110787293,1.0,1.0,0.5833333333333333,0.0,0.8333333333333333,0.6666666666666666,0.6666666666666666,0.0,0.0,0.0,0.0,0.0,0.8333333333333333,0.0,0.0,0.0,0.0,0,4,7,0,11
1386125,0.5,0.8571428571428571,1.0,0.0,0.0,0.5142930613294475,1.0,1.0,0.5,0.0,0.7619047619047619,1.0,0.0,0.0,0.0,0.0,1.0,0.0,0.7619047619047619,0.0,0.0,0.0,0.0,0,6,6,0,12
1386123,1.0,0.0,0.0,0.0,0.0,0.0,0.5,0.5,0.08333333333333333,0.0,0.40476190476190477,0.0,0.3333333333333333,0.0,0.0,0.0,0.0,0.0,0.8095238095238095,0.0,0.0,0.0,0.0,0,0,1,0,1
1386100,1.0,0.0,0.0,0.0,0.0,0.0,1.0,1.0,1.0,0.0,0.2857142857142857,0.0,0.0,1.0,0.0,1.0,0.0,0.0,0.2857142857142857,0.0,0.0,0.0,0.0,0,0,76,0,76
1386097,1.0,0.0,0.0,0.0,0.0,0.0,0.0,0.0,0.0,0.0,0.0,0.0,0.0,0.0,0.0,0.0,0.0,0.0,0.0,0.0,0.0,0.0,0.0,0,0,0,0,0
