match_id,batting_position,runs,balls,fours,sixes,strike_rate,overs,total_balls,dots,maidens,conceded,fours_conceded,sixes_conceded,wickets,LBW,Bowled,noballs,wides,economy_rate,catches,stumping,direct_hit,indirect_hit,strike_rate_fp,batting_fp,bowling_fp,fielding_fp,total_fp
1463666,0.5,0.0,0.0,0.0,0.0,0.0,1.0,1.0,0.9999999999999999,0.0,0.19230769230769235,0.25,0.0,1.0,0.0,0.0,0.0,0.0,0.0,0.0,0.0,0.0,0.0,0,0,69,0,69
1463662,0.0,0.0,0.0,0.0,0.0,0.0,0.6666666666666667,0.6666666666666667,0.5833333333333333,0.0,0.19230769230769235,0.25,0.0,0.0,0.0,0.0,0.0,0.0,0.12195121951219512,0.0,0.0,0.0,0.0,0,0,12,0,12
1463661,0.5,0.04,0.1111111111111111,0.0,0.0,0.35999712002303985,1.0,1.0,0.7499999999999999,0.0,0.5,0.25,0.5,0.0,0.0,0.0,0.0,0.0,0.19512195121951226,1.0,0.0,0.0,0.0,0,1,14,8,23
1463655,0.0,0.0,0.0,0.0,0.0,0.0,1.0,1.0,0.9166666666666666,0.0,0.6923076923076925,0.25,1.0,0.5,0.0,0.0,0.0,0.0,0.3170731707317074,0.0,0.0,0.0,0.0,0,0,39,0,39
1454821,0.0,0.0,0.05555555555555555,0.0,0.0,0.0,0.6666666666666667,0.6666666666666667,0.4166666666666667,0.0,0.3461538461538462,0.5,0.0,0.5,1.0,0.0,0.0,0.0,0.25170731707317073,0.0,0.0,0.0,0.0,0,-2,41,0,39
1454820,0.0,1.0,1.0,1.0,1.0,1.0,0.3333333333333333,0.3333333333333333,0.25,0.0,0.11538461538461536,0.0,0.5,1.0,0.0,1.0,0.0,1.0,0.2682926829268293,0.0,0.0,0.0,0.0,2,45,72,0,117
1199545,0.5,0.0,0.0,0.0,0.0,0.0,0.0,0.0,0.0,0.0,0.0,0.0,0.5,0.0,0.0,0.0,0.0,0.0,0.6097560975609756,0.0,0.0,0.0,0.0,0,0,1,0,1
1172507,1.0,0.0,0.0,0.0,0.0,0.0,1.0,1.0,0.3333333333333333,0.0,1.0,0.75,0.5,0.0,0.0,0.0,0.0,0.0,0.5121951219512195,0.0,0.0,0.0,0.0,0,0,5,0,5
1172506,1.0,0.24,0.3333333333333333,0.0,0.0,0.7199942400460797,0.3333333333333333,0.3333333333333333,0.08333333333333333,0.0,0.6923076923076925,1.0,0.5,0.0,0.0,0.0,0.0,0.0,1.0,0.0,0.0,0.0,0.0,0,6,-4,0,2
