match_id,batting_position,runs,balls,fours,sixes,strike_rate,overs,total_balls,dots,maidens,conceded,fours_conceded,sixes_conceded,wickets,LBW,Bowled,noballs,wides,economy_rate,catches,stumping,direct_hit,indirect_hit,strike_rate_fp,batting_fp,bowling_fp,fielding_fp,total_fp
1003891,1.0,0.0,0.0,0.0,0.0,0.0,0.08349999999999991,0.08333333333333326,0.14285714285714285,0.0,0.5483870967741935,1.0,0.0,0.0,0.0,0.0,0.0,0.0,1.0,0.0,0.0,0.0,0.0,0,0,-2,0,-2
1003883,0.0,1.0,1.0,0.0,0.0,0.48572000000000004,0.0,0.0,0.0,0.0,0.25806451612903225,0.25,0.0,0.0,0.0,0.0,0.0,0.0,0.5420054200542004,0.0,0.0,0.0,0.0,0,17,1,0,18
1003879,0.0,0.29411764705882354,0.14285714285714285,1.0,0.0,1.0,0.0,0.0,0.7142857142857142,0.0,0.0,0.0,0.0,0.5,0.0,1.0,0.0,0.0,0.0,0.5,0.0,0.0,0.0,0,9,43,8,60
1003873,0.0,0.9411764705882353,0.6428571428571428,0.0,1.0,0.71112,1.0,1.0,0.9999999999999998,0.0,0.9999999999999999,0.75,1.0,1.0,0.0,1.0,0.0,0.0,0.6436314363143629,1.0,0.0,0.0,0.0,0,22,66,16,104
1003845,0.25,0.058823529411764705,0.42857142857142855,0.0,0.0,0.06668,1.0,1.0,0.14285714285714285,0.0,0.9999999999999999,0.25,0.5,0.5,0.0,0.0,0.0,1.0,0.6436314363143629,0.0,0.0,0.0,0.0,0,1,27,0,28
