match_id,batting_position,runs,balls,fours,sixes,strike_rate,overs,total_balls,dots,maidens,conceded,fours_conceded,sixes_conceded,wickets,LBW,Bowled,noballs,wides,economy_rate,catches,stumping,direct_hit,indirect_hit,strike_rate_fp,batting_fp,bowling_fp,fielding_fp,total_fp
1280226,0.5,0.0,0.0,0.0,0.0,0.0,0.0,0.0,0.0,0.0,0.0,0.0,0.0,0.0,0.0,0.0,0.0,0.0,1.0000000000000002,0.0,0.0,0.0,0.0,0,0,1,0,1
1280208,1.0,0.125,0.25,0.0,0.0,0.5,1.0,0.9999999999999999,0.8333333333333334,0.0,0.6585365853658537,0.6666666666666667,0.0,1.0,0.0,0.0,0.0,1.0,0.0,0.0,0.0,0.0,0.0,0,1,56,0,57
1205835,0.0,0.125,0.75,0.0,0.0,0.16665,1.0,0.9999999999999999,0.9999999999999999,0.0,0.926829268292683,1.0,0.6666666666666666,0.0,0.0,0.0,0.0,0.0,0.6455399061032863,0.0,0.0,0.0,0.0,0,1,5,0,6
1205817,0.5,0.0,0.0,0.0,0.0,0.0,1.0,0.9999999999999999,0.6666666666666666,0.0,0.926829268292683,0.3333333333333333,1.0,0.5,0.0,0.0,0.0,0.0,0.6455399061032863,0.0,0.0,0.0,0.0,0,0,28,0,28
1205791,0.5,1.0,1.0,0.0,1.0,1.0,1.0,0.9999999999999999,0.9999999999999999,0.0,0.7560975609756098,0.3333333333333333,0.6666666666666666,0.5,0.0,0.0,0.0,0.0,0.23474178403755874,0.0,0.0,0.0,0.0,0,14,32,0,46
1205745,0.5,0.0,0.0,0.0,0.0,0.0,1.0,0.9999999999999999,0.33333333333333337,0.0,1.0,1.0,0.6666666666666666,0.5,0.0,1.0,0.0,0.0,0.8215962441314553,0.0,0.0,0.0,0.0,0,0,32,0,32
1205727,1.0,0.0,0.0,0.0,0.0,0.0,0.7272975184074175,0.7272727272727273,0.6666666666666666,0.0,0.5365853658536586,0.0,0.6666666666666666,0.0,0.0,0.0,0.0,0.0,0.21596244131455422,1.0,0.0,0.0,0.0,0,0,5,8,13
