match_id,batting_position,runs,balls,fours,sixes,strike_rate,overs,total_balls,dots,maidens,conceded,fours_conceded,sixes_conceded,wickets,LBW,Bowled,noballs,wides,economy_rate,catches,stumping,direct_hit,indirect_hit,strike_rate_fp,batting_fp,bowling_fp,fielding_fp,total_fp
1444962,0.5,0.10256410256410256,0.10714285714285712,0.0,0.0,0.6153846153846154,1.0,1.0,0.8571428571428571,0.0,0.4193548387096774,0.0,0.0,0.6666666666666666,0.0,0.5,0.0,0.0,0.4193548387096774,0.0,0.0,0.0,0.0,0,4,76,0,80
1444960,0.5,1.0,1.0,1.0,0.0,1.0,1.0,1.0,0.5,0.0,0.9032258064516129,0.5,0.5,0.3333333333333333,0.0,0.0,0.0,0.0,0.9032258064516129,0.0,0.0,0.0,0.0,2,65,34,0,99
1444958,0.5,0.0,0.0,0.0,0.0,0.0,1.0,1.0,0.7857142857142857,0.0,1.0,1.0,1.0,0.0,0.0,0.0,0.0,0.0,1.0,0.0,0.0,0.0,0.0,0,-2,11,0,9
1444957,0.0,0.2564102564102564,0.4285714285714286,0.2,0.0,0.5494615384615386,1.0,1.0,1.0,0.0,0.3548387096774194,0.0,0.0,1.0,0.0,1.0,0.0,1.0,0.3548387096774194,0.0,0.0,0.0,1.0,0,14,115,6,135
1444955,1.0,0.20512820512820512,0.3928571428571428,0.0,0.0,0.4733846153846154,1.0,1.0,0.6428571428571428,0.0,0.9354838709677419,1.0,0.5,0.3333333333333333,1.0,0.0,0.0,0.0,0.9354838709677419,0.0,0.0,0.0,0.0,-2,6,42,0,48
1444953,0.5,0.10256410256410256,0.2857142857142857,0.0,0.0,0.3076923076923077,0.0,0.0,0.0,0.0,0.0,0.0,0.0,0.0,0.0,0.0,0.0,0.0,0.0,0.0,0.0,0.0,0.0,-6,-2,0,0,-2
