match_id,batting_position,runs,balls,fours,sixes,strike_rate,overs,total_balls,dots,maidens,conceded,fours_conceded,sixes_conceded,wickets,LBW,Bowled,noballs,wides,economy_rate,catches,stumping,direct_hit,indirect_hit,strike_rate_fp,batting_fp,bowling_fp,fielding_fp,total_fp
1359802,0.0,0.0,0.0,0.0,0.0,0.0,1.0,1.0,0.9090909090909092,0.0,0.5869565217391304,1.0,0.3333333333333333,1.0,0.0,1.0,0.0,0.0,0.5869565217391304,0.0,0.0,0.0,0.0,0,-2,70,0,68
1359798,0.33333333333333304,0.0,0.0,0.0,0.0,0.0,0.75,0.75,1.0,0.0,0.2391304347826087,0.3333333333333333,0.0,0.0,0.0,0.0,0.0,0.6666666666666666,0.31913043478260866,1.0,0.0,0.0,0.0,0,-2,17,16,31
1359793,0.6666666666666665,0.0,0.25,0.0,0.0,0.0,1.0,1.0,0.4545454545454546,0.0,1.0,1.0,1.0,0.0,0.0,0.0,0.0,1.0,1.0,0.0,0.0,0.0,0.0,0,-2,1,0,-1
1359794,0.33333333333333304,1.0,1.0,0.0,0.0,1.0,1.0,1.0,0.6363636363636364,0.0,0.6086956521739131,0.3333333333333333,0.0,0.0,0.0,0.0,0.0,0.3333333333333333,0.6086956521739131,0.5,0.0,0.0,0.0,0,10,9,8,27
1359786,1.0,0.0,0.125,0.0,0.0,0.0,0.0,0.0,0.0,0.0,0.0,0.0,0.0,0.0,0.0,0.0,0.0,0.0,0.0,1.0,0.0,0.0,0.0,0,-2,0,16,14
