match_id,batting_position,runs,balls,fours,sixes,strike_rate,overs,total_balls,dots,maidens,conceded,fours_conceded,sixes_conceded,wickets,LBW,Bowled,noballs,wides,economy_rate,catches,stumping,direct_hit,indirect_hit,strike_rate_fp,batting_fp,bowling_fp,fielding_fp,total_fp
1074966,1.0,0.0,0.0,0.0,0.0,0.0,0.0,0.0,0.3333333333333333,0.0,0.0,0.0,0.0,0.0,0.0,0.0,0.0,0.0,0.0,0.0,0.0,0.0,0.0,0,0,4,0,4
1074961,1.0,1.0,1.0,1.0,0.0,1.0,0.0,0.0,0.0,0.0,0.21951219512195125,0.4,0.0,0.0,0.0,0.0,0.0,0.0,0.9999999999999999,0.0,0.0,0.0,0.0,0,11,2,0,13
1074957,1.0,0.0,0.0,0.0,0.0,0.0,1.0,1.0,0.3333333333333333,0.0,1.0,0.2,1.0,0.0,0.0,0.0,0.0,1.0,0.9722222222222222,0.0,0.0,0.0,0.0,0,0,2,0,2
1004729,0.0,0.0,0.0,0.0,0.0,0.0,0.8333333333333333,0.8333333333333333,1.0,0.0,0.6585365853658537,1.0,0.0,1.0,0.0,1.0,0.0,1.0,0.6988888888888888,1.0,0.0,0.0,0.0,0,0,74,8,82
