match_id,batting_position,runs,balls,fours,sixes,strike_rate,overs,total_balls,dots,maidens,conceded,fours_conceded,sixes_conceded,wickets,LBW,Bowled,noballs,wides,economy_rate,catches,stumping,direct_hit,indirect_hit,strike_rate_fp,batting_fp,bowling_fp,fielding_fp,total_fp
1470191,0.5999999999999999,0.0,0.1111111111111111,0.0,0.0,0.0,0.75,0.75,0.7777777777777777,0.0,0.39999999999999997,0.0,0.0,0.0,0.0,0.0,0.0,0.14285714285714285,0.4001713796058269,0.0,0.0,0.0,0.0,0,-2,13,0,11
1470188,0.5999999999999999,0.0,0.0,0.0,0.0,0.0,0.75,0.75,0.3333333333333333,0.0,0.7999999999999999,0.6666666666666666,0.5,0.0,0.0,0.0,0.0,0.0,0.7994858611825193,0.0,0.0,0.0,0.0,0,0,3,0,3
1470189,0.5999999999999999,0.0,0.0,0.0,0.0,0.0,0.75,0.75,0.8888888888888888,0.0,0.6,0.3333333333333333,0.5,0.5,0.0,0.0,0.0,0.42857142857142855,0.5998286203941731,0.0,0.0,0.0,0.0,0,0,35,0,35
1470186,0.7999999999999998,0.0,0.1111111111111111,0.0,0.0,0.0,0.0,0.0,0.0,0.0,0.0,0.0,0.0,0.0,0.0,0.0,0.0,0.0,0.0,0.0,0.0,0.0,0.0,0,-2,0,0,-2
1436488,0.7999999999999998,0.05555555555555555,0.16666666666666666,0.0,0.0,0.3333,0.75,0.75,1.0,0.0,1.0,1.0,1.0,1.0,0.0,0.0,0.0,1.0,0.9999999999999999,0.0,0.0,0.0,0.0,0,1,55,0,56
1436483,1.0,0.2777777777777778,0.3333333333333333,0.5,0.0,0.8333,0.5,0.5,0.4444444444444444,0.0,0.5142857142857142,0.6666666666666666,0.5,0.0,0.0,0.0,0.0,0.0,0.7712082262210797,0.0,0.0,0.0,0.0,0,9,4,0,13
1436482,0.0,0.2777777777777778,0.611111111111111,0.0,0.0,0.4545,1.0,1.0,0.8888888888888888,0.0,0.6,0.3333333333333333,0.0,0.5,0.0,0.0,0.0,0.0,0.4498714652956298,0.0,0.0,0.0,0.0,-6,-1,37,0,36
1436472,0.0,1.0,1.0,1.0,0.0,1.0,0.0,0.0,0.0,0.0,0.0,0.0,0.0,0.0,0.0,0.0,0.0,0.0,0.0,0.0,0.0,0.0,0.0,0,26,0,0,26
