match_id,batting_position,runs,balls,fours,sixes,strike_rate,overs,total_balls,dots,maidens,conceded,fours_conceded,sixes_conceded,wickets,LBW,Bowled,noballs,wides,economy_rate,catches,stumping,direct_hit,indirect_hit,strike_rate_fp,batting_fp,bowling_fp,fielding_fp,total_fp
1334907,1.0,0.0,0.0,0.0,0.0,0.0,0.0,0.0,0.0,0.0,0.625,1.0,0.5,0.0,0.0,0.0,0.0,1.0,0.7630331753554502,0.0,0.0,0.0,0.0,0,0,-2,0,-2
1334903,1.0,0.0,0.0,0.0,0.0,0.0,0.0,0.0,1.0,0.0,0.0,0.0,1.0,1.0,0.0,0.0,0.0,0.0,0.36808846761453395,0.0,0.0,0.0,0.0,0,0,31,0,31
1334900,0.0,0.0,0.0,0.0,0.0,0.0,1.0,1.0,0.8333333333333333,0.0,0.125,1.0,0.0,1.0,0.0,1.0,0.0,0.0,0.0,0.0,0.0,0.0,0.0,0,0,42,0,42
1334895,1.0,1.0,1.0,0.0,0.0,1.0,0.0,0.0,0.8333333333333333,0.0,0.375,0.0,1.0,1.0,1.0,0.0,0.0,0.0,0.6050552922590837,0.0,0.0,0.0,0.0,0,1,38,0,39
1334892,1.0,0.0,0.0,0.0,0.0,0.0,0.0,0.0,0.3333333333333333,0.0,1.0,1.0,1.0,0.0,0.0,0.0,0.0,0.5,1.0,0.0,0.0,0.0,0.0,0,0,-2,0,-2
