match_id,batting_position,runs,balls,fours,sixes,strike_rate,overs,total_balls,dots,maidens,conceded,fours_conceded,sixes_conceded,wickets,LBW,Bowled,noballs,wides,economy_rate,catches,stumping,direct_hit,indirect_hit,strike_rate_fp,batting_fp,bowling_fp,fielding_fp,total_fp
1410498,0.0,0.0,0.0,0.0,0.0,0.0,1.0,1.0,0.5,0.0,1.0,1.0,0.6666666666666666,0.0,0.0,0.0,0.0,0.0,1.0,0.0,0.0,0.0,0.0,0,0,6,0,6
1410492,0.0,0.0,0.0,0.0,0.0,0.0,0.0,0.0,0.0,0.0,0.3142857142857143,0.5,0.3333333333333333,1.0,0.0,0.0,0.0,0.0,0.7333333333333334,1.0,0.0,0.0,0.0,0,0,85,8,93
1410484,0.0,0.0,0.0,0.0,0.0,0.0,1.0,1.0,1.0,0.0,0.9428571428571428,0.75,1.0,0.3333333333333333,0.0,0.0,0.0,0.0,0.9333333333333333,1.0,0.0,0.0,0.0,0,0,35,8,43
1410474,0.0,0.0,0.0,0.0,0.0,0.0,0.0,0.0,0.25,0.0,0.0,0.0,0.0,0.3333333333333333,0.0,0.0,0.0,0.0,0.0,0.0,0.0,0.0,0.0,0,0,38,0,38
