match_id,batting_position,runs,balls,fours,sixes,strike_rate,overs,total_balls,dots,maidens,conceded,fours_conceded,sixes_conceded,wickets,LBW,Bowled,noballs,wides,economy_rate,catches,stumping,direct_hit,indirect_hit,strike_rate_fp,batting_fp,bowling_fp,fielding_fp,total_fp
1462911,0.33333333333333326,0.20833333333333331,0.37037037037037035,0.0,0.0,0.3219294517637059,1.0,1.0,0.6875,0.0,0.21212121212121213,0.0,0.5,0.2,0.0,0.0,0.0,0.0,0.21212121212121213,0.0,0.0,0.0,0.0,-6,-1,46,0,45
1462904,0.6666666666666665,0.75,0.7407407407407407,0.5,0.0,0.6070973225669358,1.0,1.0,0.4375,0.0,0.7878787878787878,0.6666666666666666,1.0,0.0,0.0,0.0,0.0,1.0,0.7878787878787878,0.5,0.0,0.0,0.0,0,26,11,8,45
1462900,0.6666666666666665,0.25,0.5925925925925926,0.25,0.0,0.24996458421872786,1.0,1.0,0.0,0.0,1.0,1.0,1.0,0.0,0.0,0.0,0.0,0.0,1.0,0.0,0.0,0.0,0.0,-6,4,2,0,6
1462896,1.0,1.0,0.5925925925925926,0.5,0.0,1.0,1.0,1.0,0.375,0.0,0.2727272727272727,0.3333333333333333,0.0,1.0,0.0,1.0,0.0,0.0,0.2727272727272727,0.5,0.0,0.0,0.0,2,34,169,8,211
1462894,0.6666666666666665,0.08333333333333333,0.2962962962962963,0.0,0.0,0.15738773197336733,1.0,1.0,1.0,1.0,0.0,0.3333333333333333,0.0,0.2,0.0,0.0,0.0,1.0,0.0,0.0,0.0,0.0,0.0,0,2,63,0,65
1462886,0.0,0.041666666666666664,0.14814814814814814,0.0,0.0,0.14166312508853945,1.0,1.0,0.25,0.0,0.33333333333333326,0.0,0.0,0.4,0.0,0.0,0.0,0.0,0.33333333333333326,1.0,0.0,0.0,0.0,0,1,64,16,81
1462880,0.33333333333333326,0.0,0.0,0.0,0.0,0.0,1.0,1.0,0.1875,0.0,0.5757575757575757,0.0,0.5,0.2,0.0,0.5,0.0,1.0,0.5757575757575757,0.0,0.0,0.0,0.0,0,-2,42,0,40
1462878,0.0,0.29166666666666663,0.5555555555555556,0.25,0.0,0.3098880861311801,0.5,0.5,0.125,0.0,0.4242424242424242,0.0,1.0,0.0,0.0,0.0,0.0,0.0,0.6363636363636364,0.0,0.0,0.0,0.0,-6,5,8,0,13
1453903,0.33333333333333326,1.0,1.0,1.0,0.0,0.6070973225669358,0.0,0.0,0.0625,0.0,0.12121212121212124,0.0,0.5,0.0,0.0,0.0,0.0,0.0,0.4545454545454546,0.0,0.0,0.0,0.0,0,40,9,0,49
