match_id,batting_position,runs,balls,fours,sixes,strike_rate,overs,total_balls,dots,maidens,conceded,fours_conceded,sixes_conceded,wickets,LBW,Bowled,noballs,wides,economy_rate,catches,stumping,direct_hit,indirect_hit,strike_rate_fp,batting_fp,bowling_fp,fielding_fp,total_fp
1117822,0.0,0.125,0.2,0.0,0.0,0.625,1.0,1.0,0.0,0.0,1.0,0.25,1.0,0.5,0.0,0.0,0.0,0.0,0.9999999999999998,0.0,0.0,0.0,0.0,0,1,27,0,28
1117821,0.666666666666667,0.0,0.0,0.0,0.0,0.0,1.0,1.0,0.8,0.0,0.4838709677419355,1.0,0.0,1.0,0.0,0.0,0.0,0.0,0.11111111111111094,0.0,0.0,0.0,0.0,0,0,60,0,60
935325,0.666666666666667,1.0,1.0,1.0,0.0,1.0,0.6665000000000001,0.6666666666666665,1.0,0.0,0.5483870967741936,1.0,0.3333333333333333,0.0,0.0,0.0,0.0,1.0,0.5555555555555556,0.0,0.0,0.0,0.0,0,12,9,0,21
523736,1.0,0.0,0.0,0.0,0.0,0.0,1.0,1.0,1.0,0.0,0.5806451612903226,0.75,0.3333333333333333,0.0,0.0,0.0,0.0,0.0,0.2777777777777777,0.0,0.0,0.0,0.0,0,0,9,0,9
523735,0.3333333333333335,0.0,0.0,0.0,0.0,0.0,0.0,0.0,0.0,0.0,0.0,0.0,0.3333333333333333,1.0,0.0,0.0,0.0,0.0,0.0,0.0,0.0,0.0,0.0,0,0,56,0,56
