match_id,batting_position,runs,balls,fours,sixes,strike_rate,overs,total_balls,dots,maidens,conceded,fours_conceded,sixes_conceded,wickets,LBW,Bowled,noballs,wides,economy_rate,catches,stumping,direct_hit,indirect_hit,strike_rate_fp,batting_fp,bowling_fp,fielding_fp,total_fp
1439832,1.0,0.12962962962962962,0.07692307692307693,0.3333333333333333,0.16666666666666666,1.0000000000000002,0.0,0.0,0.0,0.0,0.0,0.0,0.0,0.0,0.0,0.0,0.0,0.0,0.0,0.0,0.0,0.0,0.0,0,28,0,0,28
1439825,1.0,0.0,0.0,0.0,0.16666666666666666,1.0000000000000002,0.0,0.0,0.0,0.0,0.0,0.0,0.0,0.0,0.0,0.0,0.0,0.0,0.0,0.0,0.0,0.0,0.0,0,13,0,0,13
1439819,1.0,0.9444444444444443,0.5897435897435896,0.3333333333333333,1.0,0.9000585023400938,0.0,0.0,0.0,0.0,0.0,0.0,0.0,0.0,0.0,0.0,0.0,0.0,0.0,0.0,0.0,0.0,0.0,6,116,0,0,116
1439816,0.3333333333333333,0.18518518518518515,0.2564102564102564,0.5,0.0,0.0,0.0,0.0,0.0,0.0,0.0,0.0,0.0,0.0,0.0,0.0,0.0,0.0,0.0,0.0,0.0,0.0,1.0,2,31,0,6,37
1370791,0.0,0.22222222222222224,0.15384615384615383,0.3333333333333333,0.16666666666666666,0.7833463338533544,0.0,0.0,0.0,0.0,0.0,0.0,0.0,0.0,0.0,0.0,0.0,0.0,0.0,1.0,0.0,0.0,0.0,0,33,0,8,41
1370785,0.3333333333333333,0.9999999999999999,1.0,1.0,0.3333333333333333,0.14108814352574095,0.0,0.0,0.0,0.0,0.0,0.0,0.0,0.0,0.0,0.0,0.0,0.0,0.0,0.0,0.0,0.0,0.0,2,107,0,0,107
