match_id,batting_position,runs,balls,fours,sixes,strike_rate,overs,total_balls,dots,maidens,conceded,fours_conceded,sixes_conceded,wickets,LBW,Bowled,noballs,wides,economy_rate,catches,stumping,direct_hit,indirect_hit,strike_rate_fp,batting_fp,bowling_fp,fielding_fp,total_fp
1339210,0.0,0.0,0.0,0.0,0.0,0.0,0.400119976004799,0.4000000000000001,0.0,0.0,0.05263157894736842,0.5,0.0,0.0,0.0,0.0,0.0,0.0,0.02852253280091277,1.0,0.0,0.0,0.0,0,0,1,8,9
1339207,1.0,0.0,0.0,0.0,0.0,0.0,0.0,0.0,0.0,0.0,0.0,0.0,1.0,0.0,0.0,0.0,1.0,0.0,1.0,0.0,0.0,0.0,0.0,0,0,1,0,1
1339205,1.0,1.0,1.0,0.0,0.0,1.0,0.9999999999999999,1.0000000000000002,1.0,0.0,1.0,1.0,0.0,0.0,0.0,0.0,1.0,1.0,0.2567027952082145,0.0,0.0,0.0,0.0,0,2,-3,0,-1
1339206,0.0,0.0,0.0,0.0,0.0,0.0,0.9999999999999999,1.0000000000000002,1.0,0.0,0.5263157894736843,0.5,0.0,0.0,0.0,0.0,0.0,1.0,0.0,0.0,0.0,0.0,0.0,0,0,3,0,3
