match_id,batting_position,runs,balls,fours,sixes,strike_rate,overs,total_balls,dots,maidens,conceded,fours_conceded,sixes_conceded,wickets,LBW,Bowled,noballs,wides,economy_rate,catches,stumping,direct_hit,indirect_hit,strike_rate_fp,batting_fp,bowling_fp,fielding_fp,total_fp
1380583,0.666666666666667,0.0,0.1111111111111111,0.0,0.0,0.0,0.0,0.0,1.0,0.0,0.0,0.0,1.0,1.0,0.0,0.5,0.0,0.0,0.0,1.0,0.0,0.0,0.0,0,-2,100,8,106
1320986,1.0,0.0,0.0,0.0,0.0,0.0,0.0,0.0,0.75,0.0,0.714285714285714,1.0,0.0,1.0,0.0,1.0,1.0,0.6666666666666666,0.714285714285714,0.0,0.0,0.0,0.0,0,0,105,0,105
1320976,0.0,1.0,1.0,0.0,0.0,0.9999999999999999,0.0,0.0,0.0,0.0,0.8571428571428572,1.0,0.0,0.0,0.0,0.0,0.0,0.0,0.8571428571428572,1.0,0.0,0.0,0.0,0,4,7,8,19
1320969,1.0,0.0,0.0,0.0,0.0,0.0,0.0,0.0,0.5,0.0,0.9999999999999996,0.5,0.5,0.6666666666666666,0.0,0.5,1.0,1.0,0.9999999999999996,0.0,0.0,0.0,0.0,0,0,67,0,67
