match_id,batting_position,runs,balls,fours,sixes,strike_rate,overs,total_balls,dots,maidens,conceded,fours_conceded,sixes_conceded,wickets,LBW,Bowled,noballs,wides,economy_rate,catches,stumping,direct_hit,indirect_hit,strike_rate_fp,batting_fp,bowling_fp,fielding_fp,total_fp
1420806,1.0,0.0,0.0,0.0,0.0,0.0,1.0,1.0,0.9230769230769231,0.0,0.2571428571428571,0.0,0.3333333333333333,0.5,0.0,0.0,0.0,0.0,0.19444444444444442,0.0,0.0,0.0,0.0,0,0,46,0,46
1420802,0.0,0.0,0.0,0.0,0.0,0.0,1.0,1.0,1.0,1.0,0.14285714285714285,0.25,0.0,1.0,1.0,0.0,0.0,0.0,0.08333333333333331,0.0,0.0,0.0,0.0,0,0,92,0,92
1344788,0.0,0.5,0.2,0.0,0.0,1.0,0.0,0.0,0.0,0.0,0.3428571428571428,0.25,0.3333333333333333,0.0,0.0,0.0,0.0,0.0,0.7777777777777778,0.0,0.0,0.0,0.0,0,1,3,0,4
1344786,0.5,1.0,1.0,0.0,0.0,0.4,1.0,1.0,0.38461538461538464,0.0,1.0,1.0,0.6666666666666666,1.0,1.0,1.0,0.0,0.0,0.9166666666666666,0.0,0.0,0.0,0.0,0,2,72,0,74
1284496,1.0,0.0,0.0,0.0,0.0,0.0,0.5,0.5,0.30769230769230776,0.0,0.7714285714285714,0.25,1.0,0.5,0.0,1.0,0.0,1.0,0.9999999999999999,1.0,0.0,0.0,0.0,0,0,38,8,46
1284489,0.5,0.0,0.0,0.0,0.0,0.0,0.5,0.5,0.6923076923076923,0.0,0.0,0.0,0.0,0.5,0.0,0.0,0.0,0.25,0.0,0.0,0.0,1.0,0.0,0,0,43,12,55
