match_id,batting_position,runs,balls,fours,sixes,strike_rate,overs,total_balls,dots,maidens,conceded,fours_conceded,sixes_conceded,wickets,LBW,Bowled,noballs,wides,economy_rate,catches,stumping,direct_hit,indirect_hit,strike_rate_fp,batting_fp,bowling_fp,fielding_fp,total_fp
1452624,0.0,0.6666666666666666,0.5714285714285714,0.0,0.0,1.0,0.0,0.0,0.0,0.0,0.0,0.0,0.0,0.0,0.0,0.0,0.0,0.0,0.0,0.0,0.0,0.0,0.0,0,2,0,0,2
1452625,0.25,1.0,1.0,0.0,0.0,0.8572,0.6666666666666666,0.6666666666666666,0.6666666666666666,0.0,0.3333333333333333,0.25,0.25,1.0,1.0,0.0,0.0,0.0,0.3333333333333333,0.0,0.0,0.0,0.0,0,3,41,0,44
1381453,1.0,0.0,0.0,0.0,0.0,0.0,1.0,1.0,1.0,0.0,0.42857142857142855,0.5,0.0,1.0,0.0,1.0,0.0,1.0,0.2857142857142857,0.0,0.0,0.0,0.0,0,0,44,0,44
1381455,1.0,0.0,0.0,0.0,0.0,0.0,1.0,1.0,0.7777777777777777,0.0,0.8095238095238095,0.75,0.5,0.0,0.0,0.0,0.0,0.75,0.5395238095238095,0.0,0.0,0.0,1.0,0,0,3,6,9
1323552,1.0,0.0,0.14285714285714285,0.0,0.0,0.0,0.6666666666666666,0.6666666666666666,0.2222222222222222,0.0,0.6666666666666666,0.25,0.5,0.0,0.0,0.0,1.0,1.0,0.6666666666666666,0.0,0.0,0.0,1.0,0,-2,-4,6,0
1317138,0.0,0.0,0.0,0.0,0.0,0.0,0.3333333333333333,0.3333333333333333,0.1111111111111111,0.0,0.3333333333333333,0.75,0.0,0.0,0.0,0.0,0.0,0.0,0.6666666666666666,0.0,0.0,0.0,0.0,0,0,1,0,1
1317136,0.5,0.0,0.0,0.0,0.0,0.0,0.6666666666666666,0.6666666666666666,0.2222222222222222,0.0,1.0,1.0,1.0,0.0,0.0,0.0,0.0,0.0,1.0,0.0,0.0,0.0,0.0,0,0,-4,0,-4
