match_id,batting_position,runs,balls,fours,sixes,strike_rate,overs,total_balls,dots,maidens,conceded,fours_conceded,sixes_conceded,wickets,LBW,Bowled,noballs,wides,economy_rate,catches,stumping,direct_hit,indirect_hit,strike_rate_fp,batting_fp,bowling_fp,fielding_fp,total_fp
1170459,0.25,0.0,0.2,0.0,0.0,0.0,0.0,0.0,0.0,0.0,0.0,0.0,0.5,1.0,0.0,0.0,0.0,0.0,0.534,0.0,0.0,1.0,0.0,0,-2,56,12,66
1170458,0.0,1.0,1.0,0.0,0.0,1.0,1.0,1.0,0.5,0.0,0.6111111111111112,0.5,0.5,0.5,0.0,0.0,1.0,0.0,0.28400000000000003,0.0,0.0,0.0,0.0,0,3,38,0,41
1170457,1.0,0.0,0.0,0.0,0.0,0.0,1.0,1.0,0.29999999999999993,0.0,1.0,1.0,0.5,0.5,0.0,0.0,0.0,1.0,0.6340000000000001,0.0,0.0,0.0,0.0,0,0,34,0,34
1162727,0.25,0.0,0.0,0.0,0.0,0.0,1.0,1.0,0.3999999999999999,0.0,0.5555555555555556,1.0,0.0,1.0,0.0,0.0,0.0,0.0,0.23399999999999999,0.0,0.0,0.0,0.0,0,0,62,0,62
1142224,1.0,0.0,0.0,0.0,0.0,0.0,0.5,0.5,0.0,0.0,0.8333333333333333,1.0,1.0,0.5,0.0,1.0,0.0,0.0,1.0000000000000002,0.0,0.0,0.0,0.0,0,0,37,0,37
1142216,0.5,0.0,0.2,0.0,0.0,0.0,0.5,0.5,0.19999999999999996,0.0,0.0,0.5,0.0,0.0,0.0,0.0,0.0,1.0,0.0,1.0,0.0,0.0,0.0,0,-2,12,8,18
1142213,1.0,0.0,0.0,0.0,0.0,0.0,1.0,1.0,1.0,0.0,0.4444444444444444,1.0,0.5,1.0,0.0,1.0,0.0,0.0,0.13400000000000012,1.0,0.0,0.0,0.0,0,0,76,8,84
