match_id,batting_position,runs,balls,fours,sixes,strike_rate,overs,total_balls,dots,maidens,conceded,fours_conceded,sixes_conceded,wickets,LBW,Bowled,noballs,wides,economy_rate,catches,stumping,direct_hit,indirect_hit,strike_rate_fp,batting_fp,bowling_fp,fielding_fp,total_fp
1459576,1.0,0.3333333333333333,0.3076923076923077,0.0,0.0,0.26666666666666666,1.0,1.0,0.4545454545454546,0.0,1.0,1.0,1.0,1.0,0.0,0.0,0.0,0.0,0.6,1.0,0.0,0.0,0.0,0,4,55,8,67
1459572,0.0,0.75,0.8461538461538463,0.0,1.0,0.25,0.0,0.0,0.0,0.0,0.0,0.0,0.0,0.0,0.0,0.0,0.0,0.0,0.0,0.0,0.0,0.0,0.0,0,15,0,0,15
1459568,0.75,0.75,0.9230769230769231,0.0,0.0,0.2307666666666667,0.75,0.75,0.6363636363636364,0.0,0.41666666666666663,0.5,0.0,0.5,0.0,0.0,0.0,0.0,0.3333333333333333,0.0,0.0,0.0,0.0,-2,7,36,0,43
1459563,0.75,1.0,0.23076923076923078,1.0,1.0,1.0,1.0,1.0,1.0,0.0,0.75,0.5,1.0,1.0,0.0,0.0,0.0,0.0,0.45,0.0,0.0,0.0,0.0,0,22,63,0,85
1459540,0.75,0.6666666666666666,1.0000000000000002,0.0,0.0,0.19046666666666667,0.5,0.5,0.36363636363636365,0.0,0.4444444444444444,0.5,0.5,0.5,0.0,0.0,0.0,0.0,0.5333333333333333,0.0,0.0,0.0,0.0,-4,4,29,0,33
1121275,0.625,0.0,0.07692307692307693,0.0,0.0,0.0,1.0,1.0,0.2727272727272727,0.0,0.7777777777777777,0.0,0.5,0.0,0.0,0.0,0.0,0.0,0.4666666666666667,1.0,0.0,0.0,0.0,0,0,5,8,13
1121251,0.625,0.0,0.0,0.0,0.0,0.0,0.5,0.5,0.0,0.0,0.6388888888888888,0.0,1.0,0.0,0.0,0.0,0.0,0.0,0.7666666666666666,0.0,0.0,0.0,0.0,0,-2,-4,0,-6
599899,0.75,0.16666666666666666,0.07692307692307693,0.0,0.0,0.33333333333333337,1.0,1.0,0.8181818181818182,0.0,0.9166666666666666,1.0,1.0,0.5,1.0,0.0,0.0,0.0,0.55,0.0,0.0,0.0,0.0,0,2,42,0,44
599869,0.625,0.25,0.23076923076923078,0.0,0.0,0.25,0.25,0.25,0.0,0.0,0.41666666666666663,1.0,0.0,0.0,0.0,0.0,0.0,0.0,1.0,0.0,0.0,0.0,0.0,0,3,0,0,3
