match_id,batting_position,runs,balls,fours,sixes,strike_rate,overs,total_balls,dots,maidens,conceded,fours_conceded,sixes_conceded,wickets,LBW,Bowled,noballs,wides,economy_rate,catches,stumping,direct_hit,indirect_hit,strike_rate_fp,batting_fp,bowling_fp,fielding_fp,total_fp
1444962,0.0,1.0,1.0,0.0,0.0,1.0,1.0,1.0,1.0,0.0,0.787878787878788,0.6666666666666667,0.5,0.0,0.0,0.0,0.0,1.0,0.1319261213720317,1.0,0.0,0.0,0.0,0,3,11,28,42
1444960,0.3333333333333335,0.0,0.0,0.0,0.0,0.0,1.0,1.0,0.8181818181818182,0.0,0.6363636363636364,0.0,0.5,1.0,0.0,1.0,0.0,0.3333333333333333,0.06596306068601582,0.0,0.0,0.0,0.0,0,0,44,0,44
1444958,1.0,0.3333333333333333,0.3333333333333333,0.0,0.0,1.0,1.0,1.0,0.9090909090909092,0.0,0.9696969696969696,0.6666666666666667,1.0,1.0,0.0,0.0,0.0,0.3333333333333333,0.2110817941952507,0.0,0.0,0.0,0.0,0,1,35,0,36
1444957,0.6666666666666665,0.0,0.0,0.0,0.0,0.0,0.7391077484998696,0.7391304347826086,0.7272727272727273,0.0,0.33333333333333337,0.0,0.0,1.0,0.0,0.0,0.0,0.0,0.0,0.0,0.0,0.0,0.0,0,0,37,0,37
1444955,1.0,0.0,0.0,0.0,0.0,0.0,1.0,1.0,0.7272727272727273,0.0,1.0,1.0,0.5,0.0,0.0,0.0,0.0,0.6666666666666666,0.22427440633245382,0.0,0.0,0.0,0.0,0,0,8,0,8
1444953,1.0,0.0,0.5,0.0,0.0,0.0,0.0,0.0,0.0,0.0,0.0,0.0,0.0,0.0,0.0,0.0,0.0,0.0,1.0,0.0,0.0,0.0,0.0,0,-2,0,0,-2
