match_id,batting_position,runs,balls,fours,sixes,strike_rate,overs,total_balls,dots,maidens,conceded,fours_conceded,sixes_conceded,wickets,LBW,Bowled,noballs,wides,economy_rate,catches,stumping,direct_hit,indirect_hit,strike_rate_fp,batting_fp,bowling_fp,fielding_fp,total_fp
1439833,0.3333333333333335,0.18181818181818182,0.0625,0.0,0.0,0.8749671887304226,0.0,0.0,0.0,0.0,0.0,0.0,0.0,0.0,0.0,0.0,0.0,0.0,0.0,0.0,0.0,0.0,0.0,0,2,0,0,2
1439831,0.3333333333333335,0.09090909090909091,0.1875,0.0,0.0,0.14585703036136144,0.3333333333333333,0.3333333333333333,0.2857142857142857,0.0,0.19999999999999998,0.0,0.2,0.0,0.0,0.0,1.0,0.0,0.6001091107474087,0.0,0.0,0.0,0.0,0,1,2,0,3
1439823,0.3333333333333335,0.36363636363636365,0.21875,0.0,0.0,0.49995625164056345,0.0,0.0,0.0,0.0,0.0,0.0,0.0,0.0,0.0,0.0,0.0,0.0,0.0,1.0,0.0,0.0,0.0,0,4,0,8,12
1439818,0.6666666666666665,0.0,0.0,0.0,0.0,0.0,0.0,0.0,0.0,0.0,0.0,0.0,0.0,0.0,0.0,0.0,0.0,0.0,0.0,0.0,0.0,0.0,0.0,0,0,0,0,0
1321277,0.0,0.2727272727272727,0.1875,0.0,0.0,0.4374835943652113,0.3333333333333333,0.3333333333333333,0.14285714285714285,0.0,0.10909090909090909,0.0,0.0,0.3333333333333333,0.0,1.0,0.0,0.0,0.32733224222585927,0.0,0.0,0.0,0.0,0,3,34,0,37
1321275,0.3333333333333335,0.7272727272727273,0.21875,1.0,0.0,1.0,0.0,0.0,0.0,0.0,0.0,0.0,0.0,0.0,0.0,0.0,0.0,0.0,0.0,0.0,0.0,0.0,0.0,0,12,0,0,12
1321272,0.3333333333333335,1.0,1.0,0.0,0.0,0.30081371948551927,1.0,1.0,0.0,0.0,1.0,1.0,1.0,0.0,0.0,0.0,0.0,0.0,1.0,0.0,0.0,0.0,0.0,-6,5,-6,0,-1
1321267,1.0,0.0,0.0,0.0,0.0,0.0,1.0,1.0,1.0,0.0,0.34545454545454546,0.6666666666666666,0.0,1.0,0.0,1.0,0.0,1.0,0.3453355155482815,0.0,0.0,0.0,0.0,0,0,96,0,96
1321262,0.3333333333333335,0.4545454545454546,0.40625,0.0,0.0,0.33651238078572054,0.3333333333333333,0.3333333333333333,0.14285714285714285,0.0,0.16363636363636364,0.3333333333333333,0.0,0.0,0.0,0.0,0.0,0.5,0.4909983633387889,0.0,0.0,0.0,0.0,-6,-1,1,0,0
