match_id,batting_position,runs,balls,fours,sixes,strike_rate,overs,total_balls,dots,maidens,conceded,fours_conceded,sixes_conceded,wickets,LBW,Bowled,noballs,wides,economy_rate,catches,stumping,direct_hit,indirect_hit,strike_rate_fp,batting_fp,bowling_fp,fielding_fp,total_fp
1439832,0.5,0.0,0.0,0.0,0.0,0.0,0.0,0.0,0.0,0.0,0.0,0.0,0.0,0.0,0.0,0.0,0.0,0.0,0.0,0.0,0.0,0.0,0.0,0,0,0,0,0
1439825,0.5,0.0,0.0,0.0,0.0,0.0,0.0,0.0,0.0,0.0,0.0,0.0,0.0,0.0,0.0,0.0,0.0,0.0,0.0,1.0,0.0,0.0,1.0,0,0,0,14,14
1439819,1.0,0.1111111111111111,0.30000000000000004,0.0,0.0,0.37038888888888893,0.75,0.75,0.2222222222222222,0.0,1.0,1.0,1.0,1.0,0.0,0.0,0.0,1.0,1.0,1.0,0.0,0.0,0.0,0,2,21,8,31
1439816,0.0,0.3333333333333333,0.6000000000000001,1.0,0.0,0.5555555555555556,0.75,0.75,0.4444444444444444,0.0,0.6444444444444445,0.4,1.0,1.0,0.0,0.0,0.0,0.0,0.6446666666666666,0.0,0.0,0.0,0.0,0,10,29,0,39
1370791,1.0,1.0,1.0,1.0,1.0,1.0,0.0,0.0,0.0,0.0,0.0,0.0,0.0,0.0,0.0,0.0,0.0,0.0,0.0,0.0,0.0,0.0,0.0,6,40,0,0,40
1370785,0.0,0.0,0.0,0.0,0.0,0.0,1.0,1.0,1.0,0.0,0.5555555555555556,0.2,0.5,1.0,0.0,1.0,0.0,0.0,0.4166666666666667,0.0,0.0,0.0,1.0,0,0,44,6,50
