match_id,batting_position,runs,balls,fours,sixes,strike_rate,overs,total_balls,dots,maidens,conceded,fours_conceded,sixes_conceded,wickets,LBW,Bowled,noballs,wides,economy_rate,catches,stumping,direct_hit,indirect_hit,strike_rate_fp,batting_fp,bowling_fp,fielding_fp,total_fp
947313,0.0,0.0,0.3333333333333333,0.0,0.0,0.0,1.0,1.0,0.25,0.0,0.9999999999999999,0.6000000000000001,1.0,0.6666666666666666,0.0,1.0,0.0,0.0,1.0,0.0,0.0,0.0,0.0,0,0,63,0,63
947299,1.0,0.0,0.0,0.0,0.0,0.0,0.0,0.0,0.0,0.0,0.15999999999999992,1.0,0.0,0.0,0.0,0.0,0.0,0.0,1.0,0.0,0.0,0.0,0.0,0,0,4,0,4
947289,1.0,0.0,0.0,0.0,0.0,0.0,0.5,0.5,0.25,0.0,0.19999999999999996,0.4,0.0,0.0,0.0,0.0,0.0,0.0,0.34368530020703925,0.0,0.0,0.0,0.0,0,0,7,0,7
947263,1.0,1.0,1.0,0.0,0.0,1.0,0.5,0.5,0.5,0.0,0.039999999999999925,0.4,0.0,0.3333333333333333,0.0,0.0,0.0,0.0,0.06832298136645965,0.0,0.0,0.0,0.0,0,1,35,0,36
947241,1.0,0.0,0.0,0.0,0.0,0.0,0.5,0.5,1.0,0.0,0.0,0.4,0.0,0.3333333333333333,0.0,0.0,0.0,1.0,0.0,0.0,0.0,0.0,0.0,0,0,39,0,39
947221,1.0,0.0,0.0,0.0,0.0,0.0,1.0,1.0,0.0,0.0,0.44000000000000006,0.4,0.0,0.0,0.0,0.0,0.0,1.0,0.2753623188405796,0.0,0.0,0.0,0.0,0,0,8,0,8
947177,1.0,0.0,0.0,0.0,0.0,0.0,0.5,0.5,0.75,0.0,0.0,0.0,0.3333333333333333,1.0,0.0,0.0,0.0,1.0,0.0,0.0,0.0,0.0,0.0,0,0,92,0,92
