match_id,batting_position,runs,balls,fours,sixes,strike_rate,overs,total_balls,dots,maidens,conceded,fours_conceded,sixes_conceded,wickets,LBW,Bowled,noballs,wides,economy_rate,catches,stumping,direct_hit,indirect_hit,strike_rate_fp,batting_fp,bowling_fp,fielding_fp,total_fp
335998,1.0,0.0,0.0,0.0,0.0,0.0,0.0,0.0,0.0,0.0,0.5294117647058824,0.25,1.0,0.0,0.0,0.0,0.0,0.0,0.9999999999999999,0.0,0.0,0.0,0.0,0,0,0,0,0
335992,0.0,1.0,1.0,0.0,0.0,0.75,1.0,1.0,1.0,0.0,0.9999999999999999,1.0,0.5,1.0,0.0,0.0,0.0,0.0,0.2521428571428571,0.0,0.0,0.0,0.0,0,3,34,0,37
335985,0.6666666666666665,0.0,0.0,0.0,0.0,0.0,0.4614674665436087,0.46153846153846156,0.5555555555555556,0.0,0.0,0.25,0.0,0.0,0.0,0.0,0.0,0.0,0.0,0.0,0.0,0.0,0.0,0,0,9,0,9
335982,1.0,1.0,0.75,0.0,0.0,1.0,0.9229349330872174,0.923076923076923,0.4444444444444444,0.0,0.9411764705882352,0.0,1.0,0.0,0.0,0.0,0.0,0.0,0.2621428571428571,0.0,0.0,0.0,0.0,0,3,4,0,7
