match_id,batting_position,runs,balls,fours,sixes,strike_rate,overs,total_balls,dots,maidens,conceded,fours_conceded,sixes_conceded,wickets,LBW,Bowled,noballs,wides,economy_rate,catches,stumping,direct_hit,indirect_hit,strike_rate_fp,batting_fp,bowling_fp,fielding_fp,total_fp
1197407,0.0,0.5,0.23076923076923078,0.0,0.0,1.0,1.0,1.0,1.0,0.0,1.0,1.0,1.0,1.0,0.0,1.0,0.0,0.0,0.29378531073446346,0.0,0.0,0.0,0.0,0,2,70,0,72
1197404,0.5,1.0,1.0,0.0,0.0,0.4615269236538173,0.0,0.0,0.0,0.0,0.0,0.0,0.0,0.0,0.0,0.0,0.0,0.0,1.0000000000000002,0.0,0.0,0.0,0.0,-6,-2,3,0,1
1197402,1.0,0.0,0.0,0.0,0.0,0.0,0.38899999999999996,0.3888888888888889,0.5555555555555556,0.0,0.20000000000000007,1.0,0.0,0.0,0.0,0.0,0.0,0.0,0.0,0.0,0.0,0.0,0.0,0,0,10,0,10
