match_id,batting_position,runs,balls,fours,sixes,strike_rate,overs,total_balls,dots,maidens,conceded,fours_conceded,sixes_conceded,wickets,LBW,Bowled,noballs,wides,economy_rate,catches,stumping,direct_hit,indirect_hit,strike_rate_fp,batting_fp,bowling_fp,fielding_fp,total_fp
1443784,0.5714285714285714,0.3278688524590164,0.5384615384615385,0.4,0.0,0.385787037037037,1.0,1.0,0.9285714285714285,1.0,0.375,0.0,0.0,0.0,0.0,0.0,0.0,0.3333333333333333,0.23076923076923078,0.0,0.0,0.0,0.0,0,28,31,0,59
1443781,0.0,0.14754098360655737,0.358974358974359,0.0,0.0,0.24509259259259256,1.0,1.0,0.8571428571428571,0.0,1.0,1.0,0.0,0.0,0.0,0.0,0.0,0.8333333333333333,0.6153846153846154,0.0,0.0,0.0,0.0,-4,5,12,0,17
1443776,0.14285714285714285,0.22950819672131148,0.2564102564102564,0.4,0.0,0.4985648148148148,0.0,0.0,0.0,0.0,0.0,0.0,0.0,0.0,0.0,0.0,0.0,0.0,0.0,0.0,0.0,0.0,0.0,0,22,0,0,22
1443771,0.7142857142857142,0.1639344262295082,0.17948717948717946,0.0,0.16666666666666666,0.4629629629629629,0.0,0.0,0.0,0.0,0.0,0.0,0.0,0.0,0.0,0.0,0.0,0.0,0.0,0.0,0.0,0.0,0.0,0,16,0,0,16
1321270,0.8571428571428572,0.0,0.0,0.0,0.0,0.0,0.5,0.5,0.21428571428571427,0.0,0.8125,0.5,1.0,0.5,0.0,1.0,0.0,0.0,1.0,0.0,0.0,0.0,0.0,0,-2,30,0,28
1321267,1.0,0.01639344262295082,0.025641025641025633,0.0,0.0,0.11574074074074073,0.75,0.75,0.6428571428571428,0.0,0.53125,0.5,0.0,0.0,0.0,0.0,0.0,0.3333333333333333,0.43615384615384617,0.0,0.0,0.0,0.0,0,1,13,0,14
1267311,0.14285714285714285,0.03278688524590164,0.025641025641025633,0.0,0.0,0.23148148148148145,1.0,1.0,1.0,0.0,0.71875,0.75,0.0,1.0,0.0,1.0,0.0,1.0,0.44230769230769235,0.0,0.0,0.0,0.0,0,2,76,0,78
1267306,0.14285714285714285,0.8852459016393444,0.5641025641025641,1.0,0.8333333333333333,1.0,1.0,1.0,0.7857142857142857,0.0,0.6875,0.5,0.5,1.0,0.0,0.0,0.0,0.0,0.42307692307692313,1.0,0.0,0.0,0.0,6,118,65,8,191
1267304,0.14285714285714285,1.0,1.0,0.4,1.0,0.6724074074074075,0.25,0.25,0.14285714285714285,0.0,0.3125,0.5,0.0,0.0,0.0,0.0,0.0,0.0,0.7692307692307693,0.0,0.0,0.0,0.0,2,115,2,0,117
