match_id,batting_position,runs,balls,fours,sixes,strike_rate,overs,total_balls,dots,maidens,conceded,fours_conceded,sixes_conceded,wickets,LBW,Bowled,noballs,wides,economy_rate,catches,stumping,direct_hit,indirect_hit,strike_rate_fp,batting_fp,bowling_fp,fielding_fp,total_fp
1192877,1.0,1.0,1.0,0.0,0.0,0.9412,0.75,0.75,0.3571428571428571,0.0,0.5,0.8,0.0,0.0,0.0,0.0,0.0,0.0,0.6668965517241379,0.0,0.0,0.0,0.0,-6,2,5,0,7
1192876,0.6666666666666665,0.0,0.0,0.0,0.0,0.0,1.0,1.0,0.5714285714285714,0.0,0.5689655172413793,0.4,0.25,1.0,1.0,0.0,0.0,0.0,0.5689655172413793,0.0,0.0,0.0,0.0,0,0,95,0,95
1192875,0.0,0.0,0.0,0.0,0.0,0.0,1.0,1.0,0.21428571428571427,0.0,1.0,0.8,1.0,0.0,0.0,0.0,0.0,0.0,1.0,0.0,0.0,0.0,0.0,0,0,-3,0,-3
1157377,1.0,0.125,0.11764705882352941,0.0,0.0,1.0,1.0,1.0,0.5714285714285714,0.0,0.3793103448275862,0.4,0.0,0.0,0.0,0.0,0.0,0.0,0.3793103448275862,0.0,0.0,0.0,0.0,0,1,12,0,13
1115808,0.6666666666666665,0.125,0.11764705882352941,0.0,0.0,1.0,1.0,1.0,0.5,0.0,0.8103448275862069,1.0,0.5,0.3333333333333333,0.0,0.0,0.0,1.0,0.8103448275862069,0.0,0.0,0.0,0.0,0,1,28,0,29
1115807,1.0,0.0,0.0,0.0,0.0,0.0,1.0,1.0,1.0,0.0,0.4482758620689655,0.2,0.5,1.0,0.0,0.0,0.0,0.3333333333333333,0.4482758620689655,0.0,0.0,0.0,0.0,0,0,95,0,95
1115799,1.0,0.0,0.0,0.0,0.0,0.0,0.0,0.0,0.0,0.0,0.0,0.0,0.0,0.0,0.0,0.0,0.0,0.0,0.0,0.0,0.0,0.0,0.0,0,0,0,0,0
1115798,1.0,0.0,0.0,0.0,0.0,0.0,1.0,1.0,0.5714285714285714,0.0,0.5172413793103449,0.8,0.0,1.0,1.0,0.0,0.0,0.3333333333333333,0.5172413793103449,0.0,0.0,0.0,0.0,0,0,95,0,95
