match_id,batting_position,runs,balls,fours,sixes,strike_rate,overs,total_balls,dots,maidens,conceded,fours_conceded,sixes_conceded,wickets,LBW,Bowled,noballs,wides,economy_rate,catches,stumping,direct_hit,indirect_hit,strike_rate_fp,batting_fp,bowling_fp,fielding_fp,total_fp
1439825,0.0,0.0,0.0,0.0,0.0,0.0,0.6250468691413573,0.625,0.8888888888888888,1.0,0.08695652173913049,0.0,0.0,1.0,0.0,0.0,0.0,0.3333333333333333,0.0,0.0,0.0,0.0,0.0,0,0,84,0,84
1439819,0.25,0.0,0.08333333333333333,0.0,0.0,0.0,0.25009373828271464,0.25,0.0,0.0,0.7826086956521738,1.0,1.0,0.0,0.0,0.0,0.0,0.0,1.0,0.0,0.0,0.0,0.0,0,-2,8,0,6
1439816,1.0,1.0,0.5833333333333333,0.0,1.0,1.0,0.6250468691413573,0.625,0.0,0.0,1.0,0.5,1.0,0.0,0.0,0.0,0.0,0.6666666666666666,0.8400000000000001,0.0,0.0,0.0,0.0,0,27,8,0,35
1370791,0.75,0.5333333333333333,1.0,0.0,0.0,0.3111204442577815,1.0,1.0,1.0,1.0,0.8695652173913044,1.0,0.0,1.0,0.0,1.0,0.0,0.3333333333333333,0.48799999999999993,0.0,0.0,0.0,0.0,-2,6,91,0,97
1370785,1.0,0.0,0.0,0.0,0.0,0.0,0.0,0.0,0.0,0.0,0.0,0.0,0.0,1.0,1.0,0.0,0.0,1.0,0.17760000000000004,1.0,0.0,0.0,0.0,0,0,72,8,80
