match_id,batting_position,runs,balls,fours,sixes,strike_rate,overs,total_balls,dots,maidens,conceded,fours_conceded,sixes_conceded,wickets,LBW,Bowled,noballs,wides,economy_rate,catches,stumping,direct_hit,indirect_hit,strike_rate_fp,batting_fp,bowling_fp,fielding_fp,total_fp
1074970,0.0,0.0,0.0,0.0,0.0,0.0,0.0,0.0,1.0,0.0,0.0,1.0,0.0,1.0,0.0,0.0,0.0,1.0,0.0,1.0,0.0,0.0,0.0,0,0,126,8,134
1074965,0.0,0.0,0.0,0.0,0.0,0.0,0.0,0.0,0.33333333333333304,0.0,0.36363636363636376,0.0,0.5,0.3333333333333333,0.0,0.0,0.0,0.0,0.36363636363636376,0.0,0.0,0.0,0.0,0,0,64,0,64
1074963,1.0,0.0,0.0,0.0,0.0,0.0,0.0,0.0,0.33333333333333304,0.0,1.0,0.0,1.0,0.3333333333333333,0.0,0.0,0.0,0.0,1.0,0.0,0.0,0.0,0.0,0,0,62,0,62
1004729,0.0,1.0,1.0,0.0,0.0,1.0,0.0,0.0,0.0,0.0,0.8181818181818183,1.0,0.5,0.0,0.0,0.0,0.0,1.0,0.8181818181818183,0.0,0.0,0.0,0.0,0,1,36,0,37
