match_id,batting_position,runs,balls,fours,sixes,strike_rate,overs,total_balls,dots,maidens,conceded,fours_conceded,sixes_conceded,wickets,LBW,Bowled,noballs,wides,economy_rate,catches,stumping,direct_hit,indirect_hit,strike_rate_fp,batting_fp,bowling_fp,fielding_fp,total_fp
1226860,1.0,0.0,0.0,0.0,0.0,0.0,0.0,0.0,0.0,0.0,0.0,0.0,0.0,0.0,0.0,0.0,0.0,0.0,0.3939393939393938,1.0,0.0,0.0,0.0,0,0,0,8,8
1226827,0.0,0.0,0.16666666666666666,0.0,0.0,0.0,0.8572653236176595,0.857142857142857,0.6363636363636364,0.0,0.8500000000000001,0.75,0.0,0.0,0.0,0.0,0.0,1.0,0.696969696969697,0.0,0.0,0.0,0.0,0,0,7,0,7
1226871,0.25,0.0,0.3333333333333333,0.0,0.0,0.0,0.8572653236176595,0.857142857142857,0.5454545454545454,0.0,1.0,1.0,0.0,0.0,0.0,0.0,0.0,0.3333333333333333,1.0000000000000002,0.0,0.0,0.0,0.0,0,-2,6,0,4
756789,0.75,0.0,0.0,0.0,0.0,0.0,1.0,0.9999999999999998,1.0,0.0,0.6000000000000001,0.25,1.0,1.0,0.0,1.0,0.0,0.0,0.0,0.0,0.0,0.0,0.0,0,0,110,0,110
756763,0.75,0.0,1.0,0.0,0.0,0.0,0.8572653236176595,0.857142857142857,0.8181818181818182,0.0,0.8500000000000001,0.75,1.0,0.6666666666666666,0.0,0.5,0.0,0.0,0.696969696969697,0.0,0.0,0.0,0.0,0,0,67,0,67
756747,0.75,0.0,0.0,0.0,0.0,0.0,0.4286326618088298,0.42857142857142855,0.4545454545454546,0.0,0.39999999999999997,0.5,0.0,0.0,0.0,0.0,0.0,0.6666666666666666,0.5454545454545456,0.0,0.0,0.0,0.0,0,0,5,0,5
