match_id,batting_position,runs,balls,fours,sixes,strike_rate,overs,total_balls,dots,maidens,conceded,fours_conceded,sixes_conceded,wickets,LBW,Bowled,noballs,wides,economy_rate,catches,stumping,direct_hit,indirect_hit,strike_rate_fp,batting_fp,bowling_fp,fielding_fp,total_fp
1323551,1.0,0.0,0.0,0.0,0.0,0.0,0.0,0.0,0.0,0.0,0.0,0.0,0.0,0.0,0.0,0.0,0.0,0.0,0.0,0.0,0.0,0.0,0.0,0,0,0,0,0
1323552,0.6666666666666665,0.0,0.0,0.0,0.0,0.0,1.0,1.0,1.0,0.0,0.5,0.25,0.0,1.0,0.0,0.0,0.0,1.0,0.31133333333333335,0.0,0.0,0.0,0.0,0,0,69,0,69
1317139,0.6666666666666665,0.0,0.0,0.0,0.0,0.0,1.0,1.0,0.6153846153846154,0.0,1.0,1.0,1.0,0.0,0.0,0.0,0.0,0.16666666666666666,0.622,0.0,0.0,0.0,0.0,0,0,8,0,8
1317138,0.6666666666666665,0.0,0.0,0.0,0.0,0.0,0.3333333333333333,0.3333333333333333,0.0,0.0,0.46428571428571425,0.5,0.0,0.0,0.0,0.0,0.0,0.16666666666666666,0.8666666666666667,0.0,0.0,0.0,0.0,0,0,0,0,0
1310184,0.0,0.0,0.0,0.0,0.0,0.0,0.0,0.0,0.0,0.0,0.0,0.0,0.0,0.0,0.0,0.0,0.0,0.0,0.0,0.0,0.0,0.0,0.0,0,0,0,0,0
1310181,1.0,0.0,0.0,0.0,0.0,0.0,0.3333333333333333,0.3333333333333333,0.15384615384615385,0.0,0.5357142857142857,0.5,1.0,0.0,0.0,0.0,0.0,0.0,1.0,0.0,0.0,0.0,0.0,0,0,2,0,2
1310175,1.0,0.0,0.0,0.0,0.0,0.0,0.0,0.0,0.0,0.0,0.0,0.0,0.0,0.0,0.0,0.0,0.0,0.0,0.0,0.0,0.0,0.0,0.0,0,0,0,0,0
