match_id,batting_position,runs,balls,fours,sixes,strike_rate,overs,total_balls,dots,maidens,conceded,fours_conceded,sixes_conceded,wickets,LBW,Bowled,noballs,wides,economy_rate,catches,stumping,direct_hit,indirect_hit,strike_rate_fp,batting_fp,bowling_fp,fielding_fp,total_fp
1425111,1.0,0.0,1.0,0.0,0.0,0.0,0.0,0.0,0.0,0.0,1.0,0.3333333333333333,1.0,0.0,0.0,0.0,0.0,0.0,1.0,1.0,0.0,0.0,0.0,0,0,-4,8,4
1425110,1.0,0.0,0.0,0.0,0.0,0.0,1.0,1.0,1.0,0.0,0.44444444444444464,0.6666666666666667,0.3333333333333333,1.0,0.0,0.0,0.0,0.5,0.0,0.0,0.0,0.0,0.0,0,0,65,0,65
1423441,1.0,0.0,0.5,0.0,0.0,0.0,0.5,0.5,0.3636363636363636,0.0,0.0,0.0,0.3333333333333333,0.0,0.0,0.0,0.0,0.0,0.09945945945945944,0.0,0.0,0.0,0.0,0,0,6,0,6
1423372,0.0,0.0,0.0,0.0,0.0,0.0,0.5,0.5,0.45454545454545453,0.0,0.3333333333333335,1.0,0.0,0.5,0.0,0.0,0.0,1.0,0.20756756756756756,1.0,0.0,0.0,0.0,0,0,32,8,40
1383098,1.0,0.0,0.0,0.0,0.0,0.0,1.0,1.0,0.45454545454545453,0.0,0.44444444444444464,0.6666666666666667,0.0,0.0,0.0,0.0,1.0,0.0,0.0,0.0,0.0,0.0,0.0,0,0,9,0,9
