match_id,batting_position,runs,balls,fours,sixes,strike_rate,overs,total_balls,dots,maidens,conceded,fours_conceded,sixes_conceded,wickets,LBW,Bowled,noballs,wides,economy_rate,catches,stumping,direct_hit,indirect_hit,strike_rate_fp,batting_fp,bowling_fp,fielding_fp,total_fp
902219,0.75,1.0,1.0,1.0,0.0,0.42855,0.0,0.0,0.0,0.0,0.2972972972972973,0.6000000000000001,0.0,0.0,0.0,0.0,0.0,0.0,0.5449438202247191,0.0,0.0,0.0,0.0,0,20,3,0,23
902171,0.0,0.0,0.0,0.0,0.0,0.0,0.5834999999999999,0.5833333333333333,1.0,1.0,0.0,0.2,0.0,1.0,1.0,1.0,0.0,0.0,0.0,0.5,0.0,0.0,0.0,0,0,128,8,136
902125,1.0,0.0,0.07142857142857142,0.0,0.0,0.0,0.5,0.5,0.5,0.0,0.4324324324324325,0.2,0.6666666666666666,0.6666666666666666,0.0,0.0,0.0,0.0,0.4382022471910113,1.0,0.0,0.0,0.0,0,-2,59,16,73
829741,1.0,0.0,0.0,0.0,0.0,0.0,0.5,0.5,0.0,0.0,1.0,1.0,0.6666666666666666,0.3333333333333333,0.0,1.0,0.0,0.0,1.0,0.0,0.0,0.0,0.0,0,0,30,0,30
734025,1.0,0.08333333333333333,0.07142857142857142,0.0,0.0,0.5,1.0,1.0,0.25,0.0,0.6756756756756757,0.2,0.6666666666666666,0.0,0.0,0.0,0.0,0.0,0.4646869983948636,0.0,0.0,0.0,0.0,0,1,6,0,7
734019,1.0,0.0,0.0,0.0,0.0,0.0,1.0,1.0,0.16666666666666663,0.0,0.6756756756756757,0.4,0.3333333333333333,0.0,0.0,0.0,0.0,0.0,0.4646869983948636,0.0,0.0,0.0,0.0,0,0,5,0,5
734007,0.75,0.0,0.0,0.0,0.0,0.0,1.0,1.0,0.6666666666666666,0.0,0.6486486486486487,0.0,1.0,0.3333333333333333,0.0,1.0,0.0,0.0,0.4446227929373997,0.5,0.0,0.0,0.0,0,0,44,8,52
733991,0.75,0.3333333333333333,0.14285714285714285,0.5,0.0,1.0,1.0,1.0,0.75,0.0,0.5135135135135136,0.2,0.6666666666666666,0.6666666666666666,0.0,0.0,0.0,0.0,0.3443017656500803,0.0,0.0,0.0,0.0,0,8,64,0,72
