match_id,batting_position,runs,balls,fours,sixes,strike_rate,overs,total_balls,dots,maidens,conceded,fours_conceded,sixes_conceded,wickets,LBW,Bowled,noballs,wides,economy_rate,catches,stumping,direct_hit,indirect_hit,strike_rate_fp,batting_fp,bowling_fp,fielding_fp,total_fp
1127575,0.0,0.0,0.0,0.0,0.0,0.0,1.0,1.0,0.875,0.0,0.9999999999999999,1.0,0.0,0.5,0.0,0.0,1.0,0.0,0.5333333333333332,0.0,0.0,0.0,0.0,0,0,34,0,34
1127555,0.0,1.0,1.0,0.0,0.0,1.0,0.0,0.0,0.0,0.0,0.0,0.0,0.0,0.0,0.0,0.0,0.0,0.0,0.20000000000000018,1.0,0.0,0.0,0.0,0,2,4,8,14
1127546,0.0,0.0,0.0,0.0,0.0,0.0,0.0,0.0,0.125,0.0,0.33333333333333337,0.5,0.0,0.0,0.0,0.0,0.0,1.0,1.0,0.0,0.0,0.0,0.0,0,0,3,0,3
1127537,0.0,0.0,0.0,0.0,0.0,0.0,1.0,1.0,0.875,0.0,0.7777777777777778,1.0,0.0,0.5,0.0,0.0,0.0,0.0,0.26666666666666683,1.0,0.0,0.0,0.0,0,0,36,8,44
1127534,0.0,0.0,0.0,0.0,0.0,0.0,1.0,1.0,1.0,0.0,0.5555555555555555,0.5,0.0,1.0,0.0,0.0,0.0,0.0,0.0,0.0,0.0,0.0,0.0,0,0,64,0,64
1127524,0.0,0.0,0.0,0.0,0.0,0.0,1.0,1.0,0.375,0.0,0.9999999999999999,1.0,0.0,0.5,0.0,0.0,0.0,1.0,0.5333333333333332,1.0,0.0,0.0,0.0,0,0,30,8,38
