match_id,batting_position,runs,balls,fours,sixes,strike_rate,overs,total_balls,dots,maidens,conceded,fours_conceded,sixes_conceded,wickets,LBW,Bowled,noballs,wides,economy_rate,catches,stumping,direct_hit,indirect_hit,strike_rate_fp,batting_fp,bowling_fp,fielding_fp,total_fp
1443781,1.0,0.0,0.0,0.0,0.0,0.0,1.0,1.0,0.9999999999999999,0.0,0.0,0.0,0.0,1.0,0.0,0.0,0.0,1.0,0.0,1.0,0.0,0.0,0.0,0,0,73,16,89
1443766,1.0,0.0,0.0,0.0,0.0,0.0,1.0,1.0,0.08333333333333337,0.0,1.0,1.0,1.0,0.0,0.0,0.0,0.0,0.6666666666666666,1.0,0.0,0.0,0.0,0.0,0,0,4,0,4
1444951,1.0,0.0,0.0,0.0,0.0,0.0,1.0,1.0,0.8333333333333334,0.0,0.12903225806451613,0.4,0.0,1.0,0.0,1.0,0.0,0.0,0.12903225806451613,0.5,0.0,0.0,0.0,0,0,79,8,87
1444947,1.0,0.0,0.0,0.0,0.0,0.0,1.0,1.0,0.7499999999999999,0.0,0.06451612903225812,0.2,0.0,0.0,0.0,0.0,0.0,0.6666666666666666,0.06451612903225812,0.5,0.0,0.0,0.0,0,0,20,8,28
1426480,0.6666666666666665,1.0,1.0,0.0,0.0,1.0,1.0,1.0,0.25,0.0,0.4838709677419355,0.2,1.0,0.5,0.0,0.0,0.0,0.0,0.4838709677419355,0.0,0.0,0.0,0.0,0,1,35,0,36
1320975,0.0,0.0,0.0,0.0,0.0,0.0,0.0,0.0,0.0,0.0,0.29032258064516137,0.4,0.0,0.5,0.0,0.0,0.0,0.3333333333333333,0.5264516129032258,0.0,0.0,0.0,0.0,0,0,30,0,30
