match_id,batting_position,runs,balls,fours,sixes,strike_rate,overs,total_balls,dots,maidens,conceded,fours_conceded,sixes_conceded,wickets,LBW,Bowled,noballs,wides,economy_rate,catches,stumping,direct_hit,indirect_hit,strike_rate_fp,batting_fp,bowling_fp,fielding_fp,total_fp
1436492,0.19999999999999996,0.0,0.0,0.0,0.0,0.0,1.0,1.0,1.0,0.0,0.0,0.25,0.0,0.3333333333333333,0.0,0.0,0.0,0.0,0.0,0.0,0.0,0.0,0.0,0,0,48,0,48
1436488,1.0,0.0,0.0,0.0,0.0,0.0,1.0,1.0,0.29999999999999993,0.0,0.9000000000000001,1.0,0.5,0.3333333333333333,0.0,0.0,1.0,0.4,0.9000000000000001,0.0,0.0,0.0,0.0,0,0,35,0,35
1436480,0.7999999999999998,0.0,0.0,0.0,0.0,0.0,0.0,0.0,0.0,0.0,0.5333333333333334,0.75,0.5,0.0,0.0,0.0,0.0,0.0,0.8226666666666667,0.0,0.0,0.0,0.0,0,0,7,0,7
1436475,0.7999999999999998,0.0,0.0,0.0,0.0,0.0,1.0,1.0,1.0,0.0,0.033333333333333326,0.25,0.0,1.0,0.0,1.0,0.0,0.4,0.033333333333333326,0.0,0.0,0.0,0.0,0,0,110,0,110
1436474,0.0,0.2,1.0,0.0,0.0,0.2,1.0,1.0,0.19999999999999996,0.0,1.0,1.0,1.0,1.0,0.0,1.0,0.0,0.0,1.0,1.0,0.0,0.0,0.0,0,1,94,8,103
1155315,0.3999999999999999,1.0,1.0,1.0,0.0,1.0,1.0,1.0,0.29999999999999993,0.0,0.4333333333333333,0.0,0.0,1.0,0.0,0.0,0.0,1.0,0.4333333333333333,1.0,0.0,0.0,0.0,0,9,93,8,110
