match_id,batting_position,runs,balls,fours,sixes,strike_rate,overs,total_balls,dots,maidens,conceded,fours_conceded,sixes_conceded,wickets,LBW,Bowled,noballs,wides,economy_rate,catches,stumping,direct_hit,indirect_hit,strike_rate_fp,batting_fp,bowling_fp,fielding_fp,total_fp
1114871,1.0,0.0,0.0,0.0,0.0,0.0,0.0,0.0,0.3333333333333335,0.0,0.12,0.25,0.5,0.0,0.0,0.0,0.0,0.0,0.40000000000000013,0.0,0.0,0.0,0.0,0,0,8,0,8
1114869,1.0,0.0,0.0,0.0,0.0,0.0,1.0,1.0,0.6666666666666665,0.0,0.88,0.25,1.0,0.0,0.0,0.0,0.0,0.0,0.8,0.0,0.0,0.0,0.0,0,0,7,0,7
1114864,1.0,0.0,0.0,0.0,0.0,0.0,1.0,1.0,0.6666666666666665,0.0,0.84,0.75,0.5,0.0,0.0,0.0,0.0,0.0,0.7333333333333332,0.0,0.0,0.0,0.0,0,0,7,0,7
1023609,0.0,0.0,0.0,0.0,0.0,0.0,1.0,1.0,1.0,0.0,1.0,1.0,0.5,0.0,0.0,0.0,0.0,0.0,1.0000000000000002,0.0,0.0,0.0,0.0,0,0,8,0,8
1023601,0.0,1.0,1.0,0.0,0.0,1.0,1.0,1.0,1.0,0.0,0.48,0.0,0.5,0.5,0.0,1.0,0.0,0.0,0.1333333333333333,1.0,0.0,0.0,0.0,0,3,45,8,56
1023593,1.0,0.0,0.0,0.0,0.0,0.0,0.0,0.0,0.3333333333333335,0.0,0.0,0.25,0.0,1.0,0.0,0.0,0.0,0.0,0.0,0.0,0.0,0.0,0.0,0,0,60,0,60
897727,1.0,0.0,0.0,0.0,0.0,0.0,0.0,0.0,0.0,0.0,0.19999999999999996,0.25,0.5,0.0,0.0,0.0,0.0,0.0,0.6666666666666667,1.0,0.0,0.0,0.0,0,0,5,8,13
