match_id,batting_position,runs,balls,fours,sixes,strike_rate,overs,total_balls,dots,maidens,conceded,fours_conceded,sixes_conceded,wickets,LBW,Bowled,noballs,wides,economy_rate,catches,stumping,direct_hit,indirect_hit,strike_rate_fp,batting_fp,bowling_fp,fielding_fp,total_fp
1436486,0.6666666666666667,0.0,1.0,0.0,0.0,0.0,0.5,0.5,0.2222222222222222,0.0,0.8,1.0,0.0,0.0,0.0,0.0,0.0,0.0,1.0,0.0,0.0,0.0,0.0,0,-2,2,0,0
1436481,1.0,0.0,0.3333333333333333,0.0,0.0,0.0,1.0,1.0,1.0,0.0,1.0,1.0,0.0,1.0,0.0,1.0,0.0,0.0,0.625,0.0,0.0,0.0,0.0,0,-2,71,0,69
1321276,0.0,0.0,0.0,0.0,0.0,0.0,0.0,0.0,0.0,0.0,0.0,0.0,0.0,0.0,0.0,0.0,0.0,0.0,0.0,0.0,0.0,0.0,0.0,0,0,0,0,0
1321260,0.16666666666666674,0.0,0.3333333333333333,0.0,0.0,0.0,0.5,0.5,0.5555555555555556,0.0,0.5,0.0,0.0,0.0,0.0,0.0,0.0,1.0,0.625,0.0,0.0,0.0,0.0,0,-2,9,0,7
