match_id,batting_position,runs,balls,fours,sixes,strike_rate,overs,total_balls,dots,maidens,conceded,fours_conceded,sixes_conceded,wickets,LBW,Bowled,noballs,wides,economy_rate,catches,stumping,direct_hit,indirect_hit,strike_rate_fp,batting_fp,bowling_fp,fielding_fp,total_fp
1208093,0.0,1.0,1.0,1.0,0.0,0.71576,0.0,0.0,0.0,0.0,0.0,0.0,0.0,0.0,0.0,0.0,0.0,0.0,0.0,1.0,0.0,0.0,0.0,0,25,0,8,33
1208089,0.0,0.7058823529411764,0.7894736842105263,0.5,0.0,0.64,0.25,0.25,0.0,0.0,0.3181818181818182,0.5,0.2,0.0,0.0,0.0,0.0,0.0,1.0,0.0,0.0,0.0,0.0,0,16,0,0,16
1208086,0.7777777777777777,0.29411764705882354,0.21052631578947367,0.5,0.0,1.0,0.75,0.75,0.36363636363636365,0.0,0.5454545454545454,0.5,0.2,0.0,0.0,0.0,0.0,0.0,0.5714285714285714,0.0,0.0,0.0,0.0,0,9,4,0,13
1208083,1.0,0.0,0.0,0.0,0.0,0.0,1.0,1.0,1.0,0.0,1.0,1.0,1.0,1.0,0.0,0.0,0.0,0.0,0.7857142857142857,0.0,0.0,0.0,0.0,0,0,34,0,34
