match_id,batting_position,runs,balls,fours,sixes,strike_rate,overs,total_balls,dots,maidens,conceded,fours_conceded,sixes_conceded,wickets,LBW,Bowled,noballs,wides,economy_rate,catches,stumping,direct_hit,indirect_hit,strike_rate_fp,batting_fp,bowling_fp,fielding_fp,total_fp
1130711,0.6666666666666665,0.0,0.0,0.0,0.0,0.0,0.0,0.0,0.0,0.0,0.8421052631578947,0.25,1.0,0.0,0.0,0.0,1.0,1.0,0.9999999999999999,0.0,0.0,0.0,0.0,0,0,-5,0,-5
1130672,0.0,0.0,0.0,0.0,0.0,0.0,0.0,0.0,0.25,0.0,0.368421052631579,1.0,0.0,0.0,0.0,0.0,0.0,1.0,0.6170212765957447,0.0,0.0,0.0,0.0,0,0,1,0,1
902209,1.0,0.0,0.0,0.0,0.0,0.0,1.0,1.0,1.0,0.0,0.0,0.0,0.0,0.0,0.0,0.0,0.0,0.0,0.0,0.0,0.0,0.0,0.0,0,0,15,0,15
902183,0.0,0.0,0.0,0.0,0.0,0.0,1.0,1.0,0.5,0.0,0.6842105263157894,0.0,0.3333333333333333,1.0,0.0,0.0,0.0,0.0,0.276595744680851,0.0,0.0,0.0,0.0,0,0,32,0,32
902161,0.6666666666666665,0.0,1.0,0.0,0.0,0.0,0.4165000000000001,0.4166666666666665,0.75,0.0,0.5263157894736841,0.75,0.3333333333333333,1.0,0.0,1.0,0.0,0.0,0.4314893617021276,0.0,0.0,0.0,0.0,0,-2,40,0,38
902139,0.6666666666666665,0.0,0.0,0.0,0.0,0.0,1.0,1.0,0.75,0.0,0.9999999999999998,0.0,1.0,1.0,0.0,1.0,0.0,0.0,0.4042553191489361,0.0,0.0,0.0,0.0,0,0,40,0,40
