match_id,batting_position,runs,balls,fours,sixes,strike_rate,overs,total_balls,dots,maidens,conceded,fours_conceded,sixes_conceded,wickets,LBW,Bowled,noballs,wides,economy_rate,catches,stumping,direct_hit,indirect_hit,strike_rate_fp,batting_fp,bowling_fp,fielding_fp,total_fp
355992,0.0,0.0,0.0,0.0,0.0,0.0,0.0,0.0,0.0,0.0,0.0,0.6666666666666666,0.0,0.0,0.0,0.0,0.0,0.0,1.0,0.0,0.0,0.0,0.0,0,0,0,0,0
366622,0.0,0.0,0.0,0.0,0.0,0.0,1.0,1.0,1.0,0.0,0.7,0.6666666666666666,0.3333333333333333,1.0,0.0,0.0,0.0,0.0,0.0,0.0,0.0,0.0,0.0,0,0,63,0,63
386494,0.0,0.0,0.0,0.0,0.0,0.0,1.0,1.0,0.6153846153846154,0.0,1.0,0.0,1.0,1.0,0.0,1.0,0.0,0.0,0.17647058823529416,0.0,0.0,0.0,0.0,0,0,74,0,74
351696,0.0,0.0,0.0,0.0,0.0,0.0,1.0,1.0,0.5384615384615385,0.0,0.9000000000000001,0.9999999999999999,0.0,1.0,0.0,0.0,0.0,0.0,0.11764705882352944,0.0,0.0,0.0,0.0,0,0,57,0,57
