match_id,batting_position,runs,balls,fours,sixes,strike_rate,overs,total_balls,dots,maidens,conceded,fours_conceded,sixes_conceded,wickets,LBW,Bowled,noballs,wides,economy_rate,catches,stumping,direct_hit,indirect_hit,strike_rate_fp,batting_fp,bowling_fp,fielding_fp,total_fp
1205768,1.0,0.0,0.0,0.0,0.0,0.0,0.0,0.0,0.0,0.0,0.0,0.0,0.0,0.0,0.0,0.0,0.0,0.0,0.0,0.0,0.0,0.0,0.0,0,0,0,0,0
1205750,0.75,0.0,0.0,0.0,0.0,0.0,1.0,1.0,1.0,0.0,1.0,1.0,1.0,0.0,0.0,0.0,0.0,1.0,1.0,1.0,0.0,0.0,0.0,0,0,-3,8,5
1205732,0.5,0.0,0.0,0.0,0.0,0.0,1.0,1.0,0.3333333333333333,0.0,0.8461538461538463,1.0,0.5,0.0,0.0,0.0,0.0,0.0,0.8461538461538463,1.0,0.0,0.0,0.0,0,0,-1,8,7
1205724,0.25,1.0,1.0,1.0,0.0,0.9333437038189314,0.5,0.5,0.3333333333333333,0.0,0.38461538461538464,0.0,0.5,0.0,0.0,0.0,0.0,0.0,0.7692307692307693,1.0,0.0,0.0,0.0,0,16,1,8,25
1130708,0.0,0.25,0.30000000000000004,0.0,0.0,0.7777864198491095,0.0,0.0,0.0,0.0,0.0,0.0,0.0,0.0,0.0,0.0,0.0,0.0,0.0,0.0,0.0,0.0,0.0,0,3,0,0,3
1130693,0.75,0.0,0.0,0.0,0.0,0.0,0.0,0.0,0.0,0.0,0.0,0.0,0.0,0.0,0.0,0.0,0.0,0.0,0.0,1.0,0.0,0.0,0.0,0,0,0,8,8
1130683,0.25,0.75,0.7000000000000001,0.0,0.0,1.0,0.0,0.0,0.0,0.0,0.0,0.0,0.0,0.0,0.0,0.0,0.0,0.0,0.0,0.0,0.0,0.0,0.0,0,9,0,0,9
1130661,1.0,0.0,0.0,0.0,0.0,0.0,0.0,0.0,0.0,0.0,0.0,0.0,0.0,0.0,0.0,0.0,0.0,0.0,0.0,1.0,0.0,0.0,0.0,0,0,0,8,8
