match_id,batting_position,runs,balls,fours,sixes,strike_rate,overs,total_balls,dots,maidens,conceded,fours_conceded,sixes_conceded,wickets,LBW,Bowled,noballs,wides,economy_rate,catches,stumping,direct_hit,indirect_hit,strike_rate_fp,batting_fp,bowling_fp,fielding_fp,total_fp
1321277,0.28571428571428564,1.0,0.5294117647058824,1.0,0.0,1.0,0.0,0.0,0.0,0.0,0.0,0.0,0.0,0.0,0.0,0.0,0.0,0.0,0.0,1.0,0.0,0.0,0.0,0,27,0,8,35
1321274,0.42857142857142855,0.6,1.0,0.0,0.0,0.31763364732705346,0.0,0.0,0.0,0.0,0.0,0.0,0.0,0.0,0.0,0.0,0.0,0.0,0.0,0.0,0.0,0.0,1.0,-4,5,0,6,11
1323551,0.9999999999999998,0.0,0.0,0.0,0.0,0.0,0.0,0.0,0.0,0.0,0.0,0.0,0.0,0.0,0.0,0.0,0.0,0.0,0.0,0.0,0.0,0.0,0.0,0,0,0,0,0
1323552,0.0,0.3333333333333333,0.5294117647058824,0.3333333333333333,0.0,0.3333533329333414,0.5,0.5,0.4444444444444444,0.0,0.6216216216216217,0.5,0.2,1.0,0.0,0.0,0.0,0.0,0.6216216216216217,0.0,0.0,0.0,0.0,0,9,25,0,34
1323550,0.9999999999999998,0.0,0.0,0.0,0.0,0.0,0.0,0.0,0.0,0.0,0.0,0.0,0.0,0.0,0.0,0.0,0.0,0.0,0.0,0.0,0.0,0.0,0.0,0,0,0,0,0
1317139,0.28571428571428564,0.06666666666666667,0.058823529411764705,0.0,0.0,0.5999880002399952,0.5,0.5,0.2222222222222222,0.0,1.0,0.0,1.0,1.0,0.0,1.0,0.0,1.0,1.0,0.0,0.0,0.0,0.0,0,1,29,0,30
1317137,0.42857142857142855,0.13333333333333333,0.23529411764705882,0.0,0.0,0.2999940001199976,0.5,0.5,0.3333333333333333,0.0,0.8648648648648649,0.16666666666666666,0.8,0.0,0.0,0.0,0.0,0.0,0.8648648648648649,0.0,0.0,0.0,0.0,0,2,-3,0,-1
1317138,0.14285714285714285,0.26666666666666666,0.1764705882352941,0.3333333333333333,0.0,0.7999640007199857,0.45825,0.4583333333333333,0.3333333333333333,0.0,0.7297297297297298,0.3333333333333333,0.4,0.0,0.0,0.0,1.0,0.3333333333333333,0.7962162162162163,0.0,0.0,0.0,0.0,0,8,3,0,11
1317136,0.28571428571428564,0.06666666666666667,0.11764705882352941,0.0,0.0,0.2999940001199976,1.0,1.0,1.0,0.0,0.8648648648648649,1.0,0.0,1.0,0.0,1.0,0.0,0.3333333333333333,0.43243243243243246,0.0,0.0,0.0,0.0,0,1,42,0,43
