match_id,batting_position,runs,balls,fours,sixes,strike_rate,overs,total_balls,dots,maidens,conceded,fours_conceded,sixes_conceded,wickets,LBW,Bowled,noballs,wides,economy_rate,catches,stumping,direct_hit,indirect_hit,strike_rate_fp,batting_fp,bowling_fp,fielding_fp,total_fp
1157225,1.0,0.2222222222222222,0.25,0.0,0.0,0.8888888888888888,0.75,0.75,0.6666666666666665,0.0,1.0,0.8,0.3333333333333333,0.5,0.0,0.0,0.0,1.0,0.5031578947368422,0.0,0.0,0.0,1.0,0,2,32,6,40
1003901,1.0,0.0,0.0,0.0,0.0,0.0,0.0,0.0,0.0,0.0,0.0,0.0,1.0,0.0,0.0,0.0,0.0,0.0,1.0,0.0,0.0,0.0,0.0,0,0,-1,0,-1
1003895,0.0,0.0,0.0,0.0,0.0,0.0,1.0,1.0,1.0,0.0,0.44444444444444464,0.6000000000000001,0.0,1.0,0.0,0.0,0.0,0.0,0.0,0.0,0.0,0.0,0.0,0,0,61,0,61
1003887,1.0,1.0,1.0,1.0,0.0,1.0,0.5,0.5,0.5,0.0,0.8888888888888888,1.0,0.3333333333333333,0.0,0.0,0.0,0.0,0.0,0.7536842105263157,0.0,0.0,0.0,0.0,0,17,4,0,21
