match_id,batting_position,runs,balls,fours,sixes,strike_rate,overs,total_balls,dots,maidens,conceded,fours_conceded,sixes_conceded,wickets,LBW,Bowled,noballs,wides,economy_rate,catches,stumping,direct_hit,indirect_hit,strike_rate_fp,batting_fp,bowling_fp,fielding_fp,total_fp
1321299,0.0,1.0,1.0,0.0,0.0,0.5,0.6666666666666667,0.6666666666666667,0.5,0.0,0.6666666666666665,0.6666666666666666,0.0,0.5,0.0,0.0,0.0,0.0,0.14833333333333334,0.0,0.0,0.0,0.0,0,1,35,0,36
1321296,1.0,1.0,0.5,0.0,0.0,1.0,0.0,0.0,0.25,0.0,0.0,0.6666666666666666,0.0,0.0,0.0,0.0,0.0,0.0,0.33333333333333337,0.0,0.0,0.0,0.0,0,1,3,0,4
1321291,1.0,0.0,0.0,0.0,0.0,0.0,1.0,1.0,1.0,0.0,0.25,0.0,0.0,1.0,0.0,0.0,0.0,0.0,0.0,1.0,0.0,0.0,0.0,0,0,68,8,76
1321286,1.0,1.0,0.5,0.0,0.0,1.0,0.0,0.0,0.0,0.0,1.0,1.0,1.0,0.0,0.0,0.0,0.0,1.0,0.9999999999999999,0.0,0.0,0.0,0.0,0,1,0,0,1
