match_id,batting_position,runs,balls,fours,sixes,strike_rate,overs,total_balls,dots,maidens,conceded,fours_conceded,sixes_conceded,wickets,LBW,Bowled,noballs,wides,economy_rate,catches,stumping,direct_hit,indirect_hit,strike_rate_fp,batting_fp,bowling_fp,fielding_fp,total_fp
1155283,0.0,0.0,0.09090909090909088,0.0,0.0,0.18520000000000003,0.625,0.625,0.5384615384615385,0.0,0.7894736842105263,1.0,1.0,0.0,0.0,0.0,0.0,0.0,1.0,0.0,0.0,0.0,0.0,0,2,3,0,5
1155279,0.5,0.19999999999999998,1.0,0.0,0.0,0.05982222222222222,1.0,1.0,1.0,0.0,0.5526315789473684,0.5,0.5,0.6666666666666666,0.0,1.0,0.0,0.0,0.4375,1.0,0.0,0.0,0.0,-6,-1,75,16,90
1155281,0.5,0.0,0.5454545454545454,0.0,0.0,0.0,0.0,0.0,0.0,0.0,0.0,0.0,0.0,0.0,0.0,0.0,0.0,0.0,0.0,0.0,0.0,0.0,0.0,0,2,0,0,2
1155276,0.5,1.0,1.0,1.0,0.0,0.47008888888888894,1.0,1.0,0.9230769230769231,0.0,0.8421052631578947,0.5,1.0,0.6666666666666666,0.0,0.0,0.0,1.0,0.6666666666666666,0.0,0.0,1.0,0.0,2,27,62,12,101
1155272,1.0,0.19999999999999998,0.0,0.5,0.0,1.0,1.0,1.0,1.0,1.0,0.5,0.5,0.0,1.0,0.0,1.0,0.0,1.0,0.3958333333333333,0.5,0.0,0.0,0.0,0,9,118,8,135
1155274,0.0,0.0,0.45454545454545453,0.0,0.0,0.015866666666666668,1.0,1.0,0.6153846153846154,0.0,1.0,0.75,1.0,0.0,0.0,0.0,0.0,0.0,0.7916666666666666,0.0,0.0,0.0,0.0,0,2,8,0,10
