match_id,batting_position,runs,balls,fours,sixes,strike_rate,overs,total_balls,dots,maidens,conceded,fours_conceded,sixes_conceded,wickets,LBW,Bowled,noballs,wides,economy_rate,catches,stumping,direct_hit,indirect_hit,strike_rate_fp,batting_fp,bowling_fp,fielding_fp,total_fp
1130683,0.0,1.0,1.0,1.0,0.0,1.0,0.6666666666666667,0.6666666666666667,0.2857142857142857,0.0,0.9999999999999999,0.6666666666666667,1.0,1.0,0.0,0.0,0.0,1.0,1.0,0.0,0.0,0.0,0.0,0,10,23,0,33
1130673,0.0,0.0,0.5,0.0,0.0,0.0,0.7776666666666667,0.7777777777777779,0.42857142857142855,0.0,0.608695652173913,0.3333333333333333,0.0,1.0,0.0,0.0,0.0,1.0,0.0,1.0,0.0,0.0,0.0,0,0,28,8,36
1130662,0.0,0.16666666666666666,0.5,0.0,0.0,0.33333333333333337,0.0,0.0,0.0,0.0,0.0,0.0,0.0,0.0,0.0,0.0,0.0,0.0,0.9138381201044385,0.0,0.0,0.0,0.0,0,1,0,0,1
955063,0.0,0.0,0.0,0.0,0.0,0.0,1.0,1.0,1.0,0.0,0.8695652173913043,1.0,0.0,1.0,0.0,0.0,1.0,0.0,0.06527415143603132,0.0,0.0,0.0,0.0,0,0,32,0,32
