match_id,batting_position,runs,balls,fours,sixes,strike_rate,overs,total_balls,dots,maidens,conceded,fours_conceded,sixes_conceded,wickets,LBW,Bowled,noballs,wides,economy_rate,catches,stumping,direct_hit,indirect_hit,strike_rate_fp,batting_fp,bowling_fp,fielding_fp,total_fp
1157130,0.0,0.0,0.0,0.0,0.0,0.0,0.0,0.0,0.9999999999999998,0.0,0.0,0.0,0.25,0.0,0.0,0.0,0.0,0.0,0.0,0.0,0.0,1.0,0.0,0,0,11,12,23
1157095,1.0,1.0,1.0,1.0,0.0,1.0,0.8568980291345332,0.857142857142857,0.0,0.0,1.0,0.4,1.0,0.0,0.0,0.0,0.0,1.0,0.9999999999999998,0.0,0.0,0.0,0.0,0,9,-2,0,7
1133420,0.3333333333333335,0.0,0.0,0.0,0.0,0.0,1.0,0.9999999999999998,0.6666666666666667,0.0,0.5625,1.0,0.0,1.0,0.0,0.0,0.0,0.0,0.4266666666666665,1.0,0.0,0.0,0.0,0,0,31,8,39
