match_id,batting_position,runs,balls,fours,sixes,strike_rate,overs,total_balls,dots,maidens,conceded,fours_conceded,sixes_conceded,wickets,LBW,Bowled,noballs,wides,economy_rate,catches,stumping,direct_hit,indirect_hit,strike_rate_fp,batting_fp,bowling_fp,fielding_fp,total_fp
1267311,1.0,0.6666666666666666,1.0,0.0,0.0,0.4,0.0,0.0,0.0,0.0,0.0,0.0,0.0,0.0,0.0,0.0,0.0,0.0,0.0,0.0,0.0,0.0,0.0,0,2,0,0,2
1267307,1.0,0.0,0.0,0.0,0.0,0.0,0.5,0.5,0.5714285714285714,0.0,1.0,0.0,1.0,0.5,0.0,0.0,0.0,0.0,1.0,0.0,0.0,0.0,0.0,0,0,23,0,23
1235832,1.0,1.0,0.6000000000000001,0.0,0.0,1.0,0.5,0.5,1.0,0.0,0.4444444444444444,1.0,0.0,0.0,0.0,0.0,0.0,0.0,0.4444444444444444,0.0,0.0,0.0,0.0,0,3,9,0,12
1235830,0.0,0.0,0.0,0.0,0.0,0.0,0.75,0.75,0.42857142857142855,0.0,0.8148148148148148,1.0,0.0,0.5,0.0,0.0,0.0,1.0,0.542962962962963,0.0,0.0,0.0,0.0,0,0,28,0,28
1235829,0.0,0.0,0.0,0.0,0.0,0.0,1.0,1.0,1.0,0.0,0.7407407407407407,0.0,0.0,1.0,0.0,1.0,0.0,0.0,0.37037037037037035,1.0,0.0,0.0,0.0,0,0,69,8,77
