match_id,batting_position,runs,balls,fours,sixes,strike_rate,overs,total_balls,dots,maidens,conceded,fours_conceded,sixes_conceded,wickets,LBW,Bowled,noballs,wides,economy_rate,catches,stumping,direct_hit,indirect_hit,strike_rate_fp,batting_fp,bowling_fp,fielding_fp,total_fp
599880,0.5714285714285714,0.0,0.0,0.0,0.0,0.0,0.25,0.25,0.07142857142857142,0.0,0.5142857142857142,0.6666666666666666,0.3333333333333333,0.0,0.0,0.0,0.0,1.0,1.0,0.0,0.0,0.0,0.0,0,0,1,0,1
599870,0.4285714285714286,0.9166666666666666,0.5714285714285714,1.0,0.0,1.0,0.5,0.5,0.7142857142857142,1.0,0.14285714285714285,0.3333333333333333,0.0,0.5,0.0,1.0,0.0,0.0,0.1388888888888889,0.0,0.0,0.0,0.0,0,15,61,0,76
599867,0.2857142857142857,0.5,0.6428571428571428,1.0,0.0,0.4848727272727273,0.75,0.75,0.7142857142857142,0.0,0.37142857142857144,0.3333333333333333,0.0,0.5,0.0,0.0,0.0,0.5,0.24055555555555555,0.0,0.0,0.0,0.0,0,10,41,0,51
551077,0.2857142857142857,0.9166666666666666,1.0,0.0,1.0,0.5714181818181817,0.0,0.0,0.0,0.0,0.0,0.0,0.0,0.0,0.0,0.0,0.0,0.0,0.0,0.0,0.0,0.0,0.0,0,17,0,0,17
551066,0.4285714285714286,1.0,0.6428571428571428,0.0,1.0,0.9696727272727274,0.0,0.0,0.0,0.0,0.0,0.0,0.0,0.0,0.0,0.0,0.0,0.0,0.0,1.0,0.0,1.0,0.0,0,18,0,20,38
551063,0.4285714285714286,0.0,0.0,0.0,0.0,0.0,0.5,0.5,0.07142857142857142,0.0,1.0,1.0,1.0,0.0,0.0,0.0,0.0,0.0,0.9722222222222222,0.0,0.0,0.0,0.0,0,0,-5,0,-5
551062,0.0,0.0,0.0,0.0,0.0,0.0,1.0,1.0,1.0,0.0,0.45714285714285713,0.6666666666666666,0.0,1.0,0.0,1.0,0.0,0.0,0.2222222222222222,0.0,0.0,0.0,0.0,0,0,78,0,78
551048,1.0,0.0,0.0,0.0,0.0,0.0,0.0,0.0,0.0,0.0,0.0,0.0,0.0,0.0,0.0,0.0,0.0,0.0,0.0,0.0,0.0,0.0,0.0,0,0,0,0,0
