match_id,batting_position,runs,balls,fours,sixes,strike_rate,overs,total_balls,dots,maidens,conceded,fours_conceded,sixes_conceded,wickets,LBW,Bowled,noballs,wides,economy_rate,catches,stumping,direct_hit,indirect_hit,strike_rate_fp,batting_fp,bowling_fp,fielding_fp,total_fp
1157700,1.0,0.5,0.3,1.0,0.0,0.4,0.25,0.25,0.07142857142857142,0.0,0.48888888888888893,0.0,1.0,0.0,0.0,0.0,0.0,0.0,1.0,0.0,0.0,0.0,0.0,0,9,1,0,10
1157698,0.5,0.0,0.0,0.0,0.0,0.0,1.0,1.0,1.0,0.0,0.6,1.0,0.3333333333333333,0.5,0.0,0.0,0.0,0.0,0.3068181818181818,1.0,0.0,0.0,0.0,0,-2,41,8,47
1157696,1.0,1.0,0.2,1.0,1.0,1.0,0.25,0.25,0.14285714285714285,0.0,0.3111111111111111,0.3333333333333333,0.3333333333333333,0.0,0.0,0.0,0.0,1.0,0.6363636363636364,0.0,0.0,0.0,0.0,0,20,2,0,22
1157693,0.25,1.0,0.5,0.0,1.0,0.5714400000000001,1.0,1.0,0.2857142857142857,0.0,1.0,1.0,1.0,1.0,0.0,0.0,0.0,0.0,0.5113636363636364,0.0,0.0,0.0,0.0,0,16,50,0,66
1157691,0.0,0.4,1.0000000000000002,0.0,0.0,0.13332,0.0,0.0,0.0,0.0,0.0,0.0,0.0,0.0,0.0,0.0,0.0,0.0,0.0,0.0,0.0,0.0,0.0,-6,-2,0,0,-2
