match_id,batting_position,runs,balls,fours,sixes,strike_rate,overs,total_balls,dots,maidens,conceded,fours_conceded,sixes_conceded,wickets,LBW,Bowled,noballs,wides,economy_rate,catches,stumping,direct_hit,indirect_hit,strike_rate_fp,batting_fp,bowling_fp,fielding_fp,total_fp
1436494,0.0,0.0,0.0,0.0,0.0,0.0,1.0,1.0,1.0,0.0,0.4545454545454546,0.5,1.0,0.4,0.0,0.0,0.0,0.0,0.25,0.0,0.0,0.0,0.0,0,0,72,0,72
1436486,1.0,0.0,0.0,0.0,0.0,0.0,0.75,0.75,0.5384615384615385,0.0,0.09090909090909105,0.0,0.0,0.4,0.0,1.0,0.0,1.0,0.15800000000000003,0.0,0.0,0.0,0.0,0,0,74,0,74
1436479,0.5,0.0,0.0,0.0,0.0,0.0,0.5,0.5,0.5384615384615385,0.0,0.2727272727272727,0.0,1.0,0.2,0.0,1.0,0.0,0.0,0.43400000000000005,1.0,0.0,0.0,0.0,0,0,47,16,63
1436478,1.0,0.0,0.0,0.0,0.0,0.0,1.0,1.0,0.7692307692307692,0.0,0.6363636363636365,1.0,0.0,0.4,0.0,0.0,0.0,0.0,0.35,1.0,0.0,0.0,0.0,0,0,67,16,83
1383086,1.0,0.0,0.0,0.0,0.0,0.0,1.0,1.0,0.8461538461538463,0.0,0.0,0.0,0.0,1.0,1.0,0.0,0.0,0.0,0.0,0.5,0.0,0.0,0.0,0,0,165,8,173
1383080,1.0,0.0,0.0,0.0,0.0,0.0,1.0,1.0,0.6153846153846154,0.0,1.0000000000000002,1.0,0.0,0.2,0.0,0.0,0.0,1.0,0.5499999999999999,0.5,0.0,0.0,0.0,0,0,38,8,46
1383069,1.0,1.0,1.0,0.0,0.0,1.0,0.0,0.0,0.0,0.0,0.2727272727272727,0.0,1.0,0.0,0.0,0.0,0.0,0.0,1.0,0.0,0.0,0.0,0.0,0,2,3,0,5
