match_id,batting_position,runs,balls,fours,sixes,strike_rate,overs,total_balls,dots,maidens,conceded,fours_conceded,sixes_conceded,wickets,LBW,Bowled,noballs,wides,economy_rate,catches,stumping,direct_hit,indirect_hit,strike_rate_fp,batting_fp,bowling_fp,fielding_fp,total_fp
1333929,0.5999999999999999,1.0,1.0,0.0,0.0,1.0,0.0,0.0,0.0,0.0,0.0,0.0,0.0,0.0,0.0,0.0,0.0,0.0,0.0,0.0,0.0,0.0,0.0,0,2,27,0,29
1333927,0.0,0.0,0.0,0.0,0.0,0.0,0.3333333333333333,0.3333333333333333,0.16666666666666669,0.0,0.6000000000000001,0.5,1.0,0.0,0.0,0.0,0.0,0.2857142857142857,0.9999999999999999,0.0,0.0,0.0,0.0,0,0,22,0,22
1333924,1.0,0.0,0.0,0.0,0.0,0.0,1.0,1.0,1.0,0.0,1.0,1.0,1.0,0.0,0.0,0.0,1.0,1.0,0.6578947368421052,0.0,0.0,0.0,0.0,0,0,29,0,29
1333922,0.3999999999999999,0.0,0.0,0.0,0.0,0.0,0.6666666666666667,0.6666666666666667,0.8333333333333333,0.0,0.525,0.5,0.6666666666666666,1.0,0.0,0.0,0.0,0.14285714285714285,0.38631578947368417,0.0,0.0,1.0,0.0,0,0,86,12,98
