match_id,batting_position,runs,balls,fours,sixes,strike_rate,overs,total_balls,dots,maidens,conceded,fours_conceded,sixes_conceded,wickets,LBW,Bowled,noballs,wides,economy_rate,catches,stumping,direct_hit,indirect_hit,strike_rate_fp,batting_fp,bowling_fp,fielding_fp,total_fp
452154,1.0,0.5,0.14285714285714285,1.0,0.0,1.0,0.7391077484998696,0.7391304347826086,0.6923076923076923,0.0,0.6060606060606061,0.0,1.0,0.0,0.0,0.0,0.0,0.0,0.5384615384615385,0.0,0.0,0.0,0.0,0,11,11,0,22
452153,1.0,0.0,0.03571428571428571,0.0,0.0,0.0,0.21732324549960866,0.21739130434782608,0.07692307692307693,0.0,0.2727272727272727,0.0,0.5,0.0,0.0,0.0,0.0,0.0,1.0,0.0,0.0,0.0,0.0,0,-2,1,0,-1
412684,1.0,1.0,0.75,0.0,0.0,0.38097142857142857,0.0,0.0,0.0,0.0,0.0,0.0,0.0,0.0,0.0,0.0,0.0,0.0,0.3830769230769231,0.0,0.0,0.0,0.0,-2,12,0,0,12
412686,1.0,0.0,0.0,0.0,0.0,0.0,1.0,1.0,0.6923076923076923,0.0,1.0,1.0,1.0,1.0,0.0,0.0,0.0,0.0,0.7692307692307692,0.0,0.0,0.0,0.0,0,0,59,0,59
439139,0.0,0.7857142857142857,1.0,0.0,0.0,0.22451428571428572,1.0,1.0,1.0,0.0,0.3939393939393939,0.0,0.0,1.0,1.0,0.0,0.0,1.0,0.0,0.0,0.0,0.0,0.0,-6,5,77,0,82
