match_id,batting_position,runs,balls,fours,sixes,strike_rate,overs,total_balls,dots,maidens,conceded,fours_conceded,sixes_conceded,wickets,LBW,Bowled,noballs,wides,economy_rate,catches,stumping,direct_hit,indirect_hit,strike_rate_fp,batting_fp,bowling_fp,fielding_fp,total_fp
1450759,0.0,0.16666666666666666,1.0,0.0,0.0,0.13328,0.0,0.0,0.0,0.0,0.0,0.0,0.0,0.0,0.0,0.0,0.0,0.0,0.0,0.0,0.0,0.0,0.0,-6,-5,0,0,-5
1450754,0.0,0.16666666666666666,0.75,0.0,0.0,0.17776,0.3333333333333333,0.3333333333333333,0.2222222222222222,0.0,0.42857142857142855,0.5,0.0,1.0,0.0,1.0,1.0,0.16666666666666666,0.526085050416484,0.0,0.0,0.0,0.0,0,1,35,0,36
1450753,0.0,0.0,0.16666666666666666,0.0,0.0,0.0,0.2776666666666666,0.2777777777777778,0.1111111111111111,0.0,0.6785714285714285,0.75,0.0,0.0,0.0,0.0,1.0,0.6666666666666666,1.0,0.0,0.0,0.0,0.0,0,-2,1,0,-1
1343763,1.0,1.0,0.8333333333333333,1.0,0.0,0.96,0.0,0.0,0.0,0.0,0.0,0.0,0.0,0.0,0.0,0.0,0.0,0.0,0.0,0.0,0.0,0.0,0.0,-2,8,0,0,8
1343756,0.0,0.5,0.5,0.0,0.0,0.8,0.0,0.0,0.0,0.0,0.0,0.0,0.0,0.0,0.0,0.0,0.0,0.0,0.0,0.0,0.0,0.0,0.0,0,3,0,0,3
1343749,1.0,0.8333333333333333,0.6666666666666666,0.0,0.0,1.0,0.0,0.0,0.0,0.0,0.0,0.0,0.0,0.0,0.0,0.0,0.0,0.0,0.0,0.0,0.0,0.0,0.0,0,5,0,0,5
1343747,1.0,0.5,0.75,0.0,0.0,0.53328,0.6666666666666666,0.6666666666666666,0.6666666666666666,0.0,0.5,0.25,0.0,0.0,0.0,0.0,0.0,0.0,0.30688294607628236,0.0,0.0,0.0,0.0,0,3,8,0,11
1343741,1.0,0.16666666666666666,0.0,0.0,0.0,0.0,1.0,1.0,1.0,0.0,1.0,1.0,0.0,1.0,0.0,0.0,0.0,1.0,0.40903112669881636,1.0,0.0,0.0,0.0,0,1,34,8,43
