match_id,batting_position,runs,balls,fours,sixes,strike_rate,overs,total_balls,dots,maidens,conceded,fours_conceded,sixes_conceded,wickets,LBW,Bowled,noballs,wides,economy_rate,catches,stumping,direct_hit,indirect_hit,strike_rate_fp,batting_fp,bowling_fp,fielding_fp,total_fp
1418544,0.0,1.0,1.0,1.0,0.0,1.0,0.625,0.625,0.7777777777777777,0.0,0.375,0.5,0.0,1.0,0.0,1.0,0.0,0.0,0.43636363636363634,0.0,0.0,0.0,0.0,0,50,71,0,121
1418539,0.16666666666666669,0.18421052631578946,0.39024390243902446,0.0,0.0,0.37614442295293365,1.0,1.0,1.0,0.0,1.0,1.0,1.0,0.0,0.0,0.0,0.0,0.0,0.7272727272727273,0.0,0.0,0.0,0.0,-6,1,9,0,10
1418177,0.0,0.0,0.0,0.0,0.0,0.0,0.0,0.0,0.0,0.0,0.0,0.0,0.0,0.0,0.0,0.0,0.0,0.0,0.0,0.0,0.0,0.0,0.0,0,-2,0,0,-2
1383106,1.0,0.21052631578947367,0.14634146341463417,0.0,0.0,0.736814958091554,0.5,0.5,0.3333333333333333,0.0,0.6875,1.0,0.5,0.0,0.0,0.0,0.0,0.0,1.0,0.0,0.0,0.0,1.0,-4,4,1,6,11
