match_id,batting_position,runs,balls,fours,sixes,strike_rate,overs,total_balls,dots,maidens,conceded,fours_conceded,sixes_conceded,wickets,LBW,Bowled,noballs,wides,economy_rate,catches,stumping,direct_hit,indirect_hit,strike_rate_fp,batting_fp,bowling_fp,fielding_fp,total_fp
1321295,0.5,0.0,0.1,0.0,0.0,0.0,1.0,1.0,1.0,0.0,0.5599999999999999,0.25,0.5,1.0,0.0,1.0,0.0,0.5,0.4327390599675851,0.0,0.0,0.0,0.0,0,-2,70,0,68
1321290,1.0,0.0,0.0,0.0,0.0,0.0,1.0,1.0,1.0,0.0,1.0,0.75,1.0,0.5,0.0,0.0,0.0,0.0,0.8784440842787683,0.0,0.0,0.0,0.0,0,0,35,0,35
1321282,0.0,0.3333333333333333,0.7000000000000001,0.0,0.0,0.3673609325447844,0.0,0.0,0.0,0.0,0.36,0.75,0.0,0.0,0.0,0.0,0.0,0.0,1.0,0.0,0.0,0.0,0.0,0,3,2,0,5
1279385,1.0,0.7777777777777777,0.6000000000000001,0.0,0.0,0.9999999999999999,0.5,0.5,0.5,0.0,0.5599999999999999,0.5,0.5,0.0,0.0,0.0,0.0,0.0,0.7568881685575365,1.0,0.0,1.0,0.0,0,7,6,20,33
1279386,0.0,0.2222222222222222,0.6000000000000001,0.0,0.0,0.28567755206994083,0.0,0.0,0.25,0.0,0.0,0.0,0.0,0.0,0.0,0.0,0.0,0.0,0.27066450567260947,0.0,0.0,0.0,0.0,0,2,8,0,10
1279382,0.5,1.0,1.0,0.0,0.0,0.7714065312419645,0.5,0.5,0.125,0.0,0.64,0.5,0.0,0.0,0.0,0.0,0.0,1.0,0.8654781199351701,0.0,0.0,0.0,0.0,0,9,3,0,12
1279379,0.5,0.0,0.30000000000000004,0.0,0.0,0.0,0.5,0.5,1.0,0.0,0.0,0.0,0.0,0.5,0.0,0.0,0.0,1.0,0.0,0.0,0.0,0.0,0.0,0,-2,41,0,39
1279380,1.0,0.0,0.0,0.0,0.0,0.0,0.5,0.5,0.875,0.0,0.6,1.0,0.0,0.0,0.0,0.0,0.0,1.0,0.8103727714748784,1.0,0.0,0.0,0.0,0,0,9,8,17
