match_id,batting_position,runs,balls,fours,sixes,strike_rate,overs,total_balls,dots,maidens,conceded,fours_conceded,sixes_conceded,wickets,LBW,Bowled,noballs,wides,economy_rate,catches,stumping,direct_hit,indirect_hit,strike_rate_fp,batting_fp,bowling_fp,fielding_fp,total_fp
575180,0.25,0.5833333333333333,0.4375,0.0,0.0,0.5,0.0,0.0,0.0,0.0,0.0,0.0,1.0,0.0,0.0,0.0,0.0,0.0,0.9999999999999998,0.0,0.0,0.0,0.0,0,7,1,0,8
530359,0.25,0.16666666666666666,0.0625,0.0,0.0,1.0,1.0,1.0,0.6666666666666666,0.0,1.0,1.0,0.5,0.6666666666666666,0.0,1.0,0.0,1.0,0.35714285714285715,1.0,0.0,0.0,0.0,0,2,67,8,77
530355,0.0,1.0,1.0,1.0,0.0,0.375,1.0,1.0,0.49999999999999994,0.0,0.9444444444444444,0.6666666666666666,0.5,0.3333333333333333,0.0,1.0,0.0,0.0,0.3333333333333333,0.0,0.0,0.0,0.0,0,16,40,0,56
530349,0.0,0.0,0.0,0.0,0.0,0.0,1.0,1.0,0.4166666666666667,0.0,0.6666666666666667,0.3333333333333333,0.0,0.6666666666666666,0.0,1.0,0.0,0.3333333333333333,0.21428571428571425,0.0,0.0,1.0,0.0,0,0,66,12,78
530346,0.0,0.0,0.0,0.0,0.0,0.0,1.0,1.0,0.9999999999999999,0.0,0.2777777777777779,0.0,0.5,1.0,1.0,0.0,0.0,0.0,0.047619047619047616,0.0,0.0,0.0,1.0,0,0,104,6,110
530341,0.0,0.25,0.125,0.0,0.0,0.75,1.0,1.0,0.6666666666666666,0.0,0.16666666666666674,0.0,0.0,0.3333333333333333,0.0,1.0,0.0,0.0,0.0,0.0,0.0,0.0,0.0,0,3,48,0,51
530327,0.25,0.0,0.0,0.0,0.0,0.0,0.6666666666666667,0.6666666666666667,0.25,0.0,0.4444444444444444,0.0,0.5,0.3333333333333333,1.0,0.0,0.0,0.0,0.30190476190476184,0.0,0.0,0.0,0.0,0,0,37,0,37
530323,0.5,0.0,0.0,0.0,0.0,0.0,0.3333333333333333,0.3333333333333333,0.08333333333333333,0.0,0.7222222222222221,0.6666666666666666,1.0,0.0,0.0,0.0,0.0,0.3333333333333333,0.9047619047619047,0.0,0.0,0.0,0.0,0,0,-4,0,-4
530321,1.0,0.0,0.0,0.0,0.0,0.0,0.6666666666666667,0.6666666666666667,0.16666666666666669,0.0,0.5555555555555556,0.3333333333333333,0.5,0.6666666666666666,0.0,0.0,0.0,0.3333333333333333,0.3647619047619048,0.0,0.0,0.0,0.0,0,0,53,0,53
