match_id,batting_position,runs,balls,fours,sixes,strike_rate,overs,total_balls,dots,maidens,conceded,fours_conceded,sixes_conceded,wickets,LBW,Bowled,noballs,wides,economy_rate,catches,stumping,direct_hit,indirect_hit,strike_rate_fp,batting_fp,bowling_fp,fielding_fp,total_fp
1450764,0.0,0.08888888888888889,0.16216216216216217,0.0,0.0,0.39396088164037113,0.0,0.0,0.0,0.0,0.0,0.0,0.0,0.0,0.0,0.0,0.0,0.0,0.0,0.0,0.0,0.0,0.0,0,4,0,0,4
1450761,0.0,0.044444444444444446,0.13513513513513514,0.0,0.0,0.23636471074868523,0.0,0.0,0.0,0.0,0.0,0.0,0.0,0.0,0.0,0.0,0.0,0.0,0.0,0.0,0.0,0.0,1.0,0,2,0,6,8
1450757,0.0,0.08888888888888889,0.08108108108108109,0.2,0.0,0.7878626721030552,0.25,0.25,0.375,0.0,0.2727272727272727,0.3333333333333333,0.0,0.0,0.0,0.0,0.0,1.0,0.6428571428571428,0.0,0.0,0.0,0.0,0,8,3,0,11
1450751,0.0,0.0,0.08108108108108109,0.0,0.0,0.0,0.5,0.5,0.25,0.0,0.4545454545454546,0.0,0.0,0.0,0.0,0.0,0.0,1.0,0.5357142857142857,0.0,0.0,0.0,0.0,0,-2,2,0,0
1343767,1.0,0.0,0.0,0.0,0.0,0.0,0.0,0.0,0.0,0.0,0.0,0.0,0.0,0.0,0.0,0.0,0.0,0.0,0.0,0.0,0.0,0.0,0.0,0,0,0,0,0
1343757,0.0,0.0,0.08108108108108109,0.0,0.0,0.0,0.75,0.75,0.75,0.0,0.5454545454545454,0.3333333333333333,0.0,1.0,0.0,1.0,0.0,0.25,0.42857142857142855,0.0,0.0,0.0,0.0,0,-2,41,0,39
1343753,0.0,0.48888888888888893,0.35135135135135137,1.0,0.0,1.0,1.0,1.0,1.0,0.0,1.0,1.0,1.0,0.0,0.0,0.0,0.0,0.0,0.5892857142857143,0.0,0.0,0.0,0.0,4,46,8,0,54
1343745,0.125,0.5111111111111112,0.3783783783783784,0.6000000000000001,0.0,0.9708089582225374,0.25,0.25,0.0,0.0,0.42424242424242425,0.6666666666666666,0.0,0.0,0.0,0.0,0.0,0.5,1.0,0.0,0.0,0.0,0.0,4,39,0,0,39
1343741,0.375,1.0,1.0,0.8,0.0,0.7186669030313775,0.25,0.25,0.25,0.0,0.2727272727272727,0.3333333333333333,0.0,0.0,0.0,0.0,0.0,0.5,0.6428571428571428,0.0,0.0,0.0,0.0,0,65,2,0,67
