match_id,batting_position,runs,balls,fours,sixes,strike_rate,overs,total_balls,dots,maidens,conceded,fours_conceded,sixes_conceded,wickets,LBW,Bowled,noballs,wides,economy_rate,catches,stumping,direct_hit,indirect_hit,strike_rate_fp,batting_fp,bowling_fp,fielding_fp,total_fp
1446107,0.33333333333333304,0.59375,0.5,1.0,0.5,1.0,0.75,0.75,0.5555555555555556,0.0,1.0,1.0,1.0,0.0,0.0,0.0,0.0,0.0,1.0,1.0,0.0,0.0,0.0,2,31,1,16,48
1446106,1.0,0.0,0.0,0.0,0.0,0.0,1.0,1.0,1.0,0.0,0.8235294117647058,1.0,0.3333333333333333,0.0,0.0,0.0,0.0,0.3333333333333333,0.617828773168579,0.0,0.0,0.0,0.0,0,0,11,0,11
1446103,0.33333333333333304,0.0,0.0,0.0,0.0,0.0,0.75,0.75,0.3333333333333333,0.0,0.5294117647058824,1.0,0.0,0.5,0.0,0.0,0.0,0.0,0.529567519858782,0.0,0.0,0.0,0.0,0,0,30,0,30
1383541,0.0,0.0,0.0,0.0,0.0,0.0,1.0,1.0,0.4444444444444444,0.0,1.0,0.0,0.6666666666666666,0.5,0.0,1.0,0.0,1.0,0.7502206531332746,0.5,0.0,0.0,0.0,0,0,37,8,45
1383485,0.6666666666666665,0.0625,0.10714285714285714,0.0,0.0,0.4912681453098519,0.0,0.0,0.0,0.0,0.0,0.0,0.0,0.0,0.0,0.0,0.0,0.0,0.0,0.0,0.0,0.0,0.0,0,2,0,0,2
1383467,0.33333333333333304,1.0,1.0,1.0,1.0,0.8421634367401076,0.0,0.0,0.0,0.0,0.0,0.0,0.0,0.0,0.0,0.0,0.0,0.0,0.0,0.0,0.0,0.0,0.0,0,52,0,0,52
1280207,1.0,0.0,0.0,0.0,0.0,0.0,0.25,0.25,0.3333333333333333,0.0,0.20588235294117646,0.5,0.0,0.0,0.0,0.0,0.0,0.3333333333333333,0.617828773168579,0.0,0.0,0.0,0.0,0,0,3,0,3
1205728,0.6666666666666665,0.0,0.0,0.0,0.0,0.0,1.0,1.0,0.5555555555555556,0.0,0.7058823529411764,0.5,0.0,1.0,0.0,0.0,0.0,0.3333333333333333,0.529567519858782,0.0,0.0,0.0,0.0,0,0,57,0,57
