match_id,batting_position,runs,balls,fours,sixes,strike_rate,overs,total_balls,dots,maidens,conceded,fours_conceded,sixes_conceded,wickets,LBW,Bowled,noballs,wides,economy_rate,catches,stumping,direct_hit,indirect_hit,strike_rate_fp,batting_fp,bowling_fp,fielding_fp,total_fp
1205825,1.0,0.03571428571428571,0.0425531914893617,0.0,0.0,0.5,0.3333333333333333,0.3333333333333333,0.2,0.0,0.5,1.0,0.5,0.0,0.0,0.0,1.0,0.0,1.0,0.0,0.0,0.0,0.0,0,1,1,0,2
1205815,1.0,1.0,1.0,1.0,1.0,0.5957,0.389,0.38888888888888884,0.4,0.0,0.2857142857142857,1.0,0.0,0.0,0.0,0.0,0.0,0.0,0.49,0.0,0.0,0.0,0.0,-4,38,2,0,40
1205771,0.0,0.0,0.0,0.0,0.0,0.0,0.0,0.0,0.0,0.0,0.0,0.0,0.0,0.0,0.0,0.0,0.0,0.0,0.0,0.0,0.0,0.0,0.0,0,0,0,0,0
1205761,1.0,0.07142857142857142,0.0425531914893617,0.0,0.0,1.0,1.0,1.0,1.0,0.0,1.0,1.0,1.0,0.0,0.0,0.0,0.0,0.0,0.6664285714285714,0.0,0.0,0.0,0.0,0,2,5,0,7
