match_id,batting_position,runs,balls,fours,sixes,strike_rate,overs,total_balls,dots,maidens,conceded,fours_conceded,sixes_conceded,wickets,LBW,Bowled,noballs,wides,economy_rate,catches,stumping,direct_hit,indirect_hit,strike_rate_fp,batting_fp,bowling_fp,fielding_fp,total_fp
392223,1.0,0.0,0.3333333333333333,0.0,0.0,0.0,0.25,0.25,0.0,0.0,0.7741935483870968,1.0,0.5,0.0,0.0,0.0,0.0,0.0,1.0,1.0,0.0,0.0,0.0,0,-2,0,8,6
392220,1.0,0.0,0.0,0.0,0.0,0.0,0.0,0.0,0.0,0.0,0.0,0.0,0.0,0.0,0.0,0.0,0.0,0.0,0.0,0.0,0.0,0.0,0.0,0,0,0,0,0
392216,0.3333333333333335,0.0,0.0,0.0,0.0,0.0,0.75,0.75,0.41666666666666663,0.0,0.8064516129032258,0.0,1.0,1.0,0.0,1.0,0.0,0.0,0.3470833333333333,1.0,0.0,0.0,0.0,0,0,63,8,71
392212,0.3333333333333335,0.0,0.0,0.0,0.0,0.0,0.5,0.5,0.3333333333333333,0.0,0.6129032258064516,0.75,0.0,0.0,0.0,0.0,0.0,0.0,0.3958333333333333,0.0,0.0,0.0,0.0,0,0,4,0,4
392209,0.6666666666666665,1.0,0.6666666666666666,0.0,0.0,1.0,0.5,0.5,0.3333333333333333,0.0,0.45161290322580644,0.5,0.0,0.5,0.0,0.0,0.0,0.0,0.29166666666666663,0.0,0.0,0.0,0.0,0,1,31,0,32
392205,0.0,0.0,0.0,0.0,0.0,0.0,0.5,0.5,0.25,0.0,0.6129032258064516,0.0,1.0,0.0,0.0,0.0,0.0,0.0,0.3958333333333333,1.0,0.0,0.0,0.0,0,0,3,8,11
392201,0.0,0.0,1.0,0.0,0.0,0.0,1.0,1.0,1.0,0.0,0.6451612903225806,0.75,0.0,1.0,1.0,0.0,0.0,0.0,0.20833333333333331,0.0,0.0,0.0,0.0,0,0,74,0,74
392196,1.0,0.0,0.0,0.0,0.0,0.0,0.75,0.75,0.41666666666666663,0.0,1.0,0.5,1.0,0.0,0.0,0.0,0.0,1.0,0.43041666666666667,1.0,0.0,0.0,0.0,0,0,3,8,11
