match_id,batting_position,runs,balls,fours,sixes,strike_rate,overs,total_balls,dots,maidens,conceded,fours_conceded,sixes_conceded,wickets,LBW,Bowled,noballs,wides,economy_rate,catches,stumping,direct_hit,indirect_hit,strike_rate_fp,batting_fp,bowling_fp,fielding_fp,total_fp
1205858,0.0,1.0,1.0,0.0,0.0,1.0,1.0,0.9999999999999998,0.5833333333333334,0.0,0.3157894736842106,0.0,0.25,0.3333333333333333,0.0,0.0,0.0,0.0,0.15991471215351816,0.0,0.0,0.0,0.0,0,2,38,0,40
1205851,1.0,0.0,0.0,0.0,0.0,0.0,1.0,0.9999999999999998,0.41666666666666663,0.0,0.9473684210526314,0.5,0.5,0.6666666666666666,0.0,1.0,0.0,0.0,0.47974413646055436,0.0,0.0,0.0,0.0,0,0,65,0,65
1205846,1.0,0.0,0.0,0.0,0.0,0.0,1.0,0.9999999999999998,0.5833333333333334,0.0,0.631578947368421,1.0,0.0,1.0,0.0,0.0,0.0,0.0,0.3198294243070362,0.0,0.0,0.0,0.0,0,0,90,0,90
955063,0.5,0.0,0.0,0.0,0.0,0.0,0.0,0.0,0.0,0.0,0.6842105263157894,0.25,0.75,0.0,0.0,0.0,0.0,0.0,1.0,0.0,0.0,0.0,0.0,0,0,-4,0,-4
902235,0.0,0.0,0.0,0.0,0.0,0.0,0.45444626295690127,0.4545454545454546,0.41666666666666663,0.0,1.0,0.0,1.0,0.0,0.0,0.0,0.0,1.0,0.8176972281449894,0.0,0.0,0.0,0.0,0,0,3,0,3
902215,0.5,0.0,0.0,0.0,0.0,0.0,1.0,0.9999999999999998,0.8333333333333334,0.0,0.368421052631579,0.75,0.0,0.6666666666666666,0.0,1.0,0.0,0.0,0.18656716417910446,0.0,0.0,0.0,0.0,0,0,74,0,74
902189,0.0,0.0,0.0,0.0,0.0,0.0,1.0,0.9999999999999998,0.9999999999999999,1.0,0.0,0.5,0.0,0.6666666666666666,0.0,0.0,0.0,0.0,0.0,0.0,0.0,0.0,0.0,0,0,82,0,82
