match_id,batting_position,runs,balls,fours,sixes,strike_rate,overs,total_balls,dots,maidens,conceded,fours_conceded,sixes_conceded,wickets,LBW,Bowled,noballs,wides,economy_rate,catches,stumping,direct_hit,indirect_hit,strike_rate_fp,batting_fp,bowling_fp,fielding_fp,total_fp
1351067,0.0,0.1111111111111111,0.16666666666666666,0.0,0.0,0.6666666666666667,0.75,0.75,0.5,0.0,1.0,0.2,1.0,0.5,0.0,0.0,0.0,0.0,1.0,1.0,0.0,0.0,0.0,0,1,29,8,38
1296695,0.7999999999999998,0.1111111111111111,0.3333333333333333,0.0,0.0,0.33333333333333337,0.75,0.75,0.5,0.0,0.8709677419354839,1.0,0.0,0.5,0.0,1.0,0.0,0.0,0.8712487899322362,0.0,0.0,0.0,0.0,0,1,39,0,40
1121286,0.5999999999999999,1.0,1.0,1.0,0.0,1.0,0.0,0.0,0.0,0.0,0.0,0.0,0.0,0.0,0.0,0.0,0.0,0.0,0.0,0.0,0.0,0.0,0.0,0,13,0,0,13
1121281,1.0,0.0,0.0,0.0,0.0,0.0,1.0,1.0,1.0,0.0,0.7419354838709677,0.6000000000000001,0.0,1.0,0.0,0.0,0.0,1.0,0.5566311713455954,0.0,0.0,0.0,0.0,0,0,66,0,66
