match_id,batting_position,runs,balls,fours,sixes,strike_rate,overs,total_balls,dots,maidens,conceded,fours_conceded,sixes_conceded,wickets,LBW,Bowled,noballs,wides,economy_rate,catches,stumping,direct_hit,indirect_hit,strike_rate_fp,batting_fp,bowling_fp,fielding_fp,total_fp
1244395,0.33333333333333326,0.14285714285714285,0.15789473684210525,0.25,0.0,0.7381163271331562,0.0,0.0,0.0,0.0,0.0,0.0,0.0,0.0,0.0,0.0,0.0,0.0,0.0,0.5,0.0,0.0,0.0,0,10,0,8,18
1244338,1.0,0.0,0.0,0.0,0.0,0.0,0.0,0.0,0.0,0.0,0.0,0.0,0.0,0.0,0.0,0.0,0.0,0.0,0.0,0.0,0.0,0.0,0.0,0,0,0,0,0
1205728,0.0,0.5952380952380952,0.5789473684210527,0.5,0.5,0.8387953941541187,0.0,0.0,0.0,0.0,0.0,0.0,0.0,0.0,0.0,0.0,0.0,0.0,0.0,0.5,0.0,0.0,0.0,0,43,0,8,51
1205829,0.33333333333333326,0.23809523809523808,0.3684210526315789,0.0,0.0,0.5272364924712136,0.0,0.0,0.0,0.0,0.0,0.0,0.0,0.0,0.0,0.0,0.0,0.0,0.0,1.0,0.0,0.0,0.0,0,10,0,16,26
1205819,0.16666666666666663,0.7619047619047619,1.0,0.75,0.0,0.6215677590788309,0.0,0.0,0.0,0.0,0.0,0.0,0.0,0.0,0.0,0.0,0.0,0.0,0.0,0.5,0.0,0.0,0.0,0,48,0,8,56
1205793,0.5,0.5238095238095237,0.6052631578947368,0.5,0.0,0.706008266902864,1.0,1.0,1.0,0.0,1.0,1.0,0.0,1.0,0.0,1.0,0.0,1.0,1.0,0.0,0.0,0.0,0.0,0,30,68,0,98
1205783,0.33333333333333326,0.9285714285714285,0.8157894736842105,0.5,0.5,0.9286241511662239,0.0,0.0,0.0,0.0,0.0,0.0,0.0,0.0,0.0,0.0,0.0,0.0,0.0,0.0,0.0,0.0,0.0,0,57,0,0,57
1205757,0.0,1.0,0.8157894736842105,1.0,1.0,1.0,0.0,0.0,0.0,0.0,0.0,0.0,0.0,0.0,0.0,0.0,0.0,0.0,0.0,0.0,0.0,0.0,0.0,2,76,0,0,76
1205739,0.16666666666666663,0.023809523809523808,0.07894736842105263,0.0,0.0,0.24601417183348098,0.0,0.0,0.0,0.0,0.0,0.0,0.0,0.0,0.0,0.0,0.0,0.0,0.0,0.5,0.0,0.0,0.0,0,1,0,8,9
