match_id,batting_position,runs,balls,fours,sixes,strike_rate,overs,total_balls,dots,maidens,conceded,fours_conceded,sixes_conceded,wickets,LBW,Bowled,noballs,wides,economy_rate,catches,stumping,direct_hit,indirect_hit,strike_rate_fp,batting_fp,bowling_fp,fielding_fp,total_fp
1428746,1.0,0.0,0.0,0.0,0.0,0.0,0.6666666666666667,0.6666666666666667,0.4545454545454546,0.0,0.375,0.25,0.0,0.0,0.0,0.0,0.0,0.0,0.375,0.0,0.0,0.0,0.0,0,0,16,0,16
1428745,0.0,0.14285714285714285,0.07142857142857142,0.0,0.0,0.7618285714285714,0.0,0.0,0.0,0.0,0.0,0.0,0.0,1.0,0.0,0.5,0.0,0.0,0.0,1.0,0.0,0.0,0.0,0,1,63,8,72
1428743,0.3999999999999999,0.0,0.07142857142857142,0.0,0.0,0.0,1.0,1.0,1.0,0.0,0.7083333333333333,0.25,0.0,1.0,0.0,1.0,0.0,1.0,0.53125,0.0,0.0,0.0,0.0,0,-2,88,0,86
1428744,0.19999999999999996,1.0,1.0,0.0,0.0,1.0,0.6666666666666667,0.6666666666666667,0.5454545454545454,0.0,1.0,1.0,0.0,0.5,0.0,0.0,0.0,1.0,1.0,0.0,0.0,0.0,0.0,-6,1,36,0,37
