match_id,batting_position,runs,balls,fours,sixes,strike_rate,overs,total_balls,dots,maidens,conceded,fours_conceded,sixes_conceded,wickets,LBW,Bowled,noballs,wides,economy_rate,catches,stumping,direct_hit,indirect_hit,strike_rate_fp,batting_fp,bowling_fp,fielding_fp,total_fp
1420808,1.0,0.0,0.0,0.0,0.0,0.0,1.0,1.0,1.0,0.0,0.5925925925925926,0.16666666666666666,0.5,0.0,0.0,0.0,0.0,1.0,0.1875,0.0,0.0,0.0,0.0,0,0,18,0,18
1420805,1.0,0.0,1.0,0.0,0.0,0.0,0.0,0.0,0.21428571428571427,0.0,0.3703703703703703,0.16666666666666666,0.5,0.0,0.0,0.0,0.0,0.0,0.41666666666666663,0.0,0.0,0.0,0.0,0,-2,3,0,1
1420804,1.0,0.0,0.0,0.0,0.0,0.0,1.0,1.0,0.8571428571428571,0.0,0.48148148148148145,0.16666666666666666,0.0,1.0,1.0,0.0,0.0,0.6666666666666666,0.125,0.0,0.0,0.0,0.0,0,0,74,0,74
1420802,0.0,0.0,0.0,0.0,0.0,0.0,1.0,1.0,0.7142857142857142,0.0,0.9999999999999998,1.0,0.0,0.5,0.0,0.0,1.0,0.0,0.41666666666666663,1.0,0.0,0.0,0.0,0,0,35,8,43
1418193,1.0,0.0,0.0,0.0,0.0,0.0,0.0,0.0,0.5714285714285714,0.0,0.0,0.0,0.0,0.0,0.0,0.0,0.0,1.0,0.0,0.0,0.0,0.0,0.0,0,0,14,0,14
1418191,1.0,0.0,0.0,0.0,0.0,0.0,0.0,0.0,0.0,0.0,0.8888888888888888,0.6666666666666666,0.5,0.0,0.0,0.0,0.0,0.3333333333333333,0.9999999999999999,0.0,0.0,0.0,0.0,0,0,-6,0,-6
1418187,1.0,0.0,0.5,0.0,0.0,0.0,1.0,1.0,0.5,0.0,0.5555555555555556,0.16666666666666666,0.0,0.5,0.0,0.0,0.0,0.3333333333333333,0.16666666666666669,0.0,0.0,0.0,0.0,0,-2,36,0,34
1418182,1.0,0.0,0.0,0.0,0.0,0.0,1.0,1.0,0.6428571428571428,0.0,0.9999999999999998,0.5,1.0,0.5,0.0,1.0,0.0,0.0,0.41666666666666663,0.0,0.0,0.0,0.0,0,0,42,0,42
