match_id,batting_position,runs,balls,fours,sixes,strike_rate,overs,total_balls,dots,maidens,conceded,fours_conceded,sixes_conceded,wickets,LBW,Bowled,noballs,wides,economy_rate,catches,stumping,direct_hit,indirect_hit,strike_rate_fp,batting_fp,bowling_fp,fielding_fp,total_fp
1343763,1.0,0.2222222222222222,0.15000000000000002,0.0,0.0,1.0,0.25,0.25,0.1111111111111111,0.0,0.25,0.25,0.0,0.0,0.0,0.0,0.0,0.6666666666666666,1.0,0.0,0.0,0.0,0.0,0,2,1,0,3
1343756,0.0,0.0,0.1,0.0,0.0,0.0,0.0,0.0,0.0,0.0,0.0,0.0,0.0,0.0,0.0,0.0,0.0,0.0,0.0,0.0,0.0,0.0,0.0,0,-2,0,0,-2
1343749,0.5,0.0,0.1,0.0,0.0,0.0,0.0,0.0,0.0,0.0,0.0,0.0,0.0,0.0,0.0,0.0,0.0,0.0,0.0,0.0,0.0,0.0,0.0,0,-2,0,0,-2
1343747,0.625,0.0,0.0,0.0,0.0,0.0,1.0,1.0,0.7777777777777777,0.0,1.0,1.0,0.0,1.0,1.0,1.0,0.0,1.0,1.0,0.0,0.0,0.0,0.0,0,0,71,0,71
1343741,0.25,1.0,1.0,0.0,0.0,0.6749662516874156,1.0,1.0,1.0,0.0,0.7250000000000001,0.25,0.0,0.5,0.0,0.0,1.0,1.0,0.7250000000000001,0.0,0.0,0.0,0.0,-6,3,34,0,37
