match_id,batting_position,runs,balls,fours,sixes,strike_rate,overs,total_balls,dots,maidens,conceded,fours_conceded,sixes_conceded,wickets,LBW,Bowled,noballs,wides,economy_rate,catches,stumping,direct_hit,indirect_hit,strike_rate_fp,batting_fp,bowling_fp,fielding_fp,total_fp
660221,0.0,0.3777777777777778,0.42307692307692313,0.6666666666666666,0.0,0.7250027499725004,0.0,0.0,0.0,0.0,0.0,0.0,0.0,0.0,0.0,0.0,0.0,0.0,0.0,0.5,0.0,0.0,0.0,0,26,0,8,34
660215,0.0,1.0000000000000002,1.0,1.0,0.0,0.8370916290837093,0.0,0.0,0.0,0.0,0.0,0.0,0.0,0.0,0.0,0.0,0.0,0.0,0.0,0.0,0.0,0.0,0.0,0,62,0,0,62
660191,0.0,0.1111111111111111,0.11538461538461539,0.3333333333333333,0.0,0.7250027499725004,0.0,0.0,0.0,0.0,0.0,0.0,0.0,0.0,0.0,0.0,0.0,0.0,0.0,0.5,0.0,0.0,0.0,0,10,0,8,18
660187,0.0,0.0,0.0,0.0,0.0,0.4500054999450006,0.0,0.0,0.0,0.0,0.0,0.0,0.0,0.0,0.0,0.0,0.0,0.0,0.0,0.5,0.0,0.0,0.0,0,1,0,8,9
660141,0.0,0.08888888888888889,0.057692307692307696,0.0,0.0,1.0,0.0,0.0,0.0,0.0,0.0,0.0,0.0,0.0,0.0,0.0,0.0,0.0,0.0,0.0,1.0,0.0,0.0,0,5,0,12,17
660133,0.0,0.0,0.1730769230769231,0.0,0.0,0.0,0.0,0.0,0.0,0.0,0.0,0.0,0.0,0.0,0.0,0.0,0.0,0.0,0.0,1.0,0.0,1.0,0.0,-6,-5,0,28,23
660117,0.0,0.2666666666666667,0.326923076923077,0.0,0.0,0.6526234737652624,0.0,0.0,0.0,0.0,0.0,0.0,0.0,0.0,0.0,0.0,0.0,0.0,0.0,0.0,0.0,0.0,0.0,-2,11,0,0,11
660103,0.0,0.33333333333333337,0.28846153846153844,0.6666666666666666,0.0,0.9353206467935321,0.0,0.0,0.0,0.0,0.0,0.0,0.0,0.0,0.0,0.0,0.0,0.0,0.0,0.0,0.0,0.0,0.0,0,24,0,0,24
