match_id,batting_position,runs,balls,fours,sixes,strike_rate,overs,total_balls,dots,maidens,conceded,fours_conceded,sixes_conceded,wickets,LBW,Bowled,noballs,wides,economy_rate,catches,stumping,direct_hit,indirect_hit,strike_rate_fp,batting_fp,bowling_fp,fielding_fp,total_fp
1156678,0.0,0.625,0.6666666666666666,0.0,0.0,0.6249906247656191,1.0,1.0,0.5,0.0,1.0,0.5,1.0,0.0,0.0,0.0,0.0,1.0,1.0,0.0,0.0,0.0,0.0,0,5,8,0,13
1157845,0.25,1.0,1.0,0.0,0.0,0.6666916672916823,1.0,1.0,0.8333333333333333,0.0,0.20000000000000007,0.0,0.0,0.3333333333333333,0.0,1.0,0.0,1.0,0.0,0.0,0.0,0.0,0.0,0,8,49,0,57
1156670,0.75,0.625,0.6666666666666666,0.0,0.0,0.6249906247656191,0.0,0.0,0.0,0.0,0.0,0.5,0.0,0.3333333333333333,0.0,1.0,0.0,0.0,0.3500000000000001,0.0,0.0,0.0,0.0,0,5,40,0,45
1156672,0.25,1.0,0.6666666666666666,1.0,0.0,1.0,1.0,1.0,0.5,0.0,0.72,0.5,0.5,1.0,1.0,1.0,0.0,0.5,0.6499999999999999,0.0,0.0,0.0,0.0,0,12,103,0,115
1046679,1.0,0.0,0.0,0.0,0.0,0.0,1.0,1.0,1.0,0.0,0.32000000000000006,0.5,0.0,0.0,0.0,0.0,0.0,0.0,0.1499999999999999,0.0,0.0,0.0,0.0,0,0,15,0,15
1046687,0.75,0.625,1.0,0.0,0.0,0.416710417760444,0.5,0.5,0.16666666666666674,0.0,0.36,1.0,0.0,0.0,0.0,0.0,0.0,0.5,0.55,1.0,0.0,0.0,0.0,0,5,8,8,21
