match_id,batting_position,runs,balls,fours,sixes,strike_rate,overs,total_balls,dots,maidens,conceded,fours_conceded,sixes_conceded,wickets,LBW,Bowled,noballs,wides,economy_rate,catches,stumping,direct_hit,indirect_hit,strike_rate_fp,batting_fp,bowling_fp,fielding_fp,total_fp
1351088,1.0,1.0,1.0,0.0,0.0,1.0,0.08350000000000002,0.08333333333333326,0.6000000000000001,0.0,0.26086956521739124,1.0,0.0,0.0,0.0,0.0,1.0,0.0,1.0,0.0,0.0,0.0,0.0,0,1,3,0,4
1351071,0.0,0.0,0.0,0.0,0.0,0.0,0.0,0.0,0.2,0.0,0.0,0.0,0.0,0.0,0.0,0.0,0.0,1.0,0.6091428571428572,0.0,0.0,0.0,0.0,0,0,1,0,1
1351068,0.0,0.0,0.0,0.0,0.0,0.0,0.5,0.5,0.0,0.0,0.21739130434782605,0.0,0.5,0.0,0.0,0.0,0.0,0.0,0.20914285714285719,1.0,0.0,0.0,0.0,0,0,0,8,8
1296713,0.75,0.0,0.0,0.0,0.0,0.0,1.0,1.0,0.8,0.0,0.9999999999999999,1.0,1.0,0.0,0.0,0.0,0.0,0.3333333333333333,0.5714285714285714,0.0,0.0,0.0,0.0,0,0,0,0,0
1296701,0.75,0.0,0.0,0.0,0.0,0.0,1.0,1.0,1.0,0.0,0.34782608695652173,0.6666666666666666,0.0,0.0,0.0,0.0,0.0,0.0,0.0,1.0,0.0,0.0,0.0,0,0,7,8,15
931396,1.0,0.0,0.0,0.0,0.0,0.0,0.5,0.5,1.0,0.0,0.34782608695652173,0.3333333333333333,1.0,1.0,1.0,0.0,0.0,0.0,0.38057142857142856,0.0,0.0,0.0,0.0,0,0,61,0,61
