match_id,batting_position,runs,balls,fours,sixes,strike_rate,overs,total_balls,dots,maidens,conceded,fours_conceded,sixes_conceded,wickets,LBW,Bowled,noballs,wides,economy_rate,catches,stumping,direct_hit,indirect_hit,strike_rate_fp,batting_fp,bowling_fp,fielding_fp,total_fp
1436494,1.0,0.28,0.11764705882352944,0.0,0.5,0.4666666666666667,0.75,0.75,0.29411764705882354,0.0,0.9473684210526315,0.4,1.0,0.3333333333333333,0.0,0.0,0.0,0.0,1.0,0.0,0.0,0.0,0.0,0,13,26,0,39
1436490,0.0,0.28,0.1764705882352941,0.3333333333333333,0.0,0.3889,1.0,1.0,0.6470588235294118,0.0,0.6842105263157894,0.8,0.0,1.0,0.0,1.0,0.0,0.0,0.5416666666666666,0.0,0.0,0.0,0.0,0,11,100,0,111
1436483,0.0,0.56,1.0,0.3333333333333333,0.0,0.23333333333333334,0.5,0.5,0.1764705882352941,0.0,0.2894736842105263,0.0,0.0,0.0,0.0,0.0,0.0,0.0,0.4583333333333333,0.5,0.0,0.0,0.0,-2,16,7,8,31
1436477,1.0,1.0,0.7058823529411764,1.0,0.5,0.5555666666666667,0.95825,0.9583333333333333,0.5882352941176471,0.0,1.0,0.8,0.3333333333333333,1.0,0.0,0.0,0.0,1.0,0.8258333333333333,1.0,0.0,0.0,0.0,4,51,89,16,156
1436474,0.0,0.6,0.11764705882352944,0.6666666666666666,0.5,1.0,0.91675,0.9166666666666666,0.5882352941176471,0.0,0.7894736842105263,1.0,0.0,0.6666666666666666,0.0,0.0,0.0,0.2,0.6816666666666666,0.5,0.0,0.0,1.0,0,29,60,14,103
1434161,0.0,0.48,0.05882352941176472,0.0,1.0,1.0,0.75,0.75,0.5294117647058824,0.0,0.39473684210526316,0.2,0.0,0.3333333333333333,0.0,1.0,0.0,1.0,0.41666666666666663,0.0,0.0,0.0,0.0,0,24,46,0,70
1434160,0.0,0.0,0.0,0.0,0.0,0.0,0.0,0.0,0.0,0.0,0.0,0.0,0.0,0.0,0.0,0.0,0.0,0.0,0.0,1.0,0.0,0.0,0.0,0,-2,0,16,14
1434157,0.0,0.4,0.5294117647058822,0.3333333333333333,0.0,0.27776666666666666,1.0,1.0,1.0,0.0,0.4473684210526315,0.2,0.3333333333333333,0.6666666666666666,0.0,0.0,0.0,0.2,0.35416666666666663,0.0,0.0,0.0,0.0,0,14,73,0,87
