match_id,batting_position,runs,balls,fours,sixes,strike_rate,overs,total_balls,dots,maidens,conceded,fours_conceded,sixes_conceded,wickets,LBW,Bowled,noballs,wides,economy_rate,catches,stumping,direct_hit,indirect_hit,strike_rate_fp,batting_fp,bowling_fp,fielding_fp,total_fp
1333031,1.0,0.0,0.0,0.0,0.0,0.0,1.0,1.0,0.8666666666666667,0.0,0.1923076923076923,0.0,0.0,1.0,0.0,1.0,0.0,0.0,0.04728299223712068,0.0,0.0,0.0,0.0,0,0,145,0,145
1333012,0.7999999999999998,0.0,0.0,0.0,0.0,0.0,1.0,1.0,0.6,0.0,0.576923076923077,1.0,0.0,0.5,0.0,0.5,0.0,0.0,0.223712067748765,1.0,0.0,0.0,0.0,0,0,73,8,81
1332956,0.7999999999999998,1.0,0.5384615384615385,0.0,1.0,1.0,1.0,1.0,0.6,0.0,0.8461538461538461,1.0,0.3333333333333333,0.0,0.0,0.0,0.0,0.0,0.347212420606916,0.0,0.0,0.0,0.0,0,15,11,0,26
1280275,0.3999999999999999,0.0,0.07692307692307693,0.0,0.0,0.0,0.5,0.5,0.13333333333333333,0.0,0.46153846153846156,0.3333333333333333,0.0,0.0,0.0,0.0,0.0,0.0,0.2822865208186309,0.0,0.0,0.0,0.0,0,-2,6,0,4
1280255,0.0,0.0,0.0,0.0,0.0,0.0,0.5,0.5,0.6666666666666667,0.0,0.0,0.0,0.0,0.0,0.0,0.0,0.0,0.0,0.0,0.0,0.0,0.0,0.0,0,0,18,0,18
1280236,0.5999999999999999,1.0,1.0,0.0,0.0,0.5384615384615385,0.0,0.0,0.0,0.0,1.0,0.6666666666666666,1.0,0.25,0.0,0.0,0.0,1.0,1.0,0.0,0.0,0.0,0.0,-2,7,21,0,28
1280219,0.19999999999999996,0.0,0.0,0.0,0.0,0.0,1.0,1.0,0.9333333333333333,1.0,0.34615384615384615,0.0,0.3333333333333333,0.75,0.0,0.5,0.0,1.0,0.11785462244177841,0.0,0.0,0.0,0.0,0,0,133,0,133
1280200,0.3999999999999999,0.1111111111111111,0.23076923076923078,0.0,0.0,0.25923621373570815,1.0,1.0,1.0,0.5,0.1923076923076923,0.6666666666666666,0.0,0.25,0.0,0.0,0.0,0.0,0.04728299223712068,0.0,0.0,0.0,0.0,0,1,60,0,61
