match_id,batting_position,runs,balls,fours,sixes,strike_rate,overs,total_balls,dots,maidens,conceded,fours_conceded,sixes_conceded,wickets,LBW,Bowled,noballs,wides,economy_rate,catches,stumping,direct_hit,indirect_hit,strike_rate_fp,batting_fp,bowling_fp,fielding_fp,total_fp
1428746,1.0,0.21052631578947367,0.17857142857142855,0.5,0.0,0.5926222222222223,1.0,1.0,1.0,1.0,0.0,0.0,0.0,1.0,0.0,1.0,0.0,0.0,0.0,0.0,0.0,0.0,0.0,0,8,133,0,141
1428745,0.0,0.47368421052631576,0.25,1.0,0.0,1.0,0.0,0.0,0.09090909090909094,0.0,0.26666666666666666,0.0,0.0,0.0,0.0,0.0,0.0,1.0,0.3576017130620985,0.0,0.0,0.0,0.0,0,17,16,0,33
1428743,0.5,1.0,0.9999999999999999,1.0,0.0,0.5823999999999999,1.0,1.0,0.36363636363636365,0.0,1.0,1.0,0.0,0.3333333333333333,0.0,0.0,0.0,1.0,0.8029978586723769,1.0,0.0,0.0,0.0,-2,25,44,8,77
1428744,0.0,0.0,0.0,0.0,0.0,0.0,0.0,0.0,0.0,0.0,0.8666666666666667,1.0,0.0,0.0,0.0,0.0,0.0,0.0,1.0,1.0,0.0,0.0,0.0,0,-2,13,8,19
