match_id,batting_position,runs,balls,fours,sixes,strike_rate,overs,total_balls,dots,maidens,conceded,fours_conceded,sixes_conceded,wickets,LBW,Bowled,noballs,wides,economy_rate,catches,stumping,direct_hit,indirect_hit,strike_rate_fp,batting_fp,bowling_fp,fielding_fp,total_fp
1383523,0.0,0.0,0.5,0.0,0.0,0.0,0.5,0.5,0.6666666666666667,0.0,0.5384615384615383,0.6000000000000001,0.5,0.0,0.0,0.0,0.0,0.0,0.5078260869565216,0.0,0.0,0.0,0.0,0,-2,6,0,4
1383487,1.0,0.0,0.0,0.0,0.0,0.0,0.0,0.0,0.3333333333333333,0.0,0.0,0.2,0.5,0.0,0.0,0.0,0.0,0.5,0.6521739130434783,0.0,0.0,0.0,0.0,0,0,4,0,4
1383469,0.0,1.0,0.25,0.0,1.0,1.0,1.0,1.0,1.0,0.0,0.3076923076923077,0.4,0.0,1.0,0.0,1.0,0.0,1.0,0.0,0.0,0.0,0.0,0.0,0,12,70,0,82
1244326,0.5,0.3333333333333333,1.0,0.0,0.0,0.08333333333333334,0.5,0.5,0.3333333333333333,0.0,0.6153846153846154,0.8,0.0,0.0,0.0,0.0,0.0,0.5,0.5652173913043477,0.0,0.0,0.0,0.0,0,2,4,0,6
1244308,0.5,0.0,0.0,0.0,0.0,0.0,0.0,0.0,0.16666666666666669,0.0,0.3076923076923077,0.0,1.0,0.0,0.0,0.0,0.0,0.5,1.0,0.0,0.0,0.0,0.0,0,0,-1,0,-1
1130700,0.0,0.0,0.5,0.0,0.0,0.0,0.5,0.5,0.6666666666666667,0.0,1.0,1.0,0.0,0.0,0.0,0.0,0.0,0.0,0.8556521739130434,1.0,0.0,1.0,0.0,0,-2,4,20,22
1130666,1.0,0.0,0.0,0.0,0.0,0.0,0.5,0.5,0.0,0.0,0.15384615384615374,0.2,0.0,0.0,0.0,0.0,0.0,0.0,0.21739130434782616,1.0,0.0,0.0,0.0,0,0,4,8,12
