match_id,batting_position,runs,balls,fours,sixes,strike_rate,overs,total_balls,dots,maidens,conceded,fours_conceded,sixes_conceded,wickets,LBW,Bowled,noballs,wides,economy_rate,catches,stumping,direct_hit,indirect_hit,strike_rate_fp,batting_fp,bowling_fp,fielding_fp,total_fp
1443789,0.0,0.0,0.0,0.0,0.0,0.0,0.0,0.0,0.0,0.0,0.19230769230769232,0.0,0.5,0.0,0.0,0.0,0.0,0.0,0.9578544061302683,0.0,0.0,0.0,0.0,0,0,1,0,1
1443782,1.0,0.0,0.0,0.0,0.0,0.0,1.0,1.0,1.0000000000000002,0.0,0.19230769230769232,0.0,0.0,0.25,0.0,0.5,0.0,0.0,0.0,0.0,0.0,0.0,0.0,0,0,53,0,53
1443771,0.0,0.0,0.3333333333333333,0.0,0.0,0.0,0.3333333333333333,0.3333333333333333,0.23076923076923078,0.0,0.11538461538461539,0.0,0.0,0.25,0.0,0.0,0.0,0.5,0.19157088122605365,0.0,0.0,0.0,0.0,0,0,35,0,35
1443768,0.0,0.0,0.0,0.0,0.0,0.0,0.3333333333333333,0.3333333333333333,0.5384615384615385,0.0,0.0,0.0,0.0,0.25,0.0,0.5,0.0,0.0,0.0,0.0,0.0,0.0,0.0,0,0,47,0,47
1438073,0.0,1.0,0.5,0.0,0.0,1.0,0.6666666666666667,0.6666666666666667,0.5384615384615385,0.0,0.5,0.0,0.0,0.25,1.0,0.0,0.0,1.0,0.44699872286079184,0.0,0.0,0.0,0.0,0,2,43,0,45
1438074,0.0,1.0,1.0,0.0,0.0,0.49992500374981247,1.0,1.0,0.6923076923076923,0.0,0.6153846153846154,0.3333333333333333,0.0,1.0,0.0,1.0,0.0,0.5,0.351213282247765,0.0,0.0,0.0,0.0,0,2,138,0,140
1383087,0.0,0.0,0.0,0.0,0.0,0.0,0.6666666666666667,0.6666666666666667,0.3076923076923077,0.0,1.0,0.6666666666666666,1.0,0.5,0.0,0.5,0.0,0.5,1.0,0.0,0.0,0.0,0.0,0,0,61,0,61
1383080,1.0,1.0,0.8333333333333333,0.0,0.0,0.599970001499925,1.0,1.0,0.6923076923076923,0.0,0.7692307692307693,1.0,0.0,0.0,0.0,0.0,0.0,0.0,0.4789272030651341,0.0,0.0,0.0,0.0,0,2,12,0,14
