match_id,batting_position,runs,balls,fours,sixes,strike_rate,overs,total_balls,dots,maidens,conceded,fours_conceded,sixes_conceded,wickets,LBW,Bowled,noballs,wides,economy_rate,catches,stumping,direct_hit,indirect_hit,strike_rate_fp,batting_fp,bowling_fp,fielding_fp,total_fp
1443783,0.5,0.7777777777777777,1.0,1.0,0.0,0.4666666666666667,0.25,0.25,0.0,0.0,0.3333333333333333,0.0,0.5,0.0,0.0,0.0,1.0,0.2,1.0,0.0,0.0,0.0,1.0,-2,9,0,6,15
1443778,0.5,1.0,0.6000000000000001,1.0,0.0,1.0,1.0,1.0,0.4,0.0,1.0,1.0,1.0,0.0,0.0,0.0,0.0,1.0,0.75,0.0,0.0,0.0,0.0,0,13,-2,0,11
1381458,1.0,0.0,0.0,0.0,0.0,0.0,0.41675,0.41666666666666663,1.0,1.0,0.0392156862745098,0.0,0.0,1.0,0.0,0.0,0.0,0.4,0.07058823529411765,0.0,0.0,0.0,1.0,0,0,47,6,53
1381454,0.0,0.0,0.0,0.0,0.0,0.0,0.0,0.0,0.0,0.0,0.0,0.0,0.0,0.0,0.0,0.0,0.0,0.0,0.0,0.0,0.0,0.0,1.0,0,0,0,6,6
1381455,1.0,0.0,0.0,0.0,0.0,0.0,0.75,0.75,0.6000000000000001,0.0,0.7450980392156863,1.0,1.0,0.0,0.0,0.0,0.0,0.8,0.7452941176470588,0.0,0.0,0.0,0.0,0,0,0,0,0
