match_id,batting_position,runs,balls,fours,sixes,strike_rate,overs,total_balls,dots,maidens,conceded,fours_conceded,sixes_conceded,wickets,LBW,Bowled,noballs,wides,economy_rate,catches,stumping,direct_hit,indirect_hit,strike_rate_fp,batting_fp,bowling_fp,fielding_fp,total_fp
1439833,0.5,0.0,0.0,0.0,0.0,0.0,0.0,0.0,0.05882352941176472,0.0,0.7727272727272727,0.0,1.0,0.3333333333333333,0.0,0.0,0.0,0.0,1.0,0.0,0.0,0.0,0.0,0,-2,27,0,25
1439831,0.5,0.48275862068965514,0.6296296296296297,0.25,0.0,0.5894400000000001,0.0,0.0,0.0,0.0,0.6363636363636364,1.0,0.0,0.0,0.0,0.0,0.0,0.5,0.8461538461538461,0.0,0.0,0.0,0.0,0,18,3,0,21
1439823,0.5,0.06896551724137931,0.037037037037037035,0.0,0.0,0.5333600000000001,1.0,1.0,0.588235294117647,0.0,0.5,0.0,0.3333333333333333,1.0,0.0,0.0,0.0,0.0,0.28205128205128205,0.0,0.0,0.0,0.0,0,2,98,0,100
1439818,0.5,0.3448275862068966,0.2222222222222222,0.25,0.0,1.0,1.0,1.0,0.411764705882353,0.0,0.6363636363636364,0.0,0.3333333333333333,0.0,0.0,0.0,0.0,0.0,0.358974358974359,0.0,0.0,0.0,0.0,0,14,16,0,30
1321277,0.5,0.6551724137931034,0.6666666666666666,1.0,0.0,0.76,1.0,1.0,1.0,0.0,0.0,0.0,0.0,0.0,0.0,0.0,0.0,0.0,0.0,0.5,0.0,0.0,1.0,0,35,26,14,75
1321275,0.0,0.20689655172413793,0.4444444444444444,0.0,0.0,0.34288,1.0,1.0,0.8823529411764706,0.0,0.09090909090909088,0.0,0.0,1.0,1.0,1.0,0.0,1.0,0.051282051282051294,0.0,0.0,0.0,0.0,-6,0,127,0,127
1321272,1.0,0.20689655172413793,0.3333333333333333,0.25,0.0,0.4364,1.0,1.0,0.23529411764705882,0.0,1.0,0.0,0.3333333333333333,0.6666666666666666,0.0,0.0,0.0,0.0,0.5641025641025641,0.0,0.0,0.0,0.0,-4,6,59,0,65
1321267,1.0,1.0,0.9999999999999999,0.5,1.0,0.8,1.0,1.0,0.7058823529411764,1.0,0.36363636363636365,0.5,0.0,0.6666666666666666,0.5,1.0,0.0,0.0,0.20512820512820512,1.0,0.0,0.0,0.0,0,47,99,16,162
1321262,0.5,0.1724137931034483,0.18518518518518517,0.0,0.0,0.5714400000000001,0.0,0.0,0.29411764705882354,0.0,0.09090909090909088,0.0,0.0,0.0,0.0,0.0,0.0,0.0,0.23076923076923078,0.0,0.0,0.0,0.0,0,5,14,0,19
