match_id,batting_position,runs,balls,fours,sixes,strike_rate,overs,total_balls,dots,maidens,conceded,fours_conceded,sixes_conceded,wickets,LBW,Bowled,noballs,wides,economy_rate,catches,stumping,direct_hit,indirect_hit,strike_rate_fp,batting_fp,bowling_fp,fielding_fp,total_fp
1003873,0.75,0.25,0.1764705882352941,0.0,0.0,1.0,0.0,0.0,0.0,0.0,0.0,0.0,0.0,0.0,0.0,0.0,0.0,0.0,0.0,0.0,0.0,0.0,0.0,0,5,0,0,5
1003867,0.5,0.0,0.0,0.0,0.0,0.0,1.0,1.0,0.75,0.0,1.0,0.5,0.0,0.0,0.0,0.0,0.0,0.0,0.5638461538461539,1.0,0.0,0.0,0.0,0,0,3,8,11
1003857,0.0,0.25,0.29411764705882354,0.0,0.0,0.6000240009600384,0.3333333333333333,0.3333333333333333,0.5,0.0,0.5454545454545454,1.0,0.0,1.0,0.0,0.0,0.0,0.0,0.9230769230769231,0.0,0.0,0.0,0.0,-4,1,27,0,28
1003847,0.25,1.0,0.7352941176470588,1.0,0.0,0.9600384015360615,0.6666666666666666,0.6666666666666666,1.0,0.0,0.6363636363636364,0.0,1.0,0.0,0.0,0.0,0.0,0.0,0.5384615384615385,0.0,0.0,0.0,0.0,0,28,6,0,34
851979,1.0,0.0,0.0,0.0,0.0,0.0,0.0,0.0,0.0,0.0,0.0,0.0,0.0,0.0,0.0,0.0,0.0,0.0,0.0,0.0,0.0,0.0,0.0,0,0,0,0,0
851971,0.25,0.65,1.0,0.5,0.0,0.4588983559342374,0.3333333333333333,0.3333333333333333,0.5,0.0,0.36363636363636365,0.5,0.0,0.0,0.0,0.0,0.0,0.0,0.6153846153846154,0.0,0.0,0.0,0.0,-6,11,2,0,13
652297,1.0,0.0,0.058823529411764705,0.0,0.0,0.0,0.3333333333333333,0.3333333333333333,0.25,0.0,0.5909090909090909,0.5,1.0,0.0,0.0,0.0,0.0,0.0,1.0,1.0,0.0,0.0,0.0,0,-2,1,8,7
652291,0.75,0.1,0.14705882352941177,0.0,0.0,0.48001920076803073,0.3333333333333333,0.3333333333333333,0.5,0.0,0.3181818181818182,0.5,0.0,0.0,0.0,0.0,0.0,0.0,0.5384615384615385,0.0,0.0,0.0,0.0,0,2,2,0,4
