match_id,batting_position,runs,balls,fours,sixes,strike_rate,overs,total_balls,dots,maidens,conceded,fours_conceded,sixes_conceded,wickets,LBW,Bowled,noballs,wides,economy_rate,catches,stumping,direct_hit,indirect_hit,strike_rate_fp,batting_fp,bowling_fp,fielding_fp,total_fp
1443787,0.6000000000000001,0.0,0.11764705882352941,0.0,0.0,0.0,1.0,1.0,0.8125,0.0,0.2325581395348837,0.6666666666666666,0.0,0.5,0.0,0.0,0.0,0.16666666666666666,0.18181818181818182,0.0,0.0,0.0,0.0,0,-2,47,0,45
1443782,0.6000000000000001,0.05454545454545454,0.23529411764705882,0.0,0.0,0.23181776033134488,1.0,1.0,0.0625,0.0,0.5813953488372092,1.0,0.0,0.5,0.0,0.0,0.0,0.0,0.45454545454545453,0.0,0.0,0.0,0.0,0,3,29,0,32
1443779,0.6000000000000001,0.01818181818181818,0.1764705882352941,0.0,0.0,0.10301981269124966,1.0,1.0,1.0,1.0,0.0,0.0,0.0,1.0,1.0,0.0,0.0,0.16666666666666666,0.0,0.0,0.0,0.0,0.0,0,1,95,0,96
1443776,1.0,0.0,0.0,0.0,0.0,0.0,1.0,1.0,0.625,0.0,0.16279069767441862,0.0,0.0,0.5,0.0,0.0,0.0,0.16666666666666666,0.12727272727272726,0.0,0.0,0.0,0.0,0,0,44,0,44
1443766,0.20000000000000018,0.16363636363636364,0.29411764705882354,0.0,0.2,0.5563626247952277,0.0,0.0,0.125,0.0,0.3255813953488372,1.0,0.0,0.0,0.0,0.0,1.0,0.5,0.6363636363636362,0.6666666666666666,0.0,0.0,0.0,0,15,3,16,34
1438077,0.40000000000000013,0.19999999999999998,0.4117647058823529,0.4,0.0,0.48570457144623375,1.0,1.0,0.1875,0.0,1.0,0.6666666666666666,1.0,0.5,0.0,1.0,0.0,0.6666666666666666,0.7818181818181817,1.0,0.0,0.0,0.0,0,19,33,28,80
1438078,0.40000000000000013,0.43636363636363634,0.7647058823529411,0.2,0.4,0.5706425988316386,1.0,1.0,0.25,0.0,0.6046511627906976,0.3333333333333333,0.25,0.5,0.0,0.0,0.0,1.0,0.4727272727272727,0.0,0.0,0.0,0.0,6,46,32,0,78
1438075,0.40000000000000013,1.0,1.0,1.0,1.0,1.0,0.25,0.25,0.0625,0.0,0.2325581395348837,0.0,0.0,0.5,0.0,0.0,0.0,0.5,0.36727272727272725,0.0,0.0,0.0,0.0,6,119,31,0,150
1438076,0.0,0.7999999999999999,0.9411764705882353,0.4,1.0,0.8499984545482645,0.0,0.0,0.0,0.0,0.5581395348837208,0.0,0.75,0.0,0.0,0.0,1.0,0.8333333333333333,1.0,0.3333333333333333,0.0,1.0,0.0,6,92,-3,20,109
