match_id,batting_position,runs,balls,fours,sixes,strike_rate,overs,total_balls,dots,maidens,conceded,fours_conceded,sixes_conceded,wickets,LBW,Bowled,noballs,wides,economy_rate,catches,stumping,direct_hit,indirect_hit,strike_rate_fp,batting_fp,bowling_fp,fielding_fp,total_fp
1184266,0.5,0.6666666666666666,0.9999999999999999,0.0,0.0,0.16665,1.0,1.0,0.8888888888888888,0.0,0.5,0.3333333333333333,1.0,0.3333333333333333,0.0,0.0,0.0,0.0,0.38888888888888884,0.0,0.0,0.0,0.0,-6,0,41,0,41
1184900,0.0,0.0,0.0,0.0,0.0,0.0,1.0,1.0,0.7777777777777777,0.0,0.4285714285714284,0.0,1.0,0.6666666666666666,0.0,1.0,0.0,0.0,0.3333333333333335,1.0,0.0,0.0,0.0,0,-2,73,8,79
1184261,0.0,0.3333333333333333,0.0714285714285714,0.0,0.0,0.3,1.0,1.0,0.33333333333333326,0.0,0.857142857142857,1.0,0.0,1.0,0.0,0.0,0.0,0.0,0.6666666666666667,1.0,0.0,0.0,0.0,0,3,88,8,99
1184258,1.0,0.7777777777777777,0.4285714285714285,0.0,0.0,0.35000000000000003,0.0,0.0,0.0,0.0,0.1428571428571428,0.3333333333333333,1.0,0.0,0.0,0.0,0.0,0.0,1.0,0.0,0.0,0.0,0.0,-2,5,4,0,9
1143121,1.0,1.0,0.2857142857142857,1.0,0.0,0.5625,1.0,1.0,1.0,0.0,0.0,0.3333333333333333,0.0,0.6666666666666666,0.0,0.0,0.0,0.0,0.0,0.0,0.0,0.0,0.0,0,13,69,0,82
1143118,1.0,0.8888888888888888,0.0,0.0,1.0,1.0,1.0,1.0,0.33333333333333326,0.0,1.0,0.6666666666666666,1.0,0.6666666666666666,0.0,1.0,0.0,0.0,0.7777777777777777,0.0,0.0,0.0,0.0,0,14,67,0,81
