match_id,batting_position,runs,balls,fours,sixes,strike_rate,overs,total_balls,dots,maidens,conceded,fours_conceded,sixes_conceded,wickets,LBW,Bowled,noballs,wides,economy_rate,catches,stumping,direct_hit,indirect_hit,strike_rate_fp,batting_fp,bowling_fp,fielding_fp,total_fp
1438262,0.5,1.0,1.0,1.0,0.0,1.0,0.0,0.0,0.4,0.0,0.0,1.0,0.0,0.0,0.0,0.0,0.0,0.0,0.49392097264437695,0.0,0.0,0.0,0.0,0,25,7,0,32
1273146,0.5,0.0,0.0,0.0,0.0,0.0,0.5,0.5,0.1,0.0,1.0,0.5,1.0,0.3333333333333333,0.0,0.0,0.0,1.0,1.0,0.0,0.0,0.0,0.0,0,0,25,0,25
1273147,0.0,0.0,0.0,0.0,0.0,0.0,0.0,0.0,0.20000000000000004,0.0,0.23529411764705888,0.5,1.0,0.3333333333333333,0.0,0.0,0.0,0.3333333333333333,0.7978723404255319,0.0,0.0,0.0,0.0,0,0,28,0,28
1156663,0.5,0.058823529411764705,0.10526315789473684,0.0,0.0,0.5588465407399128,1.0,1.0,1.0,0.0,0.2941176470588236,0.5,0.0,1.0,0.0,1.0,0.0,0.6666666666666666,0.15197568389057758,1.0,0.0,0.0,0.0,0,1,104,8,113
1156660,1.0,0.0,0.0,0.0,0.0,0.0,1.0,1.0,0.8,0.0,0.05882352941176472,0.0,0.0,0.3333333333333333,0.0,0.0,0.0,0.0,0.0,1.0,0.0,0.0,0.0,0,0,40,8,48
1156656,0.5,0.1764705882352941,0.3157894736842105,0.0,0.0,0.5588465407399128,0.5,0.5,0.30000000000000004,0.0,0.3529411764705883,0.0,0.0,0.0,0.0,0.0,0.0,0.6666666666666666,0.44376899696048633,0.0,0.0,0.0,0.0,0,3,6,0,9
1156653,1.0,0.0,0.0,0.0,0.0,0.0,0.5,0.5,0.0,0.0,0.47058823529411775,0.0,0.0,0.0,0.0,0.0,0.0,0.3333333333333333,0.5440729483282676,0.0,0.0,0.0,0.0,0,0,1,0,1
