match_id,batting_position,runs,balls,fours,sixes,strike_rate,overs,total_balls,dots,maidens,conceded,fours_conceded,sixes_conceded,wickets,LBW,Bowled,noballs,wides,economy_rate,catches,stumping,direct_hit,indirect_hit,strike_rate_fp,batting_fp,bowling_fp,fielding_fp,total_fp
1177485,0.5,0.28,0.5,1.0,0.0,0.3920031360250882,0.5,0.5,0.3571428571428571,0.0,0.76,1.0,0.0,0.0,0.0,0.0,0.0,0.0,1.0,1.0,0.0,0.0,0.0,0,11,5,8,24
1177484,0.5,1.0,0.7000000000000001,1.0,1.0,1.0,0.0,0.0,0.0,0.0,0.0,0.0,0.0,0.0,0.0,0.0,0.0,0.0,0.0,0.0,0.0,0.0,0.0,0,51,0,0,51
1157700,0.0,0.32,0.5,0.0,0.3333333333333333,0.44800358402867224,0.75,0.75,1.0,0.0,0.48,0.5,0.0,1.0,0.0,1.0,0.0,1.0,0.42105263157894735,0.0,0.0,0.0,0.0,0,14,78,0,92
1157699,0.5,0.52,1.0,0.0,0.3333333333333333,0.3640029120232962,1.0,1.0,0.9285714285714285,1.0,1.0,0.25,1.0,0.5,0.0,0.0,0.0,0.0,0.6578947368421052,1.0,0.0,0.0,0.0,2,21,52,8,81
1157697,0.25,0.0,0.0,0.0,0.0,0.0,0.25,0.25,0.42857142857142855,1.0,0.0,0.0,0.0,0.5,0.0,1.0,0.0,0.0,0.0,0.0,0.0,0.0,0.0,0,0,51,0,51
1157693,0.75,0.0,0.0,0.0,0.0,0.0,0.0,0.0,0.0,0.0,0.0,0.0,0.0,0.0,0.0,0.0,0.0,0.0,0.0,0.0,0.0,0.0,0.0,0,0,0,0,0
1157690,1.0,0.0,0.0,0.0,0.0,0.0,0.5,0.5,0.5,0.0,0.2,0.0,0.0,1.0,1.0,1.0,0.0,0.0,0.2631578947368421,0.0,0.0,0.0,0.0,0,0,79,0,79
