match_id,batting_position,runs,balls,fours,sixes,strike_rate,overs,total_balls,dots,maidens,conceded,fours_conceded,sixes_conceded,wickets,LBW,Bowled,noballs,wides,economy_rate,catches,stumping,direct_hit,indirect_hit,strike_rate_fp,batting_fp,bowling_fp,fielding_fp,total_fp
1463660,0.0,0.0,0.0,0.0,0.0,0.0,0.5,0.5,0.7142857142857143,0.0,0.6956521739130435,1.0,0.6666666666666666,0.5,0.0,0.0,0.0,0.0,0.5333333333333333,0.0,0.0,0.0,0.0,0,0,36,0,36
1463659,0.0,0.0,0.0,0.0,0.0,0.0,0.0,0.0,0.0,0.0,0.6521739130434783,1.0,0.3333333333333333,0.0,0.0,0.0,0.0,0.0,0.9999999999999999,0.0,0.0,0.0,0.0,0,0,-3,0,-3
1463654,0.0,0.0,1.0,0.0,0.0,0.0,0.5,0.5,0.5714285714285714,0.0,0.30434782608695654,0.0,0.3333333333333333,1.0,0.0,0.0,0.0,1.0,0.1333333333333333,1.0,0.0,0.0,0.0,0,0,63,16,79
1422808,0.0,1.0,1.0,0.0,0.0,1.0,0.0,0.0,0.2857142857142857,0.0,0.4347826086956521,0.5,0.3333333333333333,0.0,0.0,0.0,1.0,1.0,0.6666666666666666,0.0,0.0,0.0,0.0,0,1,5,0,6
1405324,0.0,0.0,0.0,0.0,0.0,0.0,1.0,1.0,1.0,0.0,1.0,1.0,1.0,1.0,0.0,1.0,0.0,0.0,0.4999999999999999,0.5,0.0,0.0,0.0,0,0,73,8,81
1399146,0.0,0.0,0.0,0.0,0.0,0.0,0.0,0.0,0.5,0.0,0.0,0.5,0.0,0.5,0.0,0.0,0.0,0.0,0.0,0.0,0.0,0.0,0.0,0,0,39,0,39
