match_id,batting_position,runs,balls,fours,sixes,strike_rate,overs,total_balls,dots,maidens,conceded,fours_conceded,sixes_conceded,wickets,LBW,Bowled,noballs,wides,economy_rate,catches,stumping,direct_hit,indirect_hit,strike_rate_fp,batting_fp,bowling_fp,fielding_fp,total_fp
1244335,1.0,0.0,0.0,0.0,0.0,0.0,0.8334999999999999,0.8333333333333333,0.2727272727272727,0.0,0.3695652173913043,0.0,0.3333333333333333,0.0,0.0,0.0,0.0,0.0,0.29999999999999993,0.0,0.0,0.0,0.0,0,0,4,0,4
1244315,1.0,0.0,0.0,0.0,0.0,0.0,1.0,1.0,0.6363636363636364,0.0,0.32608695652173914,0.5,0.16666666666666666,1.0,0.0,0.0,0.0,0.5,0.22727272727272727,0.0,0.0,0.0,0.0,0,0,58,0,58
1205786,1.0,0.0,0.0,0.0,0.0,0.0,0.0,0.0,0.0,0.0,0.13043478260869562,0.75,0.0,0.5,0.0,0.0,0.0,0.0,0.3939393939393939,0.0,0.0,0.0,0.0,0,0,24,0,24
1205769,0.0,1.0,1.0,0.0,1.0,1.0,0.5,0.5,0.1818181818181818,0.0,1.0,1.0,1.0,0.0,0.0,0.0,0.0,0.5,1.0,0.0,0.0,0.0,0.0,0,21,-3,0,18
1205751,0.5,0.0,0.0,0.0,0.0,0.0,1.0,1.0,0.9999999999999999,0.0,0.0,0.25,0.0,0.5,0.0,0.0,0.0,0.0,0.0,0.0,0.0,0.0,0.0,0,0,43,0,43
1205742,0.5,0.0,0.0,0.0,0.0,0.0,1.0,1.0,0.9090909090909091,0.0,0.21739130434782605,0.75,0.0,1.0,0.0,0.0,0.0,1.0,0.15151515151515152,1.0,0.0,1.0,0.0,0,0,63,20,83
