match_id,batting_position,runs,balls,fours,sixes,strike_rate,overs,total_balls,dots,maidens,conceded,fours_conceded,sixes_conceded,wickets,LBW,Bowled,noballs,wides,economy_rate,catches,stumping,direct_hit,indirect_hit,strike_rate_fp,batting_fp,bowling_fp,fielding_fp,total_fp
1347692,0.4285714285714286,0.10810810810810811,0.3076923076923077,0.0,0.0,0.2973005113568795,1.0,1.0,0.40000000000000013,0.0,0.5172413793103449,0.75,0.0,0.5,0.0,0.0,0.0,0.5,0.5172413793103449,0.0,0.0,0.0,0.0,0,4,31,0,35
1347668,0.2857142857142857,0.2702702702702703,0.3076923076923077,0.3333333333333333,0.0,0.7432512783921988,0.1665000000000001,0.16666666666666652,0.6000000000000001,0.0,0.06896551724137923,0.25,0.3333333333333333,0.5,0.0,1.0,0.0,0.0,0.48827586206896545,0.0,0.0,0.0,0.0,0,14,40,0,54
1347660,1.0,0.0,0.0,0.0,0.0,0.0,0.5,0.5,1.0,0.0,0.10344827586206895,0.5,0.0,0.5,0.0,1.0,0.0,1.0,0.31034482758620685,0.0,0.0,0.0,0.0,0,0,44,0,44
1347646,0.4285714285714286,0.6756756756756757,1.0,0.3333333333333333,1.0,0.5717088833392794,0.0,0.0,0.0,0.0,0.13793103448275856,0.0,0.6666666666666666,0.0,0.0,0.0,0.0,0.0,0.793103448275862,0.0,0.0,0.0,0.0,0,39,4,0,43
1347635,0.5714285714285714,0.05405405405405406,0.15384615384615385,0.0,0.0,0.2973005113568795,1.0,1.0,0.8,0.0,0.9999999999999999,0.75,1.0,1.0,0.0,0.0,0.0,0.5,0.9999999999999999,0.0,0.0,0.0,0.0,0,2,56,0,58
1347612,0.0,1.0,0.8461538461538463,1.0,1.0,1.0,1.0,1.0,0.6000000000000001,0.0,0.27586206896551724,0.5,0.0,0.5,0.0,1.0,0.0,0.0,0.27586206896551724,0.0,0.0,0.0,0.0,4,63,44,0,107
1347607,0.1428571428571428,0.2972972972972973,0.38461538461538464,0.3333333333333333,0.0,0.654061124985135,1.0,1.0,1.0,0.0,0.0,0.0,0.0,0.0,0.0,0.0,0.0,0.0,0.0,0.0,0.0,0.0,0.0,0,15,15,0,30
1347580,0.5714285714285714,0.0,0.07692307692307693,0.0,0.0,0.0,0.5,0.5,0.19999999999999996,0.0,0.5517241379310344,1.0,0.3333333333333333,0.5,0.0,1.0,0.0,0.5,0.9075862068965518,1.0,0.0,0.0,0.0,0,-2,36,8,42
1347572,0.4285714285714286,0.21621621621621623,0.3076923076923077,0.3333333333333333,0.0,0.594601022713759,0.75,0.75,0.8,0.0,0.34482758620689646,0.25,0.3333333333333333,0.0,0.0,0.0,0.0,0.5,0.4675862068965516,1.0,0.0,0.0,0.0,0,12,8,8,28
