match_id,batting_position,runs,balls,fours,sixes,strike_rate,overs,total_balls,dots,maidens,conceded,fours_conceded,sixes_conceded,wickets,LBW,Bowled,noballs,wides,economy_rate,catches,stumping,direct_hit,indirect_hit,strike_rate_fp,batting_fp,bowling_fp,fielding_fp,total_fp
1280299,0.4999999999999999,0.11428571428571428,0.19230769230769232,0.0,0.0,0.5942653394740751,0.75,0.75,0.4,0.0,0.84,1.0,0.0,0.0,0.0,0.0,0.0,0.0,0.6363636363636364,0.0,0.0,1.0,0.0,0,4,8,12,24
1244388,0.6666666666666666,0.0,0.038461538461538464,0.0,0.0,0.0,0.0,0.0,0.0,0.0,0.0,0.0,0.0,0.0,0.0,0.0,0.0,0.0,0.0,0.0,0.0,0.0,0.0,0,-2,0,0,-2
1244371,0.9999999999999999,0.0,0.0,0.0,0.0,0.0,0.0,0.0,0.0,0.0,0.0,0.0,0.0,0.0,0.0,0.0,0.0,0.0,0.0,0.0,0.0,0.0,0.0,0,0,0,0,0
1175043,0.33333333333333337,0.02857142857142857,0.23076923076923078,0.0,0.0,0.12383004011291043,0.0,0.0,0.0,0.0,0.0,0.0,0.0,0.0,0.0,0.0,0.0,0.0,0.0,0.0,0.0,0.0,0.0,0,1,0,0,1
1175037,0.8333333333333334,0.0,0.0,0.0,0.0,0.0,1.0,1.0,1.0,1.0,0.92,1.0,1.0,1.0,0.0,1.0,0.0,0.0,0.5227272727272727,0.0,0.0,1.0,0.0,0,0,64,12,76
1175036,0.0,0.0,0.07692307692307693,0.0,0.0,0.0,0.75,0.75,0.3333333333333333,0.0,1.0,0.6666666666666666,1.0,1.0,0.0,0.0,0.0,0.0,0.7572727272727273,1.0,0.0,0.0,0.0,0,-2,30,8,36
1175025,0.0,1.0,1.0,1.0,1.0,1.0,0.5,0.5,0.4,0.0,0.32,0.0,0.0,1.0,0.0,0.0,0.0,1.0,0.36363636363636365,1.0,0.0,0.0,0.0,2,61,37,8,106
1130705,0.9999999999999999,0.0,0.0,0.0,0.0,0.0,0.5,0.5,0.06666666666666667,0.0,0.88,1.0,0.0,1.0,0.0,0.0,0.0,0.0,1.0,1.0,0.0,0.0,0.0,0,0,24,8,32
1130683,0.6666666666666666,0.45714285714285713,0.5,0.0,0.5,0.9142772247808646,0.25,0.25,0.06666666666666667,0.0,0.36,0.3333333333333333,0.0,0.0,0.0,0.0,0.0,0.0,0.8181818181818182,0.0,0.0,0.0,0.0,0,22,1,0,23
