match_id,batting_position,runs,balls,fours,sixes,strike_rate,overs,total_balls,dots,maidens,conceded,fours_conceded,sixes_conceded,wickets,LBW,Bowled,noballs,wides,economy_rate,catches,stumping,direct_hit,indirect_hit,strike_rate_fp,batting_fp,bowling_fp,fielding_fp,total_fp
1215160,0.3333333333333335,0.0,0.0,0.0,0.0,0.0,0.5,0.5,0.0,0.0,1.0,1.0,1.0,0.0,0.0,0.0,0.0,0.0,1.0,0.0,0.0,0.0,0.0,0,0,0,0,0
1142223,1.0,0.0,0.0,0.0,0.0,0.0,0.5,0.5,0.2727272727272727,0.0,0.0,0.3333333333333333,0.0,0.2,0.0,0.0,0.0,0.0,0.0,1.0,0.0,0.0,0.0,0,0,38,8,46
1142222,0.3333333333333335,0.0,0.0,0.0,0.0,0.0,1.0,1.0,0.4545454545454546,0.0,0.31818181818181823,0.3333333333333333,0.0,0.0,0.0,0.0,0.0,0.0,0.07912687585266032,0.0,0.0,0.0,0.0,0,0,13,0,13
1142218,1.0,0.0,0.0,0.0,0.0,0.0,1.0,1.0,0.5454545454545455,0.0,0.6818181818181818,0.3333333333333333,1.0,0.0,0.0,0.0,0.0,0.0,0.3519781718963165,1.0,0.0,0.0,0.0,0,0,10,8,18
1142215,1.0,0.0,0.0,0.0,0.0,0.0,1.0,1.0,0.18181818181818177,0.0,0.40909090909090906,0.0,0.0,1.0,0.0,1.0,0.0,1.0,0.1473396998635743,0.0,0.0,0.0,0.0,0,0,171,0,171
1142213,1.0,1.0,1.0,0.0,0.0,1.0,0.0,0.0,0.0,0.0,0.13636363636363635,1.0,0.0,0.0,0.0,0.0,0.0,0.0,0.5225102319236017,0.0,0.0,0.0,0.0,0,2,4,0,6
1142209,0.0,0.0,0.0,0.0,0.0,0.0,1.0,1.0,1.0,0.0,0.2727272727272728,0.6666666666666666,0.5,0.6000000000000001,1.0,0.3333333333333333,0.0,0.0,0.04502046384720326,0.0,0.0,0.0,0.0,0,0,114,0,114
