match_id,batting_position,runs,balls,fours,sixes,strike_rate,overs,total_balls,dots,maidens,conceded,fours_conceded,sixes_conceded,wickets,LBW,Bowled,noballs,wides,economy_rate,catches,stumping,direct_hit,indirect_hit,strike_rate_fp,batting_fp,bowling_fp,fielding_fp,total_fp
1393320,0.2857142857142857,0.0,0.0,0.0,0.0,0.0,0.5,0.5,0.25,0.0,1.0,1.0000000000000002,0.0,0.3333333333333333,0.0,0.0,0.0,0.16666666666666666,0.8666666666666666,0.0,0.0,0.0,0.0,0,0,31,0,31
1393319,1.0,0.0,0.16666666666666666,0.0,0.0,0.0,0.5834999999999999,0.5833333333333333,0.25,0.0,0.3125,0.2,0.0,0.6666666666666666,0.0,1.0,0.5,0.0,0.33333333333333337,0.0,0.0,0.0,1.0,0,-2,66,6,70
1393318,0.0,1.0,1.0,1.0,0.0,1.0,1.0,1.0,0.875,0.0,0.0,0.0,0.0,0.0,0.0,0.0,0.0,0.16666666666666666,0.0,0.0,0.0,0.0,0.0,0,21,19,0,40
1393316,0.5714285714285714,0.0,0.0,0.0,0.0,0.0,0.5,0.5,0.25,0.0,0.375,0.4000000000000001,0.0,0.3333333333333333,0.0,0.0,0.0,0.16666666666666666,0.42266666666666663,0.0,0.0,0.0,0.0,0,0,35,0,35
1393313,0.7142857142857142,0.0,0.0,0.0,0.0,0.0,0.0,0.0,0.25,0.0,0.5,0.2,0.5,0.0,0.0,0.0,1.0,1.0,0.9999999999999999,0.0,0.0,0.0,0.0,0,0,6,0,6
1393312,0.857142857142857,0.0,0.16666666666666666,0.0,0.0,0.0,1.0,1.0,1.0,1.0,0.625,0.6000000000000001,0.0,1.0,0.0,0.0,0.0,0.16666666666666666,0.33333333333333337,0.0,0.0,0.0,0.0,0,0,107,0,107
1393311,0.7142857142857142,0.0,0.0,0.0,0.0,0.0,0.0,0.0,0.0,0.0,0.375,0.0,1.0,0.0,0.0,0.0,0.0,0.0,0.8666666666666666,1.0,0.0,0.0,0.0,0,0,4,8,12
