match_id,batting_position,runs,balls,fours,sixes,strike_rate,overs,total_balls,dots,maidens,conceded,fours_conceded,sixes_conceded,wickets,LBW,Bowled,noballs,wides,economy_rate,catches,stumping,direct_hit,indirect_hit,strike_rate_fp,batting_fp,bowling_fp,fielding_fp,total_fp
1347630,0.0,0.18181818181818182,0.3333333333333333,0.0,0.0,0.26668000000000003,0.25,0.25,0.07142857142857142,0.0,0.40476190476190477,1.0,0.16666666666666666,0.0,0.0,0.0,0.0,0.0,0.8095238095238095,1.0,0.0,0.0,0.0,0,2,1,8,11
1347619,0.3333333333333335,0.7272727272727273,0.5555555555555556,1.0,0.0,0.64,0.0,0.0,0.0,0.0,0.0,0.0,0.0,0.0,0.0,0.0,0.0,0.0,0.0,0.0,0.0,0.0,0.0,0,12,0,0,12
1347618,0.3333333333333335,0.0,0.0,0.0,0.0,0.0,0.0,0.0,0.0,0.0,0.0,0.0,0.0,0.0,0.0,0.0,0.0,0.0,0.0,0.0,0.0,0.0,0.0,0,0,0,0,0
1347605,0.3333333333333335,0.0,0.0,0.0,0.0,0.0,0.5,0.5,0.21428571428571427,0.0,0.5,0.5,0.16666666666666666,0.0,0.0,0.0,1.0,0.25,0.5,0.0,0.0,0.0,0.0,0,0,1,0,1
1347596,0.6666666666666665,0.0,0.0,0.0,0.0,0.0,0.5,0.5,0.21428571428571427,0.0,0.42857142857142855,0.5,0.16666666666666666,0.0,0.0,0.0,0.0,0.0,0.42857142857142855,0.0,0.0,0.0,0.0,0,0,3,0,3
1347588,0.6666666666666665,0.0,0.0,0.0,0.0,0.0,1.0,1.0,1.0,0.0,0.38095238095238093,1.0,0.0,1.0,0.0,1.0,0.0,0.0,0.19047619047619047,0.0,0.0,0.0,0.0,0,0,53,0,53
1347579,1.0,0.4545454545454546,0.2222222222222222,1.0,0.0,1.0,0.5,0.5,0.21428571428571427,0.0,0.42857142857142855,0.5,0.16666666666666666,0.0,0.0,0.0,0.0,0.0,0.42857142857142855,0.0,0.0,0.0,0.0,0,9,3,0,12
1347571,0.3333333333333335,0.36363636363636365,0.8888888888888888,0.0,0.0,0.2,1.0,1.0,0.42857142857142855,0.0,0.8333333333333333,1.0,0.16666666666666666,0.0,0.0,0.0,0.0,1.0,0.41666666666666663,1.0,0.0,0.0,0.0,0,4,6,8,18
1297796,0.0,1.0,1.0,0.0,1.0,0.48888,0.5,0.5,0.14285714285714285,0.0,1.0,0.5,1.0,0.0,0.0,0.0,0.0,0.0,1.0,1.0,0.0,0.0,0.0,0,17,-4,8,21
