match_id,batting_position,runs,balls,fours,sixes,strike_rate,overs,total_balls,dots,maidens,conceded,fours_conceded,sixes_conceded,wickets,LBW,Bowled,noballs,wides,economy_rate,catches,stumping,direct_hit,indirect_hit,strike_rate_fp,batting_fp,bowling_fp,fielding_fp,total_fp
1426473,0.0,0.2727272727272727,0.3076923076923077,0.25,0.0,0.6818491749624983,0.0,0.0,0.0,0.0,0.0,0.0,0.0,0.0,0.0,0.0,0.0,0.0,0.0,0.0,0.0,0.0,0.0,-4,6,0,0,6
1426470,0.5,0.0,0.0,0.0,0.0,0.0,1.0,1.0,1.0,0.0,0.625,0.5,0.6666666666666666,0.0,0.0,0.0,0.0,0.0,0.625,0.0,0.0,0.0,0.0,0,-2,3,0,1
1426463,1.0,0.09090909090909091,0.07692307692307693,0.0,0.0,0.45452066003000136,1.0,1.0,0.4,0.0,1.0,1.0,1.0,1.0,0.0,1.0,0.0,0.0,1.0,0.0,0.0,0.0,0.0,0,2,54,0,56
1426459,0.0,1.0,1.0,1.0,0.0,1.0,0.5,0.5,0.0,0.0,0.375,0.0,0.3333333333333333,0.0,0.0,0.0,0.0,1.0,0.75,0.0,0.0,0.0,0.0,0,38,0,0,38
