match_id,batting_position,runs,balls,fours,sixes,strike_rate,overs,total_balls,dots,maidens,conceded,fours_conceded,sixes_conceded,wickets,LBW,Bowled,noballs,wides,economy_rate,catches,stumping,direct_hit,indirect_hit,strike_rate_fp,batting_fp,bowling_fp,fielding_fp,total_fp
1439833,0.5,0.0,0.0,0.0,0.0,0.0,0.0,0.0,0.375,0.0,0.0,0.0,0.0,0.0,0.0,0.0,0.0,0.0,0.0,0.0,0.0,0.0,0.0,0,0,13,0,13
1439822,0.5,0.5,0.4,0.0,0.0,1.0,0.6669999999999998,0.6666666666666665,0.875,0.0,0.11428571428571427,0.25,0.0,1.0,1.0,0.0,0.0,0.14285714285714285,0.02400000000000002,0.0,0.0,0.0,0.0,0,2,75,0,77
1439819,0.5,0.0,0.0,0.0,0.0,0.0,1.0,1.0,1.0,0.0,0.31428571428571433,0.25,0.3333333333333333,1.0,0.0,0.0,1.0,0.0,0.20000000000000007,0.0,0.0,0.0,0.0,0,0,66,0,66
1387245,0.0,0.5,0.8,0.0,0.0,0.5,1.0,1.0,0.5,0.0,0.5428571428571429,0.25,0.0,0.0,0.0,0.0,0.0,1.0,0.4666666666666667,1.0,0.0,0.0,0.0,0,2,10,16,28
1383086,0.5,1.0,1.0,0.0,0.0,0.8,0.0,0.0,0.0,0.0,0.3714285714285714,0.75,0.0,0.5,0.0,0.0,0.0,0.0,0.5773333333333334,0.5,0.0,0.0,0.0,0,4,31,8,43
1383070,1.0,0.0,0.0,0.0,0.0,0.0,1.0,1.0,0.25,0.0,1.0,1.0,1.0,0.0,0.0,0.0,0.0,0.14285714285714285,1.0,0.0,0.0,0.0,0.0,0,0,2,0,2
