match_id,batting_position,runs,balls,fours,sixes,strike_rate,overs,total_balls,dots,maidens,conceded,fours_conceded,sixes_conceded,wickets,LBW,Bowled,noballs,wides,economy_rate,catches,stumping,direct_hit,indirect_hit,strike_rate_fp,batting_fp,bowling_fp,fielding_fp,total_fp
1359800,1.0,0.0,0.0,0.0,0.0,0.0,0.0,0.0,0.0,0.0,0.0,0.0,0.0,0.0,0.0,0.0,0.0,0.0,0.0,0.5,0.0,0.0,0.0,0,0,0,8,8
1359789,0.7999999999999998,0.0,0.0,0.0,0.0,0.0,0.6666666666666666,0.6666666666666666,0.625,0.0,0.8076923076923077,0.3333333333333333,0.6666666666666666,1.0,0.0,0.0,0.0,0.0,1.0,0.0,0.0,0.0,0.0,0,0,28,0,28
1359793,0.7999999999999998,0.0,0.0,0.0,0.0,0.0,0.6666666666666666,0.6666666666666666,0.625,0.0,0.42307692307692313,0.3333333333333333,0.0,0.0,0.0,0.0,0.0,0.5,0.5238095238095237,0.0,0.0,0.0,0.0,0,0,9,0,9
1359795,0.19999999999999996,0.0,0.0,0.0,0.0,0.0,0.0,0.0,0.0,0.0,0.0,0.0,0.0,0.0,0.0,0.0,0.0,0.0,0.0,0.5,0.0,0.0,0.0,0,0,0,8,8
1359787,0.0,0.2,0.36363636363636365,0.0,0.0,0.2,0.6666666666666666,0.6666666666666666,0.375,0.0,0.7692307692307693,1.0,0.0,0.0,0.0,0.0,0.0,1.0,0.9523809523809523,0.0,0.0,0.0,0.0,0,1,1,0,2
1359786,0.0,0.8,1.0,0.0,0.0,0.29088,0.0,0.0,0.0,0.0,0.0,0.0,0.0,0.0,0.0,0.0,0.0,0.0,0.0,0.0,0.0,0.0,0.0,-6,-2,0,0,-2
1197407,0.19999999999999996,0.0,0.0,0.0,0.0,0.0,1.0,1.0,1.0,0.0,0.5384615384615385,0.3333333333333333,0.0,0.0,0.0,0.0,0.0,0.5,0.44476190476190475,1.0,0.0,0.0,0.0,0,0,14,16,30
1197400,0.19999999999999996,0.0,0.0,0.0,0.0,0.0,0.3333333333333333,0.3333333333333333,0.375,0.0,0.38461538461538464,0.6666666666666666,0.0,0.0,0.0,0.0,0.0,0.5,0.9523809523809523,0.0,0.0,0.0,0.0,0,0,3,0,3
1197396,0.5999999999999999,1.0,0.36363636363636365,0.0,0.0,1.0,1.0,1.0,1.0,0.0,1.0,0.0,1.0,1.0,0.0,0.0,0.0,0.5,0.8257142857142856,0.0,0.0,0.0,0.0,0,5,33,0,38
