match_id,batting_position,runs,balls,fours,sixes,strike_rate,overs,total_balls,dots,maidens,conceded,fours_conceded,sixes_conceded,wickets,LBW,Bowled,noballs,wides,economy_rate,catches,stumping,direct_hit,indirect_hit,strike_rate_fp,batting_fp,bowling_fp,fielding_fp,total_fp
1124662,0.6000000000000001,0.07692307692307693,0.35000000000000003,0.0,0.0,0.1538420117387324,0.5,0.5,0.25,0.0,0.3157894736842105,0.0,0.0,0.5,0.0,0.0,0.0,0.0,0.46153846153846156,1.0,0.0,0.0,0.0,0,2,26,8,36
575176,1.0000000000000002,0.42307692307692313,0.4,0.0,0.0,0.7404017015777287,0.0,0.0,0.0,0.0,0.0,0.0,0.0,0.0,0.0,0.0,0.0,0.0,0.0,0.0,0.0,0.0,0.0,0,11,0,0,11
530355,0.8,0.7307692307692308,1.0,0.5,0.0,0.5115502665446126,0.0,0.0,0.0,0.0,0.0,0.0,0.0,0.0,0.0,0.0,0.0,0.0,0.0,1.0,0.0,0.0,0.0,0,23,0,8,31
530353,0.8,0.19230769230769232,0.25,0.5,0.0,0.5384739647838027,0.0,0.0,0.0,0.0,0.0,0.0,0.0,0.0,0.0,0.0,0.0,0.0,0.0,0.0,0.0,0.0,0.0,0,9,0,0,9
530339,0.6000000000000001,0.0,0.0,0.0,0.0,0.0,0.5,0.5,0.25,0.0,0.6842105263157894,0.5,1.0,0.0,0.0,0.0,0.0,0.0,1.0,1.0,0.0,0.0,0.0,0,0,1,8,9
530336,1.0000000000000002,0.0,0.0,0.0,0.0,0.0,0.0,0.0,0.0,0.0,0.0,0.0,0.0,0.0,0.0,0.0,0.0,0.0,0.0,0.0,0.0,0.0,0.0,0,0,0,0,0
530328,0.0,0.0,0.1,0.0,0.0,0.0,1.0,1.0,1.0,0.0,0.7894736842105263,1.0,0.0,0.0,0.0,0.0,0.0,0.0,0.576923076923077,0.0,0.0,0.0,0.0,0,-2,4,0,2
530321,0.8,1.0,0.7000000000000001,1.0,1.0,1.0,1.0,1.0,0.75,0.0,1.0,0.5,1.0,1.0,0.0,1.0,1.0,0.0,0.7307692307692308,0.0,0.0,0.0,0.0,6,50,61,0,111
