match_id,batting_position,runs,balls,fours,sixes,strike_rate,overs,total_balls,dots,maidens,conceded,fours_conceded,sixes_conceded,wickets,LBW,Bowled,noballs,wides,economy_rate,catches,stumping,direct_hit,indirect_hit,strike_rate_fp,batting_fp,bowling_fp,fielding_fp,total_fp
1440465,1.0,0.0,0.0,0.0,0.0,0.5714040802331561,0.14273467638234028,0.1428571428571429,0.1764705882352941,0.0,0.2580645161290323,0.33333333333333337,0.0,0.3333333333333333,0.0,1.0,0.0,0.0,0.31928480204342274,1.0,0.0,0.0,0.0,0,3,34,8,45
1440463,1.0,0.38888888888888895,0.2,0.0,1.0,1.0000000000000002,0.0,0.0,0.0,0.0,1.0,0.9999999999999999,1.0,0.0,0.0,0.0,0.0,0.0,1.0,0.0,0.0,0.0,0.0,0,16,0,0,16
1421080,0.0,0.05555555555555555,0.12,0.0,0.0,0.0,0.9999999999999999,1.0,1.0,1.0,0.0,0.0,0.0,1.0,0.0,0.0,0.0,0.0,0.0,0.0,0.0,0.0,0.0,0,4,114,0,118
1421079,0.0,0.9444444444444445,1.0,1.0,0.0,0.08160466312360715,0.57136733819117,0.5714285714285714,0.5294117647058824,0.0,0.2258064516129032,0.0,0.25,1.0,0.0,1.0,0.0,0.0,0.14899957428693061,0.0,0.0,0.0,1.0,0,28,98,6,132
1421078,0.0,0.9999999999999999,0.64,1.0,0.0,0.7519286816389508,0.9999999999999999,1.0,0.47058823529411764,0.0,0.6129032258064515,0.33333333333333337,0.25,0.3333333333333333,0.0,0.0,1.0,0.0,0.20221370796083443,0.0,0.0,0.0,0.0,0,29,33,0,62
