match_id,batting_position,runs,balls,fours,sixes,strike_rate,overs,total_balls,dots,maidens,conceded,fours_conceded,sixes_conceded,wickets,LBW,Bowled,noballs,wides,economy_rate,catches,stumping,direct_hit,indirect_hit,strike_rate_fp,batting_fp,bowling_fp,fielding_fp,total_fp
1184266,0.0,0.0,0.0,0.0,0.0,0.0,0.0,0.0,0.11111111111111105,0.0,0.0,0.2,0.0,0.0,0.0,0.0,1.0,0.0,0.3571428571428572,0.0,0.0,0.0,0.0,0,0,6,0,6
1184262,0.3333333333333335,1.0,1.0,0.0,0.0,1.0,1.0,1.0,0.6666666666666665,0.0,1.0,1.0,0.0,0.0,0.0,0.0,1.0,0.0,1.0,0.0,0.0,0.0,0.0,0,7,11,0,18
1184260,0.0,0.14285714285714285,0.4444444444444444,0.0,0.0,0.3214193880174852,1.0,1.0,0.9999999999999998,0.0,0.3913043478260869,0.4,0.0,1.0,0.0,1.0,0.0,0.0,0.0,0.0,0.0,0.0,0.0,0,1,53,0,54
1058155,1.0,0.0,0.0,0.0,0.0,0.0,0.6250468691413573,0.625,0.0,0.0,0.34782608695652173,0.0,0.0,0.0,0.0,0.0,0.0,0.0,0.2857142857142856,0.0,0.0,0.0,0.0,0,0,9,0,9
