match_id,batting_position,runs,balls,fours,sixes,strike_rate,overs,total_balls,dots,maidens,conceded,fours_conceded,sixes_conceded,wickets,LBW,Bowled,noballs,wides,economy_rate,catches,stumping,direct_hit,indirect_hit,strike_rate_fp,batting_fp,bowling_fp,fielding_fp,total_fp
1275277,0.5,0.2727272727272727,0.8333333333333333,0.16666666666666666,0.0,0.15000000000000002,0.5,0.5,0.9999999999999999,0.0,0.14814814814814808,0.25,0.0,0.3333333333333333,0.0,0.0,0.0,0.42857142857142855,0.1488888888888889,0.0,0.0,0.0,0.0,0,13,39,0,52
1275275,0.25,0.0,0.08333333333333333,0.0,0.0,0.0,0.0,0.0,0.0,0.0,0.2962962962962962,0.0,0.5,0.3333333333333333,0.0,0.5,0.0,1.0,0.6855555555555555,0.0,0.0,0.0,0.0,0,-2,35,0,33
1275268,0.75,0.9393939393939394,1.0,1.0,0.0,0.43055,1.0,1.0,0.6666666666666666,0.0,0.6296296296296298,0.75,0.0,1.0,0.0,0.5,0.0,0.8571428571428571,0.35222222222222216,0.0,0.0,0.0,0.0,6,65,95,0,160
1275272,0.5,0.48484848484848486,0.6666666666666666,0.5,0.0,0.33333333333333337,0.5,0.5,0.33333333333333337,0.0,1.0,1.0,0.5,0.3333333333333333,0.0,0.0,0.0,0.8571428571428571,1.0,0.0,0.0,0.0,0.0,0,28,25,0,53
1267307,0.25,0.0,0.0,0.0,0.0,0.0,0.5,0.5,0.9999999999999999,0.0,0.0,0.25,0.0,0.6666666666666666,0.0,0.0,0.0,0.0,0.0,0.0,0.0,0.0,0.0,0,0,66,0,66
1267308,0.0,1.0,1.0,0.3333333333333333,1.0,0.45833333333333337,0.0,0.0,0.16666666666666663,0.0,0.25925925925925924,0.5,0.5,0.6666666666666666,0.0,0.0,0.0,0.14285714285714285,0.6300000000000001,1.0,0.0,0.0,0.0,6,69,53,16,138
1267304,1.0,0.18181818181818182,0.08333333333333333,0.0,0.3333333333333333,1.0,0.5,0.5,0.9999999999999999,0.0,0.2962962962962962,0.0,1.0,0.0,0.0,0.0,1.0,0.2857142857142857,0.2966666666666666,0.0,0.0,0.0,0.0,0,12,12,0,24
1235829,0.75,0.30303030303030304,0.75,0.16666666666666666,0.0,0.18518333333333334,1.0,1.0,0.9999999999999999,0.0,0.3703703703703704,0.5,0.0,0.6666666666666666,0.0,1.0,0.0,0.42857142857142855,0.15777777777777774,0.0,0.0,0.0,0.0,0,14,80,0,94
