match_id,batting_position,runs,balls,fours,sixes,strike_rate,overs,total_balls,dots,maidens,conceded,fours_conceded,sixes_conceded,wickets,LBW,Bowled,noballs,wides,economy_rate,catches,stumping,direct_hit,indirect_hit,strike_rate_fp,batting_fp,bowling_fp,fielding_fp,total_fp
693249,0.0,0.0,0.0,0.0,0.0,0.0,1.0,1.0,1.0,0.0,0.7999999999999999,0.3333333333333333,0.0,0.0,0.0,0.0,0.0,1.0,0.0,0.5,0.0,0.0,0.0,0,0,4,8,12
693195,1.0,0.0,0.0,0.0,0.0,0.0,0.0,0.0,0.5,0.0,0.0,0.0,0.5,0.0,0.0,0.0,0.0,0.0,1.0,0.5,0.0,0.0,0.0,0,0,3,8,11
693151,1.0,0.0,0.0,0.0,0.0,0.0,0.6666666666666667,0.6666666666666667,0.0,0.0,1.0,1.0,0.5,1.0,0.0,0.0,0.0,1.0,0.6671428571428573,0.0,0.0,0.0,0.0,0,0,21,0,21
693107,0.0,0.0,0.0,0.0,0.0,0.0,0.6666666666666667,0.6666666666666667,1.0,0.0,0.7200000000000001,0.0,1.0,1.0,0.0,0.0,0.0,1.0,0.33285714285714296,1.0,0.0,0.0,0.0,0,0,25,16,41
