match_id,batting_position,runs,balls,fours,sixes,strike_rate,overs,total_balls,dots,maidens,conceded,fours_conceded,sixes_conceded,wickets,LBW,Bowled,noballs,wides,economy_rate,catches,stumping,direct_hit,indirect_hit,strike_rate_fp,batting_fp,bowling_fp,fielding_fp,total_fp
1394571,0.5,0.0,0.14285714285714285,0.0,0.0,0.0,0.3333333333333333,0.3333333333333333,0.875,0.0,0.20000000000000007,0.3333333333333333,1.0,0.5,0.0,0.0,0.0,0.25,0.382716049382716,0.0,0.0,0.0,0.0,0,0,32,0,32
1299627,1.0,0.0,0.0,0.0,0.0,0.0,1.0,1.0,1.0,0.0,0.72,0.3333333333333333,1.0,0.0,0.0,0.0,0.0,0.25,0.2063492063492065,0.0,0.0,0.0,0.0,0,0,8,0,8
1299625,1.0,0.0,0.0,0.0,0.0,0.0,0.6666666666666667,0.6666666666666667,0.5,0.0,0.28,0.0,0.0,0.0,0.0,0.0,0.0,0.0,0.0,0.0,0.0,0.0,0.0,0,0,6,0,6
1299620,0.0,1.0,1.0,0.0,0.0,1.0,0.0,0.0,0.0,0.0,0.0,0.3333333333333333,0.0,0.0,0.0,0.0,0.0,0.0,1.0,0.0,0.0,0.0,0.0,0,4,0,0,4
1299615,0.5,0.0,0.0,0.0,0.0,0.0,1.0,1.0,0.75,0.0,1.0,0.0,1.0,0.0,0.0,0.0,0.0,1.0,0.5149911816578483,0.0,0.0,0.0,0.0,0,0,6,0,6
1299611,0.5,0.0,0.2857142857142857,0.0,0.0,0.0,1.0,1.0,1.0,0.0,0.8,0.6666666666666667,1.0,1.0,0.0,0.0,0.0,0.25,0.29453262786596124,1.0,0.0,0.0,0.0,0,0,58,8,66
1299605,0.5,0.0,0.0,0.0,0.0,0.0,0.6666666666666667,0.6666666666666667,0.875,0.0,0.6400000000000001,1.0,0.0,0.0,0.0,0.0,1.0,0.5,0.5291005291005291,0.0,0.0,0.0,0.0,0,0,7,0,7
