match_id,batting_position,runs,balls,fours,sixes,strike_rate,overs,total_balls,dots,maidens,conceded,fours_conceded,sixes_conceded,wickets,LBW,Bowled,noballs,wides,economy_rate,catches,stumping,direct_hit,indirect_hit,strike_rate_fp,batting_fp,bowling_fp,fielding_fp,total_fp
1462908,0.3999999999999999,0.0,0.0,0.0,0.0,0.0,1.0,1.0,0.4117647058823529,0.0,1.0,1.0,1.0,0.25,0.0,0.0,0.0,1.0,1.0,0.0,0.0,0.0,1.0,0,0,32,6,38
1462906,0.5999999999999999,0.0,0.0,0.0,0.0,0.0,1.0,1.0,1.0,0.0,0.48484848484848486,0.5,1.0,0.5,1.0,0.5,0.0,0.5,0.48484848484848486,0.0,0.0,0.0,1.0,0,0,89,6,95
1462899,0.19999999999999996,0.0,0.5454545454545454,0.0,0.0,0.0,0.5,0.5,0.4117647058823529,0.0,0.24242424242424243,0.5,0.0,0.25,0.0,0.5,0.0,0.0,0.48484848484848486,0.0,0.0,0.0,0.0,0,-2,46,0,44
1462884,1.0,0.0,0.0,0.0,0.0,0.0,0.5,0.5,0.4117647058823529,0.0,0.15151515151515152,0.0,0.0,0.0,0.0,0.0,0.0,0.0,0.30303030303030304,0.0,0.0,0.0,0.0,0,0,13,0,13
1462882,0.0,1.0,1.0,1.0,0.0,0.9999999999999999,0.0,0.0,0.0,0.0,0.0,0.0,0.0,0.0,0.0,0.0,0.0,0.0,0.0,0.0,0.0,0.0,0.0,0,16,0,0,16
1462926,1.0,0.0,0.0,0.0,0.0,0.0,1.0,1.0,0.5882352941176471,0.0,0.6060606060606061,0.0,0.0,1.0,1.0,1.0,1.0,0.5,0.6060606060606061,1.0,0.0,0.0,0.0,0,0,146,16,162
