match_id,batting_position,runs,balls,fours,sixes,strike_rate,overs,total_balls,dots,maidens,conceded,fours_conceded,sixes_conceded,wickets,LBW,Bowled,noballs,wides,economy_rate,catches,stumping,direct_hit,indirect_hit,strike_rate_fp,batting_fp,bowling_fp,fielding_fp,total_fp
1269683,0.0,0.0,0.3333333333333333,0.0,0.0,0.0,0.75,0.75,0.5384615384615385,0.0,0.34285714285714286,0.4,0.0,0.0,0.0,0.0,0.0,0.3333333333333333,0.45714285714285713,0.0,0.0,0.0,0.0,0,-2,7,0,5
1269666,1.0,0.0,0.0,0.0,0.0,0.0,0.0,0.0,0.0,0.0,0.0,0.0,0.0,0.0,0.0,0.0,0.0,0.0,0.0,0.0,0.0,0.0,0.0,0,0,0,0,0
1269660,0.0,1.0,0.6666666666666666,1.0,1.0,1.0,1.0,1.0,0.3076923076923077,0.0,1.0,0.4,1.0,1.0,0.0,1.0,1.0,1.0,1.0,0.5,0.0,0.0,0.0,0,21,56,8,85
1269655,0.0,0.0,0.0,0.0,0.0,0.0,1.0,1.0,0.46153846153846156,0.0,0.39999999999999997,0.2,0.0,0.0,0.0,0.0,0.0,0.16666666666666666,0.39999999999999997,1.0,0.0,0.0,0.0,0,0,8,16,24
1269648,0.0,0.0,0.0,0.0,0.0,0.0,1.0,1.0,1.0,0.0,0.14285714285714285,0.0,0.0,0.5,1.0,0.0,0.0,0.16666666666666666,0.14285714285714285,0.0,0.0,0.0,0.0,0,0,52,0,52
1269642,0.0,0.5454545454545454,1.0,1.0,0.0,0.36363636363636365,1.0,1.0,0.6153846153846154,0.0,0.5714285714285714,0.6000000000000001,0.2857142857142857,0.5,0.0,1.0,0.0,0.0,0.5714285714285714,0.0,0.0,0.0,0.0,0,10,39,0,49
1269639,0.0,0.0,0.0,0.0,0.0,0.0,0.75,0.75,0.46153846153846156,0.0,0.45714285714285713,1.0,0.14285714285714285,1.0,1.0,0.0,0.0,0.0,0.6097142857142857,0.0,0.0,0.0,0.0,0,0,62,0,62
