match_id,batting_position,runs,balls,fours,sixes,strike_rate,overs,total_balls,dots,maidens,conceded,fours_conceded,sixes_conceded,wickets,LBW,Bowled,noballs,wides,economy_rate,catches,stumping,direct_hit,indirect_hit,strike_rate_fp,batting_fp,bowling_fp,fielding_fp,total_fp
1142223,0.8333333333333334,0.3684210526315789,0.5625,0.3333333333333333,0.0,0.4298424979276044,0.0,0.0,0.0,0.0,0.0,0.0,0.0,0.0,0.0,0.0,0.0,0.0,0.0,1.0,0.0,0.0,0.0,0,18,0,8,26
1142222,0.9999999999999999,1.0,0.65625,0.3333333333333333,1.0,1.0,1.0,1.0,1.0,0.0,1.0,1.0,0.0,1.0,0.0,0.0,0.0,1.0,0.5654761904761905,0.0,0.0,0.0,0.0,6,70,44,0,114
1142218,0.8333333333333334,0.9473684210526315,1.0,1.0,0.6666666666666666,0.6217187068250899,0.5,0.5,0.3076923076923077,0.0,0.47368421052631576,0.0,0.0,0.0,0.0,0.0,0.0,0.0,0.5357142857142857,0.0,0.0,0.0,0.0,0,64,10,0,74
1142215,0.9999999999999999,0.0,0.0,0.0,0.0,0.0,0.0,0.0,0.0,0.0,0.0,0.0,0.0,0.0,0.0,0.0,0.0,0.0,0.0,0.0,0.0,0.0,0.0,0,0,0,0,0
1142213,0.6666666666666666,0.10526315789473684,0.21875,0.0,0.0,0.3157778391820945,0.41675,0.41666666666666663,0.38461538461538464,0.0,0.7368421052631579,0.5,1.0,1.0,0.0,0.0,0.0,0.0,1.0,0.0,0.0,0.0,0.0,0,4,30,0,34
1142209,0.5,0.5789473684210527,0.875,0.6666666666666666,0.3333333333333333,0.4342083448466427,0.0,0.0,0.0,0.0,0.0,0.0,0.0,0.0,0.0,0.0,0.0,0.0,0.0,0.0,0.0,0.0,0.0,0,36,0,0,36
811129,0.0,0.15789473684210525,0.34375,0.3333333333333333,0.0,0.3014644929538547,0.0,0.0,0.0,0.0,0.0,0.0,0.0,0.0,0.0,0.0,0.0,0.0,0.0,0.0,0.0,0.0,0.0,-4,6,0,0,6
811125,0.5,0.23684210526315788,0.28125,0.3333333333333333,0.0,0.552638850511191,0.0,0.0,0.0,0.0,0.0,0.0,0.0,0.0,0.0,0.0,0.0,0.0,0.0,0.0,0.0,0.0,0.0,0,13,0,0,13
811117,0.33333333333333337,0.18421052631578946,0.21875,0.0,0.3333333333333333,0.552638850511191,0.0,0.0,0.0,0.0,0.0,0.0,0.0,0.0,0.0,0.0,0.0,0.0,0.0,0.0,0.0,0.0,0.0,0,13,0,0,13
