match_id,batting_position,runs,balls,fours,sixes,strike_rate,overs,total_balls,dots,maidens,conceded,fours_conceded,sixes_conceded,wickets,LBW,Bowled,noballs,wides,economy_rate,catches,stumping,direct_hit,indirect_hit,strike_rate_fp,batting_fp,bowling_fp,fielding_fp,total_fp
1244317,1.0,0.0,0.0,0.0,0.0,0.0,1.0,1.0,0.0,0.0,1.0,0.5,0.5,0.0,0.0,0.0,0.0,0.0,0.37209302325581395,0.0,0.0,0.0,0.0,0,0,2,0,2
1205823,0.7142857142857142,0.0,0.09090909090909091,0.0,0.0,0.0,1.0,1.0,0.6666666666666666,0.0,0.5806451612903225,0.5,0.0,1.0,1.0,1.0,0.0,1.0,0.06976744186046513,0.0,0.0,0.0,0.0,0,-2,163,0,161
1205804,0.857142857142857,0.18181818181818182,0.36363636363636365,0.0,0.0,0.36363636363636365,0.0,0.0,0.1111111111111111,0.0,0.3225806451612903,0.25,1.0,0.0,0.0,0.0,0.0,0.0,1.0,0.0,0.0,0.0,0.0,0,4,3,0,7
1205786,0.0,0.5,0.36363636363636365,1.0,0.5,1.0,0.0,0.0,0.1111111111111111,0.0,0.16129032258064518,0.25,0.5,0.0,0.0,0.0,0.0,0.0,0.5348837209302326,1.0,0.0,0.0,0.0,0,21,3,8,32
1205778,0.857142857142857,1.0,1.0,1.0,1.0,0.7272727272727273,0.0,0.0,0.1111111111111111,0.0,0.0,0.25,0.0,0.0,0.0,0.0,0.0,0.0,0.06976744186046513,0.0,0.0,0.0,0.0,6,44,3,0,47
1205733,0.4285714285714286,0.0,0.0,0.0,0.0,0.0,1.0,1.0,0.9999999999999999,0.0,0.48387096774193544,0.0,0.5,0.6000000000000001,1.0,0.0,0.0,1.0,0.0,0.0,0.0,0.0,0.0,0,0,102,0,102
1205724,0.7142857142857142,0.0,0.0,0.0,0.0,0.0,0.6666666666666667,0.6666666666666667,0.33333333333333337,0.0,0.8064516129032258,1.0,0.5,0.0,0.0,0.0,0.0,1.0,0.4725581395348837,0.0,0.0,0.0,0.0,0,0,3,0,3
