match_id,batting_position,runs,balls,fours,sixes,strike_rate,overs,total_balls,dots,maidens,conceded,fours_conceded,sixes_conceded,wickets,LBW,Bowled,noballs,wides,economy_rate,catches,stumping,direct_hit,indirect_hit,strike_rate_fp,batting_fp,bowling_fp,fielding_fp,total_fp
1333041,1.0,0.0,0.0,0.0,0.0,0.0,0.0,0.0,0.5,0.0,0.13043478260869562,0.5,0.0,0.0,0.0,0.0,0.0,0.0,0.2663865546218487,0.0,0.0,0.0,0.0,0,0,8,0,8
1332987,0.0,0.0,0.0,0.0,0.0,0.0,0.0,0.0,0.0,0.0,0.7826086956521741,0.75,1.0,0.5,0.0,0.0,0.0,0.0,0.8966386554621847,1.0,0.0,0.0,0.0,0,0,21,8,29
1332952,0.0,0.0,0.0,0.0,0.0,0.0,0.14310197086546683,0.1428571428571428,0.25,0.0,1.0,1.0,1.0,0.0,0.0,0.0,0.0,0.0,0.9999999999999999,1.0,0.0,0.0,0.0,0,0,-2,8,6
1332934,0.0,0.0,0.0,0.0,0.0,0.0,0.8568980291345332,0.857142857142857,0.75,0.0,0.0,0.0,0.0,1.0,0.0,1.0,0.0,1.0,0.0,0.0,0.0,0.0,0.0,0,0,72,0,72
1244381,1.0,0.0,0.0,0.0,0.0,0.0,1.0,0.9999999999999998,1.0,0.0,0.3478260869565217,0.75,0.0,0.5,0.0,1.0,0.0,0.0,0.19747899159663856,0.0,0.0,0.0,0.0,0,0,47,0,47
