match_id,batting_position,runs,balls,fours,sixes,strike_rate,overs,total_balls,dots,maidens,conceded,fours_conceded,sixes_conceded,wickets,LBW,Bowled,noballs,wides,economy_rate,catches,stumping,direct_hit,indirect_hit,strike_rate_fp,batting_fp,bowling_fp,fielding_fp,total_fp
1390169,0.0,0.15625,0.1111111111111111,0.2,0.0,0.6172962962962962,0.0,0.0,0.0,0.0,0.0,0.0,0.0,0.0,0.0,0.0,0.0,0.0,0.0,0.0,0.0,0.0,0.0,0,9,0,0,9
1390167,0.0,0.84375,0.37037037037037035,0.6000000000000001,1.0,1.0,1.0,1.0,0.4444444444444444,0.0,1.0,0.8,1.0,1.0,0.0,0.0,0.0,0.0,0.9137769447047798,1.0,0.0,0.0,0.0,6,61,54,8,123
1381456,0.0,0.03125,0.18518518518518517,0.0,0.0,0.07407407407407407,0.0,0.0,0.0,0.0,0.0,0.0,0.0,0.0,0.0,0.0,0.0,0.0,0.0,1.0,0.0,0.0,0.0,0,1,0,8,9
1381457,0.5555555555555556,1.0,1.0,1.0,0.5,0.43896296296296294,1.0,1.0,0.8888888888888888,0.0,0.5641025641025641,0.6000000000000001,0.0,0.5,0.0,0.0,0.0,0.0,0.5154639175257733,0.0,0.0,0.0,0.0,0,62,37,0,99
1381454,0.0,0.84375,0.7407407407407407,0.8,0.5,0.5,0.75,0.75,1.0,0.0,0.8205128205128205,1.0,1.0,0.0,0.0,0.0,0.0,1.0,1.0,0.0,0.0,0.0,0.0,2,55,7,0,62
1321277,1.0,0.0,0.0,0.0,0.0,0.0,0.0,0.0,0.0,0.0,0.0,0.0,0.0,0.0,0.0,0.0,0.0,0.0,0.0,0.0,0.0,0.0,0.0,0,0,0,0,0
1321272,0.1111111111111111,0.03125,0.18518518518518517,0.0,0.0,0.07407407407407407,0.5,0.5,0.3333333333333333,0.0,0.4615384615384615,0.2,1.0,0.0,0.0,0.0,0.0,0.0,0.8434864104967198,0.0,0.0,0.0,0.0,0,1,3,0,4
1321262,0.6666666666666665,0.0,0.07407407407407407,0.0,0.0,0.0,0.0,0.0,0.0,0.0,0.0,0.0,0.0,0.0,0.0,0.0,0.0,0.0,0.0,0.0,0.0,0.0,0.0,0,-2,0,0,-2
