match_id,batting_position,runs,balls,fours,sixes,strike_rate,overs,total_balls,dots,maidens,conceded,fours_conceded,sixes_conceded,wickets,LBW,Bowled,noballs,wides,economy_rate,catches,stumping,direct_hit,indirect_hit,strike_rate_fp,batting_fp,bowling_fp,fielding_fp,total_fp
1463665,0.0,0.5714285714285714,0.6363636363636365,0.5555555555555556,0.0,0.5142930613294475,0.0,0.0,0.0,0.0,0.0,0.0,0.0,1.0,0.0,1.0,0.0,0.0,0.0,1.0,0.0,0.0,0.0,0,60,60,8,128
1463663,1.0,0.0,0.0,0.0,0.0,0.0,0.6000000000000001,0.6000000000000001,0.20000000000000007,0.0,0.6857142857142857,0.0,1.0,0.0,0.0,0.0,0.0,0.0,1.0,0.0,0.0,0.0,0.0,0,-2,-3,0,-5
1463660,0.0,0.0,0.0,0.0,0.0,0.0,0.6000000000000001,0.6000000000000001,0.0,0.0,0.6285714285714286,0.0,0.6666666666666666,0.0,0.0,0.0,0.0,1.0,0.9047619047619047,0.0,0.0,0.0,0.0,0,-2,-2,0,-4
1463657,0.0,0.9523809523809523,1.0,1.0,0.0,0.5589936999099987,1.0000000000000002,1.0,1.0,0.0,0.45714285714285713,0.5,0.0,0.0,0.0,0.0,0.0,0.0,0.34952380952380946,0.0,0.0,0.0,0.0,2,106,11,0,117
1463655,0.0,1.0,0.5681818181818182,0.6666666666666666,1.0,0.9999999999999999,1.0000000000000002,1.0,0.20000000000000007,0.0,0.9999999999999999,1.0,0.3333333333333333,0.5,0.0,0.0,0.0,0.0,0.9523809523809523,0.0,0.0,0.0,0.0,6,119,24,0,143
