match_id,batting_position,runs,balls,fours,sixes,strike_rate,overs,total_balls,dots,maidens,conceded,fours_conceded,sixes_conceded,wickets,LBW,Bowled,noballs,wides,economy_rate,catches,stumping,direct_hit,indirect_hit,strike_rate_fp,batting_fp,bowling_fp,fielding_fp,total_fp
1383491,0.0,0.8723404255319148,0.9117647058823529,1.0,0.5,0.9447142857142856,0.0,0.0,0.0,0.0,0.0,0.0,0.0,0.0,0.0,0.0,0.0,0.0,0.0,1.0,0.0,0.0,0.0,2,73,0,8,81
1383472,0.0,0.2978723404255319,0.29411764705882354,0.4,0.5,1.0,0.0,0.0,0.0,0.0,0.0,0.0,0.0,0.0,0.0,0.0,0.0,0.0,0.0,0.0,0.0,0.0,0.0,2,30,0,0,30
1280249,0.9999999999999999,0.0,0.0,0.0,0.0,0.0,1.0,1.0,1.0,0.0,1.0,1.0,0.0,0.0,0.0,0.0,0.0,0.0,1.0,0.0,0.0,0.0,0.0,0,0,2,0,2
1280230,0.4285714285714285,0.0851063829787234,0.2647058823529412,0.0,0.0,0.3174285714285714,1.0,1.0,1.0,0.0,0.7000000000000001,0.5,0.0,1.0,0.0,0.0,0.0,0.0,0.7000000000000001,1.0,0.0,0.0,0.0,0,4,27,8,39
1157207,0.8571428571428571,0.0,0.0,0.0,0.0,0.0,0.0,0.0,0.0,0.0,0.0,0.0,0.0,0.0,0.0,0.0,0.0,0.0,0.0,0.0,0.0,0.0,0.0,0,0,0,0,0
1157190,0.2857142857142857,0.02127659574468085,0.11764705882352941,0.0,0.0,0.17857142857142858,0.0,0.0,0.0,0.0,0.0,0.0,0.0,0.0,0.0,0.0,0.0,0.0,0.0,0.0,0.0,0.0,0.0,0,1,0,0,1
1157156,0.2857142857142857,1.0,1.0,0.2,1.0,0.9874285714285714,0.0,0.0,0.0,0.0,0.0,0.0,0.0,0.0,0.0,0.0,0.0,0.0,0.0,0.0,0.0,0.0,0.0,2,69,0,0,69
1157122,0.5714285714285714,0.14893617021276595,0.2647058823529412,0.0,0.0,0.5555714285714286,0.0,0.0,0.0,0.0,0.0,0.0,0.0,0.0,0.0,0.0,0.0,0.0,0.0,0.0,0.0,0.0,0.0,0,7,0,0,7
1157105,0.14285714285714285,0.2127659574468085,0.2647058823529412,0.0,0.5,0.7936428571428571,0.0,0.0,0.0,0.0,0.0,0.0,0.0,0.0,0.0,0.0,0.0,0.0,0.0,1.0,0.0,0.0,0.0,0,16,0,8,24
