match_id,batting_position,runs,balls,fours,sixes,strike_rate,overs,total_balls,dots,maidens,conceded,fours_conceded,sixes_conceded,wickets,LBW,Bowled,noballs,wides,economy_rate,catches,stumping,direct_hit,indirect_hit,strike_rate_fp,batting_fp,bowling_fp,fielding_fp,total_fp
1439832,0.0,0.125,0.0,0.0,0.3333333333333333,1.0,1.0,1.0,0.6666666666666665,0.0,0.4545454545454546,0.5,0.5,1.0,1.0,1.0,0.0,0.0,0.36842105263157876,0.0,0.0,0.0,0.0,0,12,108,0,120
1439824,0.0,0.5625,0.7333333333333334,1.0,0.0,0.54,1.0,1.0,0.5555555555555556,0.0,0.4545454545454546,1.0,0.0,0.3333333333333333,0.0,1.0,0.0,0.0,0.36842105263157876,1.0,0.0,0.0,0.0,0,47,45,8,100
1439817,0.5,0.0,0.1,0.0,0.0,0.0,0.0,0.0,0.0,0.0,0.0,0.5,0.0,0.0,0.0,0.0,0.0,0.4,0.6842105263157894,0.0,0.0,0.0,0.0,0,-2,5,0,3
1321299,0.5,0.3125,0.4,0.5,0.3333333333333333,0.5,1.0,1.0,0.9999999999999998,0.0,0.2272727272727273,1.0,0.0,1.0,0.0,1.0,0.0,0.2,0.10526315789473673,1.0,0.0,0.0,0.0,0,29,105,8,142
1321291,0.5,1.0,1.0,0.75,1.0,0.72725,1.0,1.0,0.5555555555555556,0.0,0.13636363636363635,0.0,0.0,0.0,0.0,0.0,0.0,0.2,0.0,0.0,0.0,0.0,0.0,2,84,16,0,100
1321286,1.0,0.375,0.30000000000000004,0.5,0.3333333333333333,0.75,1.0,1.0,0.4444444444444444,0.0,1.0,0.5,1.0,0.0,0.0,0.0,0.0,1.0,1.0,0.0,0.0,0.0,0.0,0,32,9,0,41
