match_id,batting_position,runs,balls,fours,sixes,strike_rate,overs,total_balls,dots,maidens,conceded,fours_conceded,sixes_conceded,wickets,LBW,Bowled,noballs,wides,economy_rate,catches,stumping,direct_hit,indirect_hit,strike_rate_fp,batting_fp,bowling_fp,fielding_fp,total_fp
1244382,0.28571428571428564,0.041666666666666664,0.14285714285714285,0.0,0.0,0.2871706511594515,1.0,1.0,1.0,0.0,1.0,1.0,1.0,0.0,0.0,0.0,0.0,1.0,1.0,0.0,0.0,0.0,0.0,0,2,1,0,3
1244364,0.9999999999999998,0.0,0.0,0.0,0.0,0.0,1.0,1.0,1.0,0.0,0.3157894736842105,0.0,0.0,0.0,0.0,0.0,0.0,0.0,0.3157894736842105,1.0,0.0,0.0,0.0,0,0,1,8,9
1205835,0.0,0.3958333333333333,0.5428571428571428,0.4,0.0,0.7179266278986288,0.0,0.0,0.0,0.0,0.0,0.0,0.0,0.0,0.0,0.0,0.0,0.0,0.0,0.0,0.0,1.0,0.0,0,27,0,12,39
1205817,0.0,1.0,1.0,0.2,1.0,0.9845645775001794,0.0,0.0,0.0,0.0,0.0,0.0,0.0,0.0,0.0,0.0,0.0,0.0,0.0,0.0,0.0,0.0,0.0,2,82,0,0,82
1205791,0.0,0.6875,0.8571428571428571,0.0,0.5,0.7897192906884917,0.0,0.0,0.0,0.0,0.0,0.0,0.0,0.0,0.0,0.0,0.0,0.0,0.0,0.0,0.0,0.0,0.0,0,49,0,0,49
1205772,0.0,0.8125,0.7999999999999999,1.0,0.0,1.0,0.0,0.0,0.0,0.0,0.0,0.0,0.0,0.0,0.0,0.0,0.0,0.0,0.0,0.0,0.0,0.0,0.0,2,65,0,0,65
1205754,0.0,0.25,0.5428571428571428,0.4,0.0,0.45344245818077394,0.0,0.0,0.0,0.0,0.0,0.0,0.0,0.0,0.0,0.0,0.0,0.0,0.0,0.0,0.0,0.0,0.0,-2,18,0,0,18
