match_id,batting_position,runs,balls,fours,sixes,strike_rate,overs,total_balls,dots,maidens,conceded,fours_conceded,sixes_conceded,wickets,LBW,Bowled,noballs,wides,economy_rate,catches,stumping,direct_hit,indirect_hit,strike_rate_fp,batting_fp,bowling_fp,fielding_fp,total_fp
1470190,1.0,0.0,0.0,0.0,0.0,0.0,1.0,1.0,0.49999999999999994,0.0,0.40909090909090917,1.0,0.0,0.5,0.0,0.0,0.0,1.0,0.40909090909090917,0.0,0.0,0.0,0.0,0,0,36,0,36
1470191,0.0,1.0,1.0,1.0,1.0,1.0,1.0,1.0,1.0,0.0,0.0,0.0,0.0,1.0,0.0,0.0,1.0,1.0,0.0,0.0,0.0,0.0,0.0,0,21,72,0,93
1470188,0.20000000000000018,0.09090909090909091,0.3333333333333333,0.0,0.0,0.2727322314951181,1.0,1.0,0.0,0.0,1.0,0.5,1.0,0.0,0.0,0.0,1.0,0.0,1.0,0.0,0.0,0.0,0.0,0,1,2,0,3
1470187,1.0,0.0,0.0,0.0,0.0,0.0,0.0,0.0,0.42857142857142855,0.0,0.09090909090909094,0.5,0.0,0.0,0.0,0.0,0.0,0.0,0.3781818181818182,0.0,0.0,0.0,1.0,0,0,10,6,16
