match_id,batting_position,runs,balls,fours,sixes,strike_rate,overs,total_balls,dots,maidens,conceded,fours_conceded,sixes_conceded,wickets,LBW,Bowled,noballs,wides,economy_rate,catches,stumping,direct_hit,indirect_hit,strike_rate_fp,batting_fp,bowling_fp,fielding_fp,total_fp
1446107,1.0,0.0,0.0,0.0,0.0,0.0,0.0,0.0,0.11111111111111116,0.0,0.33333333333333326,0.0,1.0,1.0,0.0,0.0,0.0,1.0,0.7027027027027029,0.0,0.0,0.0,0.0,0,0,53,0,53
1175030,0.0,0.0,0.0,0.0,0.0,0.0,0.0,0.0,0.0,0.0,0.38095238095238093,0.19999999999999996,0.0,0.0,0.0,0.0,0.0,0.0,0.75516693163752,1.0,0.0,0.0,0.0,0,0,2,8,10
1133418,0.7999999999999998,0.0,0.0,0.0,0.0,0.0,0.6669999999999998,0.6666666666666665,0.2222222222222222,0.0,0.9999999999999998,1.0,0.0,0.0,0.0,0.0,0.0,0.0,1.0,0.0,0.0,0.0,0.0,0,0,0,0,0
1133413,1.0,0.0,0.0,0.0,0.0,0.0,1.0,1.0,1.0,0.0,0.0,0.0,0.0,0.5,0.0,0.0,0.0,0.5,0.0,0.0,0.0,0.0,0.0,0,0,40,0,40
