match_id,batting_position,runs,balls,fours,sixes,strike_rate,overs,total_balls,dots,maidens,conceded,fours_conceded,sixes_conceded,wickets,LBW,Bowled,noballs,wides,economy_rate,catches,stumping,direct_hit,indirect_hit,strike_rate_fp,batting_fp,bowling_fp,fielding_fp,total_fp
1156663,1.0,0.0,1.0,0.0,0.0,0.0,1.0,1.0,0.3076923076923077,0.0,1.0,1.0,0.0,1.0,0.0,0.5,0.0,1.0,1.0,1.0,0.0,0.0,0.0,0,-2,66,8,72
1156660,0.75,0.0,0.0,0.0,0.0,0.0,1.0,1.0,1.0,1.0,0.0,0.3333333333333333,0.0,1.0,0.0,1.0,0.0,0.0,0.0,0.0,0.0,0.0,0.0,0,0,101,0,101
1156656,0.0,0.0,0.5,0.0,0.0,0.0,0.0,0.0,0.0,0.0,0.36363636363636365,0.0,0.0,0.0,0.0,0.0,0.0,0.0,0.6963636363636364,0.0,0.0,0.0,0.0,0,-2,4,0,2
1156653,0.75,0.0,0.0,0.0,0.0,0.0,0.3330000000000002,0.33333333333333304,0.3846153846153846,0.0,0.13636363636363635,0.0,0.0,0.0,0.0,0.0,0.0,0.0,0.2909090909090909,0.0,0.0,0.0,0.0,0,0,13,0,13
