match_id,batting_position,runs,balls,fours,sixes,strike_rate,overs,total_balls,dots,maidens,conceded,fours_conceded,sixes_conceded,wickets,LBW,Bowled,noballs,wides,economy_rate,catches,stumping,direct_hit,indirect_hit,strike_rate_fp,batting_fp,bowling_fp,fielding_fp,total_fp
1280274,1.0,0.18367346938775508,0.16129032258064516,0.4,0.0,0.8045411024483655,0.0,0.0,0.0,0.0,0.0,0.0,0.0,0.0,0.0,0.0,0.0,0.0,0.0,0.0,0.0,0.0,0.0,0,20,0,0,20
1280238,0.0,0.4081632653061224,0.3548387096774194,0.4,0.3333333333333333,1.0000000000000002,0.0,0.0,0.0,0.0,0.0,0.0,0.0,0.0,0.0,0.0,0.0,0.0,0.0,1.0,0.0,0.0,0.0,4,41,0,8,49
1280200,1.0,0.3061224489795918,0.29032258064516125,0.4,0.3333333333333333,0.8045411024483655,0.0,0.0,0.0,0.0,0.0,0.0,0.0,0.0,0.0,0.0,0.0,0.0,0.0,0.0,0.0,0.0,0.0,0,32,0,0,32
902177,0.0,0.5714285714285714,0.9999999999999999,0.8,0.0,0.0,0.3333333333333333,0.3333333333333333,0.3333333333333333,0.0,0.30434782608695654,1.0,0.0,0.0,0.0,0.0,0.0,0.0,0.9126466753585398,0.0,0.0,0.0,0.0,0,51,2,0,53
902201,0.0,0.9999999999999999,0.9677419354838709,1.0,1.0,0.9082204896730957,0.0,0.0,0.0,0.0,0.0,0.0,0.0,0.0,0.0,0.0,0.0,0.0,0.0,0.0,0.0,0.0,0.0,4,102,0,0,102
902157,1.0,0.0,0.0,0.0,0.0,0.12064013130898643,1.0,1.0,1.0,0.0,1.0,0.0,1.0,1.0,0.0,0.0,0.0,0.0,1.0,1.0,0.0,0.0,0.0,0,3,31,8,42
902129,0.0,0.16326530612244894,0.25806451612903225,0.2,0.0,0.12064013130898643,0.0,0.0,0.0,0.0,0.0,0.0,0.0,0.0,0.0,0.0,0.0,0.0,0.0,0.0,0.0,0.0,0.0,0,15,0,0,15
902105,1.0,0.6122448979591837,0.9032258064516129,0.6000000000000001,0.3333333333333333,0.20886335658596633,0.2776666666666666,0.2777777777777778,0.3333333333333333,0.0,0.2608695652173913,1.0,0.0,0.0,0.0,0.0,0.0,0.0,0.9387222946544981,0.0,0.0,0.0,0.0,0,55,2,0,57
