match_id,batting_position,runs,balls,fours,sixes,strike_rate,overs,total_balls,dots,maidens,conceded,fours_conceded,sixes_conceded,wickets,LBW,Bowled,noballs,wides,economy_rate,catches,stumping,direct_hit,indirect_hit,strike_rate_fp,batting_fp,bowling_fp,fielding_fp,total_fp
1332978,0.0,0.0,0.0,0.0,0.0,0.0,0.0,0.0,1.0,0.0,0.0,0.2,0.0,0.6666666666666666,0.0,0.0,0.0,0.0,0.0,0.0,0.0,0.0,0.0,0,0,61,0,61
1332927,0.0,0.0,0.0,0.0,0.0,0.0,0.0,0.0,0.6000000000000001,0.0,0.6842105263157896,0.0,1.0,0.0,0.0,0.0,0.0,0.0,0.6842105263157896,0.0,0.0,0.0,0.0,0,0,7,0,7
1280286,0.0,0.0,0.0,0.0,0.0,0.0,0.0,0.0,1.0,0.0,0.05263157894736836,0.0,0.3333333333333333,1.0,0.0,0.0,0.0,0.0,0.05263157894736836,0.0,0.0,0.0,0.0,0,0,90,0,90
1280250,0.0,0.0,0.0,0.0,0.0,0.0,0.0,0.0,0.0,0.0,0.368421052631579,0.6000000000000001,0.0,0.6666666666666666,0.0,1.0,0.0,0.0,0.368421052631579,0.0,0.0,0.0,0.0,0,0,62,0,62
1244389,0.0,0.0,0.0,0.0,0.0,0.0,0.0,0.0,1.0,0.0,1.0000000000000002,1.0000000000000002,0.6666666666666666,0.6666666666666666,0.0,0.0,0.0,1.0,1.0000000000000002,0.0,0.0,0.0,0.0,0,0,57,0,57
