match_id,batting_position,runs,balls,fours,sixes,strike_rate,overs,total_balls,dots,maidens,conceded,fours_conceded,sixes_conceded,wickets,LBW,Bowled,noballs,wides,economy_rate,catches,stumping,direct_hit,indirect_hit,strike_rate_fp,batting_fp,bowling_fp,fielding_fp,total_fp
1457230,0.0,0.0,0.0,0.0,0.0,0.0,0.0,0.0,0.0,0.0,0.0,0.0,0.0,0.0,0.0,0.0,0.0,0.0,0.0,0.0,0.0,0.0,0.0,0,0,0,0,0
1457225,1.0,0.0,0.0,0.0,0.0,0.0,0.5,0.5,0.4666666666666667,0.0,0.42857142857142855,0.6666666666666666,0.0,0.5,1.0,0.0,0.0,0.0,0.8571428571428571,0.0,0.0,0.0,0.0,0,0,42,0,42
1457222,1.0,0.0,0.0,0.0,0.0,0.0,1.0,1.0,0.5333333333333333,0.0,1.0,1.0,0.0,0.5,0.0,0.0,0.0,0.25,1.0,0.0,0.0,0.0,0.0,0,0,35,0,35
1420806,0.3333333333333335,0.0,0.0,0.0,0.0,0.0,0.5,0.5,0.6,0.0,0.2857142857142857,0.3333333333333333,0.0,0.0,0.0,0.0,0.0,0.25,0.5714285714285714,0.0,0.0,0.0,0.0,0,0,15,0,15
1420802,1.0,0.0,0.0,0.0,0.0,0.0,0.75,0.75,0.8,0.0,0.3214285714285714,0.3333333333333333,0.0,0.0,0.0,0.0,0.0,0.25,0.42857142857142855,0.0,0.0,1.0,0.0,0,0,18,12,30
1418188,1.0,0.0,0.0,0.0,0.0,0.0,1.0,1.0,1.0,1.0,0.5357142857142857,0.3333333333333333,0.0,1.0,0.0,1.0,0.0,1.0,0.5357142857142857,0.0,0.0,0.0,0.0,0,0,99,0,99
