match_id,batting_position,runs,balls,fours,sixes,strike_rate,overs,total_balls,dots,maidens,conceded,fours_conceded,sixes_conceded,wickets,LBW,Bowled,noballs,wides,economy_rate,catches,stumping,direct_hit,indirect_hit,strike_rate_fp,batting_fp,bowling_fp,fielding_fp,total_fp
1155313,0.5,0.0,0.0,0.0,0.0,0.0,0.0,0.0,0.0,0.0,0.0,0.0,0.0,0.0,0.0,0.0,0.0,0.0,0.0,0.0,0.0,0.0,0.0,0,0,0,0,0
1155306,0.5,0.0,0.0,0.0,0.0,0.0,0.3333333333333333,0.3333333333333333,0.4444444444444444,0.0,0.06060606060606061,0.0,0.0,0.0,0.0,0.0,0.0,0.0,0.18181818181818182,0.0,0.0,0.0,0.0,0,0,4,0,4
660207,1.0,1.0,1.0,0.0,0.0,1.0,1.0,1.0,1.0,0.0,0.5151515151515151,0.6666666666666666,0.0,0.0,0.0,0.0,0.0,0.0,0.5154545454545455,0.0,0.0,0.0,0.0,0,6,13,0,19
660195,0.0,0.0,0.0,0.0,0.0,0.0,1.0,1.0,0.7777777777777777,0.0,1.0,1.0,1.0,1.0,0.0,0.0,1.0,0.0,1.0,0.0,0.0,0.0,0.0,0,0,30,0,30
660135,0.5,0.16666666666666666,0.25,0.0,0.0,0.6666666666666667,0.0,0.0,0.0,0.0,0.0,0.0,0.0,0.0,0.0,0.0,0.0,0.0,0.0,1.0,0.0,0.0,0.0,0,1,0,8,9
660111,0.5,0.0,0.0,0.0,0.0,0.0,0.7776666666666667,0.7777777777777777,0.7777777777777777,0.0,0.30303030303030304,0.3333333333333333,0.0,0.0,0.0,0.0,0.0,0.0,0.39,0.0,0.0,0.0,0.0,0,0,13,0,13
660097,1.0,0.16666666666666666,0.5,0.0,0.0,0.33333333333333337,0.0,0.0,0.0,0.0,0.0,0.0,0.0,0.0,0.0,0.0,0.0,0.0,0.0,1.0,0.0,0.0,0.0,0,1,0,8,9
