match_id,batting_position,runs,balls,fours,sixes,strike_rate,overs,total_balls,dots,maidens,conceded,fours_conceded,sixes_conceded,wickets,LBW,Bowled,noballs,wides,economy_rate,catches,stumping,direct_hit,indirect_hit,strike_rate_fp,batting_fp,bowling_fp,fielding_fp,total_fp
955067,0.0,1.0,1.0,1.0,1.0,1.0,1.0,1.0,0.6428571428571428,0.0,0.5454545454545454,0.4,0.5,0.25,0.0,0.0,0.0,0.0,0.5454545454545454,0.0,0.0,0.0,0.0,2,31,34,0,65
955055,1.0,0.0,0.0,0.0,0.0,0.0,0.75,0.75,0.5,0.0,0.509090909090909,0.2,0.5,0.5,0.0,0.0,0.0,0.0,0.6785454545454546,0.0,0.0,0.0,0.0,0,0,57,0,57
955047,1.0,0.0,0.0,0.0,0.0,0.0,1.0,1.0,0.3571428571428571,0.0,0.6727272727272727,0.8,0.25,0.0,0.0,0.0,0.0,0.0,0.6727272727272727,0.0,0.0,0.0,0.0,0,0,5,0,5
902241,0.6666666666666665,0.0,0.0,0.0,0.0,0.0,1.0,1.0,1.0,0.0,0.3090909090909091,0.4,0.0,1.0,1.0,0.0,0.0,0.0,0.3090909090909091,1.0,0.0,0.0,0.0,0,0,144,8,152
902171,0.6666666666666665,0.0,0.0,0.0,0.0,0.0,0.0,0.0,0.0,0.0,0.0,0.0,0.0,0.0,0.0,0.0,0.0,0.0,0.0,1.0,0.0,0.0,0.0,0,0,0,8,8
902149,1.0,0.0,0.0,0.0,0.0,0.0,0.5,0.5,0.5,0.0,0.23636363636363636,0.2,0.25,0.0,0.0,0.0,0.0,0.0,0.4727272727272727,0.0,0.0,0.0,0.0,0,0,9,0,9
902125,0.3333333333333335,0.10526315789473684,0.14285714285714285,0.0,0.0,0.7368653746960431,1.0,1.0,0.7142857142857142,0.0,0.41818181818181815,0.2,0.25,0.25,0.0,0.0,0.0,1.0,0.41818181818181815,1.0,0.0,0.0,0.0,0,2,39,8,49
902101,0.6666666666666665,0.0,0.0,0.0,0.0,0.0,1.0,1.0,0.42857142857142855,0.0,1.0,1.0,1.0,0.25,0.5,0.0,0.0,1.0,1.0,0.0,0.0,0.0,0.0,0,0,33,0,33
