match_id,batting_position,runs,balls,fours,sixes,strike_rate,overs,total_balls,dots,maidens,conceded,fours_conceded,sixes_conceded,wickets,LBW,Bowled,noballs,wides,economy_rate,catches,stumping,direct_hit,indirect_hit,strike_rate_fp,batting_fp,bowling_fp,fielding_fp,total_fp
1157207,0.0,0.0,0.0,0.0,0.0,0.0,0.0,0.0,0.0,0.0,0.0,0.0,0.0,0.0,0.0,0.0,0.0,0.0,0.0,0.0,0.0,0.0,0.0,0,0,0,0,0
1157190,0.5714285714285714,0.8333333333333333,1.0,1.0,0.0,0.8333333333333334,1.0,1.0,0.5,0.0,0.6578947368421052,1.0,0.0,0.0,0.0,0.0,0.0,0.5,0.6578947368421052,0.0,0.0,0.0,0.0,0,9,6,0,15
1157156,1.0,0.0,0.0,0.0,0.0,0.0,1.0,1.0,0.875,0.0,1.0,1.0,1.0,1.0,0.0,0.0,1.0,0.0,1.0,0.0,0.0,0.0,0.0,0,0,57,0,57
1157138,0.5714285714285714,1.0,1.0,1.0,0.0,1.0,0.5,0.5,0.5,0.0,0.3157894736842105,1.0,0.0,0.0,0.0,0.0,0.0,0.0,0.631578947368421,0.0,0.0,0.0,0.0,0,10,6,0,16
1157122,1.0,0.0,0.0,0.0,0.0,0.0,1.0,1.0,1.0,0.0,0.6052631578947368,1.0,0.0,0.5,0.0,0.0,0.0,1.0,0.6052631578947368,0.0,0.0,0.0,0.0,0,0,37,0,37
