match_id,batting_position,runs,balls,fours,sixes,strike_rate,overs,total_balls,dots,maidens,conceded,fours_conceded,sixes_conceded,wickets,LBW,Bowled,noballs,wides,economy_rate,catches,stumping,direct_hit,indirect_hit,strike_rate_fp,batting_fp,bowling_fp,fielding_fp,total_fp
1160962,1.0,0.0,0.0,0.0,0.0,0.0,0.0,0.0,0.0,0.0,0.0,0.0,0.0,0.0,0.0,0.0,0.0,0.0,0.0,0.0,0.0,0.0,0.0,0,0,0,0,0
1160957,1.0,1.0,1.0,1.0,0.0,1.0,0.375,0.375,0.3333333333333333,0.0,0.8095238095238095,0.0,1.0,0.0,0.0,0.0,0.0,0.0,1.0,0.5,0.0,0.0,0.0,0,32,3,8,43
1160956,1.0,0.0,0.07407407407407407,0.0,0.0,0.0,1.0,1.0,1.0,0.0,1.0,1.0,0.0,1.0,0.0,1.0,0.0,0.0,0.4633715798764343,1.0,0.0,0.0,0.0,0,-2,137,16,151
1160949,0.0,0.0,0.0,0.0,0.0,0.0,0.5,0.5,0.4444444444444444,0.0,0.9047619047619047,0.0,1.0,0.5,0.0,0.0,0.0,0.0,0.8384819064430715,0.0,0.0,0.0,0.0,0,0,54,0,54
1160946,0.0,0.0,0.0,0.0,0.0,0.0,0.5,0.5,0.8888888888888888,0.0,0.38095238095238093,0.5,0.0,0.25,0.0,0.5,0.0,0.0,0.353045013239188,1.0,0.0,0.0,0.0,0,0,47,16,63
