match_id,batting_position,runs,balls,fours,sixes,strike_rate,overs,total_balls,dots,maidens,conceded,fours_conceded,sixes_conceded,wickets,LBW,Bowled,noballs,wides,economy_rate,catches,stumping,direct_hit,indirect_hit,strike_rate_fp,batting_fp,bowling_fp,fielding_fp,total_fp
902209,0.0,0.3695652173913043,0.657142857142857,0.5,0.0,0.15168606744269775,0.6666666666666667,0.6666666666666667,0.5714285714285714,0.0,0.37037037037037035,0.25,0.0,0.0,0.0,0.0,0.0,0.0,0.0,0.0,0.0,1.0,0.0,0,31,5,12,48
902183,0.0,0.9999999999999999,0.9142857142857141,1.0,1.0,0.842073682947318,0.0,0.0,0.0,0.0,0.0,0.0,0.0,0.0,0.0,0.0,0.0,1.0,0.3685872138910813,0.0,0.0,0.0,0.0,2,84,1,0,85
902161,0.6666666666666666,0.0,0.08571428571428569,0.0,0.0,0.0,0.0,0.0,0.0,0.0,0.2962962962962963,0.5,1.0,0.0,0.0,0.0,1.0,0.0,0.9999999999999999,0.0,0.0,0.0,0.0,0,6,1,0,7
902139,0.9999999999999999,0.06521739130434781,0.0,0.25,0.0,1.0,1.0,1.0,0.7142857142857142,0.0,0.8518518518518519,0.5,0.0,0.0,0.0,0.0,0.0,0.8,0.11207576953433307,0.0,0.0,0.0,0.0,0,13,6,0,19
902115,0.16666666666666666,0.0,0.0,0.25,0.0,0.3999759990399615,1.0,1.0,0.7142857142857142,0.0,1.0,1.0,1.0,0.5,0.0,0.0,0.0,0.2,0.19100236779794788,0.0,0.0,0.0,0.0,0,10,31,0,41
902089,0.16666666666666666,0.9565217391304347,1.0,1.0,1.0,0.6633865354614185,1.0,1.0,1.0,0.0,0.8518518518518519,0.25,1.0,1.0,0.0,1.0,0.0,0.4,0.11207576953433307,1.0,0.0,0.0,0.0,0,80,66,8,154
