match_id,batting_position,runs,balls,fours,sixes,strike_rate,overs,total_balls,dots,maidens,conceded,fours_conceded,sixes_conceded,wickets,LBW,Bowled,noballs,wides,economy_rate,catches,stumping,direct_hit,indirect_hit,strike_rate_fp,batting_fp,bowling_fp,fielding_fp,total_fp
1432200,0.0,0.1020408163265306,0.09090909090909091,0.0,0.0,0.7142857142857143,1.0,1.0,1.0,0.0,0.23076923076923084,1.0,0.0,1.0,0.0,0.0,0.0,0.0,0.13837638376383765,0.5,0.0,0.0,0.0,0,5,73,8,86
1432198,0.0,0.9999999999999999,1.0,1.0,0.0,1.0,1.0,1.0,0.5384615384615385,0.0,0.9230769230769231,0.0,1.0,0.5,0.0,0.0,0.0,0.0,0.5535055350553506,0.0,0.0,0.0,0.0,2,75,38,0,113
1432199,0.0,0.0,0.0,0.0,0.0,0.0,0.0,0.0,0.15384615384615385,0.0,0.23076923076923084,0.0,1.0,0.5,0.0,0.0,0.0,0.6000000000000001,0.8763837638376384,0.0,0.0,0.0,0.0,0,-2,31,0,29
1432196,0.0,0.08163265306122448,0.030303030303030304,0.2,0.0,0.9523571428571429,0.5,0.5,0.0,0.0,1.0,1.0,1.0,0.5,0.0,0.0,0.0,0.0,1.0,1.0,0.0,0.0,1.0,0,8,29,22,59
1432197,0.0,0.08163265306122448,0.09090909090909091,0.2,0.0,0.5714285714285714,1.0,1.0,0.9230769230769231,0.0,0.0,0.0,0.0,0.5,0.0,0.0,0.0,0.2,0.0,0.0,0.0,0.0,0.0,0,8,47,0,55
1156659,0.25,0.2040816326530612,0.18181818181818182,0.2,1.0,0.8928571428571428,0.6665000000000001,0.6666666666666665,0.3076923076923077,0.0,0.0,0.0,0.0,0.5,1.0,0.0,0.0,0.0,0.11992619926199266,0.0,0.0,0.0,0.0,0,20,47,0,67
1156651,1.0,0.4693877551020408,0.5757575757575757,0.0,0.0,0.7822857142857143,1.0,1.0,0.5384615384615385,0.0,0.8461538461538463,0.0,0.0,0.0,0.0,0.0,0.0,1.0,0.5073800738007381,0.0,0.0,0.0,0.0,0,23,13,0,36
