match_id,batting_position,runs,balls,fours,sixes,strike_rate,overs,total_balls,dots,maidens,conceded,fours_conceded,sixes_conceded,wickets,LBW,Bowled,noballs,wides,economy_rate,catches,stumping,direct_hit,indirect_hit,strike_rate_fp,batting_fp,bowling_fp,fielding_fp,total_fp
1343793,0.7142857142857143,0.5454545454545454,0.41666666666666663,0.0,0.0,0.38959090909090904,1.0,1.0,1.0,0.0,0.43478260869565216,0.0,0.0,0.0,0.0,0.0,0.0,0.0,0.16666666666666669,0.0,0.0,0.0,0.0,0,6,18,0,24
1343788,0.0,1.0,0.24999999999999997,1.0,1.0,1.0,0.6666666666666667,0.6666666666666667,0.625,0.0,0.9565217391304348,1.0,0.0,1.0,0.0,0.0,0.0,1.0,1.0,0.0,0.0,0.0,0.0,0,21,34,0,55
1343791,0.8571428571428571,0.4545454545454546,0.16666666666666666,0.0,0.0,0.5681818181818181,1.0,1.0,0.875,0.0,1.0,1.0,0.0,0.0,0.0,0.0,0.0,0.0,0.7083333333333333,1.0,0.0,0.0,0.0,0,5,13,8,26
1343785,0.8571428571428571,0.0,0.0,0.0,0.0,0.0,0.0,0.0,0.0,0.0,0.0,0.0,0.0,1.0,0.0,0.0,0.0,0.0,0.0,0.0,0.0,0.0,0.0,0,-2,29,0,27
1343771,0.9999999999999999,0.9090909090909092,0.9999999999999999,1.0,0.0,0.3246818181818182,1.0,1.0,0.875,0.0,0.5217391304347827,0.5,0.0,1.0,0.0,1.0,0.0,0.14285714285714285,0.24999999999999994,0.0,0.0,0.0,0.0,0,14,50,0,64
