match_id,batting_position,runs,balls,fours,sixes,strike_rate,overs,total_balls,dots,maidens,conceded,fours_conceded,sixes_conceded,wickets,LBW,Bowled,noballs,wides,economy_rate,catches,stumping,direct_hit,indirect_hit,strike_rate_fp,batting_fp,bowling_fp,fielding_fp,total_fp
1205731,0.3333333333333335,0.0,0.0,0.0,0.0,0.0,0.0,0.0,0.5,0.0,0.0,0.0,0.0,0.0,0.0,0.0,0.0,0.0,0.0,0.0,0.0,0.0,0.0,0,0,39,0,39
1157201,1.0,0.0,0.0,0.0,0.0,0.0,1.0,1.0,0.875,0.0,0.48,0.25,0.0,1.0,0.0,0.0,0.0,0.0,0.38095238095238093,0.0,0.0,0.0,0.0,0,0,96,0,96
1157150,0.0,0.0,0.0,0.0,0.0,0.0,0.0,0.0,0.0,0.0,0.4,0.5,0.0,0.0,0.0,0.0,0.0,0.0,0.9523809523809523,0.5,0.0,0.0,0.0,0,0,31,8,39
1157132,0.3333333333333335,0.0,0.0,0.0,0.0,0.0,1.0,1.0,1.0,0.0,0.9999999999999999,1.0,1.0,0.0,0.0,1.0,0.0,0.0,1.0,1.0,0.0,0.0,0.0,0,0,45,16,61
