match_id,batting_position,runs,balls,fours,sixes,strike_rate,overs,total_balls,dots,maidens,conceded,fours_conceded,sixes_conceded,wickets,LBW,Bowled,noballs,wides,economy_rate,catches,stumping,direct_hit,indirect_hit,strike_rate_fp,batting_fp,bowling_fp,fielding_fp,total_fp
1175037,0.7999999999999998,0.0,0.2,0.0,0.0,0.0,1.0,1.0,0.6,0.0,0.8235294117647058,0.6666666666666666,0.0,0.5,0.0,0.0,0.0,0.5,0.44614404079031234,0.0,0.0,0.0,0.0,0,-2,36,0,34
1175027,1.0,0.0,0.0,0.0,0.0,0.0,0.54175,0.5416666666666666,0.13333333333333333,0.0,1.0,1.0,1.0,0.0,0.0,0.0,0.0,0.0,1.0,0.0,0.0,0.0,0.0,0,0,-4,0,-4
1157183,0.0,0.0,0.0,0.0,0.0,0.0,1.0,1.0,1.0,0.0,0.5,0.3333333333333333,0.0,1.0,0.0,0.5,0.0,1.0,0.27087316762268965,0.0,0.0,0.0,0.0,0,0,79,0,79
902233,0.5999999999999999,0.0,0.0,0.0,0.0,0.0,1.0,1.0,0.6,0.0,0.9117647058823529,0.6666666666666666,0.0,1.0,0.0,1.0,1.0,0.0,0.49394518801784576,1.0,0.0,0.0,0.0,0,0,75,8,83
902217,0.5999999999999999,1.0,1.0,1.0,0.0,1.0,0.0,0.0,0.0,0.0,0.0,0.0,0.0,0.0,0.0,0.0,0.0,0.0,0.0,0.0,0.0,0.0,0.0,0,17,0,0,17
