match_id,batting_position,runs,balls,fours,sixes,strike_rate,overs,total_balls,dots,maidens,conceded,fours_conceded,sixes_conceded,wickets,LBW,Bowled,noballs,wides,economy_rate,catches,stumping,direct_hit,indirect_hit,strike_rate_fp,batting_fp,bowling_fp,fielding_fp,total_fp
1443787,0.5,0.2222222222222222,0.42105263157894735,0.0,0.0,0.33333333333333337,0.0,0.0,0.0,0.0,0.0,0.0,0.0,0.0,0.0,0.0,0.0,0.0,0.0,0.0,0.0,0.0,0.0,0,4,0,0,4
1443782,1.0,0.2777777777777778,0.894736842105263,0.0,0.0,0.19606666666666667,0.0,0.0,0.0,0.0,0.0,0.0,0.0,0.0,0.0,0.0,0.0,0.0,0.0,0.0,0.0,0.0,0.0,-6,-1,0,0,-1
1443779,0.0,0.1111111111111111,0.2631578947368421,0.0,0.0,0.26666666666666666,0.0,0.0,0.0,0.0,0.0,0.0,0.0,0.0,0.0,0.0,0.0,0.0,0.0,0.0,0.0,0.0,0.0,0,2,0,0,2
1443776,0.5,0.0,0.0,0.0,0.0,0.0,0.0,0.0,0.0,0.0,0.0,0.0,0.0,0.0,0.0,0.0,0.0,0.0,0.0,1.0,0.0,0.0,0.0,0,0,0,8,8
1443766,0.75,0.2777777777777778,0.2631578947368421,0.3333333333333333,0.0,0.6666666666666667,0.0,0.0,0.0,0.0,0.0,0.0,0.0,0.0,0.0,0.0,0.0,0.0,0.0,1.0,0.0,0.0,0.0,0,9,0,8,17
1438079,0.75,0.5,0.3157894736842105,0.3333333333333333,0.0,1.0,1.0,1.0,1.0,0.0,0.7959183673469387,1.0,0.6666666666666666,1.0,0.0,0.0,0.0,0.3333333333333333,0.5970606246172689,0.0,0.0,0.0,0.0,0,13,88,0,101
1438080,0.5,0.1111111111111111,0.21052631578947367,0.0,0.0,0.33333333333333337,0.0,0.0,0.0,0.0,0.0,0.0,0.0,0.0,0.0,0.0,0.0,0.0,0.0,0.0,0.0,0.0,0.0,0,2,0,0,2
1438077,0.25,1.0,1.0,1.0,0.0,0.6316,0.0,0.0,0.0,0.0,0.0,0.0,0.0,0.0,0.0,0.0,0.0,0.0,0.0,0.0,0.0,0.0,0.0,0,30,0,0,30
1438075,1.0,0.0,0.0,0.0,0.0,0.0,0.75,0.75,0.4444444444444444,0.0,0.9999999999999999,0.0,1.0,0.6666666666666666,0.0,0.0,0.0,1.0,1.0,0.0,0.0,0.0,0.0,0,0,48,0,48
