match_id,batting_position,runs,balls,fours,sixes,strike_rate,overs,total_balls,dots,maidens,conceded,fours_conceded,sixes_conceded,wickets,LBW,Bowled,noballs,wides,economy_rate,catches,stumping,direct_hit,indirect_hit,strike_rate_fp,batting_fp,bowling_fp,fielding_fp,total_fp
1359480,1.0,0.0,0.0,0.0,0.0,0.0,0.0,0.0,0.0,0.0,0.0,0.0,1.0,0.0,0.0,0.0,0.0,1.0,1.0,0.0,0.0,0.0,0.0,0,0,0,0,0
1359475,1.0,0.0,0.0,0.0,0.0,0.0,1.0,1.0,0.9999999999999999,0.0,1.0,1.0,1.0,1.0,0.0,0.0,1.0,1.0,0.09909909909909898,0.0,0.0,0.0,0.0,0,0,89,0,89
1244390,0.0,1.0,1.0,1.0,0.0,1.0,0.5,0.5,0.16666666666666663,0.0,0.16666666666666652,1.0,0.0,0.0,0.0,0.0,0.0,0.0,0.0,0.0,0.0,0.0,0.0,0,10,5,0,15
1244370,0.5,0.0,0.75,0.0,0.0,0.0,1.0,1.0,0.8333333333333334,0.0,1.0,1.0,1.0,0.0,0.0,0.0,1.0,0.6666666666666666,0.09909909909909898,0.0,0.0,0.0,0.0,0,-2,9,0,7
