match_id,batting_position,runs,balls,fours,sixes,strike_rate,overs,total_balls,dots,maidens,conceded,fours_conceded,sixes_conceded,wickets,LBW,Bowled,noballs,wides,economy_rate,catches,stumping,direct_hit,indirect_hit,strike_rate_fp,batting_fp,bowling_fp,fielding_fp,total_fp
1142222,1.0,1.0,1.0,0.0,0.0,1.0,0.0,0.0,1.0,0.0,0.0,0.4000000000000001,0.5,0.5,0.0,1.0,0.0,0.0,0.5681818181818179,0.0,0.0,0.0,0.0,0,1,42,0,43
1142217,0.0,0.0,0.14285714285714285,0.0,0.0,0.0,0.0,0.0,0.6000000000000001,0.0,0.125,0.4000000000000001,0.5,1.0,0.0,0.0,0.0,0.0,0.6931818181818179,1.0,0.0,0.0,0.0,0,-2,57,8,63
1142214,1.0,0.0,0.0,0.0,0.0,0.0,0.0,0.0,1.0,0.0,0.125,0.2,1.0,1.0,0.0,1.0,0.0,0.0,0.6931818181818179,0.0,0.0,0.0,0.0,0,0,67,0,67
1142212,0.0,0.0,0.0,0.0,0.0,0.0,0.5,0.5,0.6000000000000001,0.0,1.0,1.0000000000000002,0.0,0.0,0.0,0.0,0.0,0.0,1.0,0.0,0.0,0.0,0.0,0,0,7,0,7
1142208,1.0,0.0,0.14285714285714285,0.0,0.0,0.0,1.0,1.0,0.0,0.0,0.25,0.0,0.0,1.0,0.0,0.0,0.0,1.0,0.0,0.0,0.0,0.0,0.0,0,-2,56,0,54
