match_id,batting_position,runs,balls,fours,sixes,strike_rate,overs,total_balls,dots,maidens,conceded,fours_conceded,sixes_conceded,wickets,LBW,Bowled,noballs,wides,economy_rate,catches,stumping,direct_hit,indirect_hit,strike_rate_fp,batting_fp,bowling_fp,fielding_fp,total_fp
1439831,1.0,0.5438596491228069,0.3928571428571428,0.3333333333333333,0.5,0.9358533791523485,0.0,0.0,0.0,0.0,0.0,0.0,0.0,0.0,0.0,0.0,0.0,0.0,0.0,0.3333333333333333,0.0,0.0,1.0,6,62,0,14,76
1439826,0.0,0.05263157894736842,0.21428571428571427,0.0,0.0,0.09087437953417335,0.0,0.0,0.0,0.0,0.0,0.0,0.0,0.0,0.0,0.0,0.0,0.0,0.0,0.3333333333333333,0.0,0.0,0.0,-6,-2,0,8,6
1439820,0.5,0.0,0.0,0.0,0.0,0.0,0.0,0.0,0.0,0.0,0.0,0.0,0.0,0.0,0.0,0.0,0.0,0.0,0.0,0.3333333333333333,0.0,1.0,0.0,0,1,0,20,21
1439815,0.5,0.8421052631578947,0.9999999999999999,0.6666666666666666,0.75,0.6951944580810561,0.0,0.0,0.0,0.0,0.0,0.0,0.0,0.0,0.0,0.0,0.0,0.0,0.0,0.3333333333333333,0.0,0.0,0.0,2,89,0,8,97
1384600,0.5,0.6491228070175439,0.4642857142857142,0.6666666666666666,0.75,1.0000000000000002,0.0,0.0,0.0,0.0,0.0,0.0,0.0,0.0,0.0,0.0,0.0,0.0,0.0,0.3333333333333333,0.0,0.0,0.0,6,82,0,8,90
1384596,0.5,1.0,0.9285714285714285,1.0,1.0,0.8977254131893309,0.0,0.0,0.0,0.0,0.0,0.0,0.0,0.0,0.0,0.0,0.0,0.0,0.0,1.0,0.0,0.0,0.0,6,120,0,28,148
1384592,0.5,0.07017543859649122,0.0,0.0,0.0,0.3636066110292915,0.0,0.0,0.0,0.0,0.0,0.0,0.0,0.0,0.0,0.0,0.0,0.0,0.0,0.3333333333333333,0.0,0.0,1.0,0,5,0,14,19
1384594,0.5,0.6666666666666665,0.8214285714285713,0.0,1.0,0.6426116838487973,0.0,0.0,0.0,0.0,0.0,0.0,0.0,0.0,0.0,0.0,0.0,0.0,0.0,0.3333333333333333,0.0,0.0,0.0,2,69,0,8,77
1384590,0.5,0.40350877192982454,0.5357142857142857,0.3333333333333333,0.25,0.5324824087710687,0.0,0.0,0.0,0.0,0.0,0.0,0.0,0.0,0.0,0.0,0.0,0.0,0.0,0.0,0.0,1.0,1.0,0,38,0,18,56
