match_id,batting_position,runs,balls,fours,sixes,strike_rate,overs,total_balls,dots,maidens,conceded,fours_conceded,sixes_conceded,wickets,LBW,Bowled,noballs,wides,economy_rate,catches,stumping,direct_hit,indirect_hit,strike_rate_fp,batting_fp,bowling_fp,fielding_fp,total_fp
1156678,1.0,0.0,0.10000000000000003,0.0,0.0,0.0,0.8330000000000002,0.833333333333333,0.0,0.0,0.6875,0.0,0.0,1.0,0.0,1.0,0.0,1.0,0.6537102473498233,0.5,0.0,0.0,0.0,0,0,100,8,108
1156676,0.6666666666666665,0.125,0.0,0.0,0.0,0.7499625018749062,1.0,1.0,0.5,0.0,0.625,0.3333333333333333,0.0,0.5,0.0,1.0,0.0,0.3333333333333333,0.46996466431095407,0.0,0.0,0.0,0.0,0,1,72,0,73
1157845,0.6666666666666665,0.125,0.10000000000000003,0.0,0.0,0.49992500374981247,0.0,0.0,1.0,0.0,0.0,0.6666666666666667,0.0,0.5,0.0,0.0,0.0,0.0,0.0,0.0,0.0,0.0,0.0,0,1,69,0,70
1156670,0.0,0.125,0.6000000000000001,0.0,0.0,0.18749062546872655,1.0,1.0,1.0,0.0,0.5625,0.6666666666666667,0.0,0.5,0.0,0.0,0.0,0.0,0.38162544169611334,0.0,0.0,0.0,0.0,0,1,67,0,68
1156672,0.6666666666666665,1.0,1.0000000000000002,0.0,0.0,1.0,1.0,1.0,0.0,0.0,1.0,1.0,1.0,0.0,1.0,0.0,0.0,0.0,1.0000000000000002,1.0,0.0,0.0,0.0,-2,6,44,16,66
