match_id,batting_position,runs,balls,fours,sixes,strike_rate,overs,total_balls,dots,maidens,conceded,fours_conceded,sixes_conceded,wickets,LBW,Bowled,noballs,wides,economy_rate,catches,stumping,direct_hit,indirect_hit,strike_rate_fp,batting_fp,bowling_fp,fielding_fp,total_fp
1155283,0.0,0.0,0.0,0.0,0.0,0.0,1.0,1.0,0.33333333333333326,0.0,0.5714285714285714,0.5,0.0,0.0,0.0,0.0,0.0,1.0,0.47058823529411775,0.0,0.0,0.0,0.0,0,0,12,0,12
1155279,0.0,1.0,1.0,0.0,1.0,1.0,1.0,1.0,0.8333333333333333,0.0,0.9999999999999998,1.0,0.0,1.0,0.0,0.0,0.0,0.0,0.8235294117647058,0.0,0.0,0.0,0.0,0,48,36,0,84
1155281,0.0,0.07692307692307693,0.34782608695652173,0.0,0.0,0.22116065109695685,0.0,0.0,0.0,0.0,0.0714285714285714,0.0,1.0,1.0,0.0,0.0,0.0,0.0,1.0,0.0,0.0,0.0,0.0,0,2,31,0,33
1155276,0.0,0.23076923076923078,0.30434782608695654,0.0,0.0,0.7582271762208068,1.0,1.0,1.0,0.0,0.0,0.25,0.0,1.0,0.0,0.0,0.0,0.0,0.0,0.0,0.0,0.0,0.0,0,6,43,0,49
