match_id,batting_position,runs,balls,fours,sixes,strike_rate,overs,total_balls,dots,maidens,conceded,fours_conceded,sixes_conceded,wickets,LBW,Bowled,noballs,wides,economy_rate,catches,stumping,direct_hit,indirect_hit,strike_rate_fp,batting_fp,bowling_fp,fielding_fp,total_fp
1436492,1.0,0.0,0.0,0.0,0.0,0.0,0.0,0.0,0.4545454545454546,0.0,0.5,0.3333333333333333,0.6666666666666666,1.0,0.0,0.0,0.0,0.3333333333333333,0.7216666666666667,0.0,0.0,0.0,0.0,0,0,58,0,58
1436489,1.0,0.0,0.0,0.0,0.0,0.0,0.0,0.0,0.0,0.0,0.6923076923076923,0.6666666666666666,0.3333333333333333,0.5,0.0,0.0,0.0,1.0,1.0,0.0,0.0,0.0,0.0,0,0,28,0,28
1436484,1.0,0.0,0.0,0.0,0.0,0.0,1.0,1.0,0.9090909090909092,0.0,0.5769230769230769,1.0,0.3333333333333333,0.0,0.0,0.0,0.0,0.3333333333333333,0.4716666666666667,1.0,0.0,0.0,0.0,0,0,15,8,23
1436478,1.0,0.0,1.0,0.0,0.0,0.0,1.0,1.0,0.4545454545454546,0.0,0.5769230769230769,1.0,0.0,0.0,0.0,0.0,0.0,0.0,0.4716666666666667,0.0,0.0,0.0,0.0,0,-2,10,0,8
1436473,1.0,0.0,0.0,0.0,0.0,0.0,1.0,1.0,0.5454545454545455,0.0,0.3846153846153846,0.3333333333333333,0.0,0.0,0.0,0.0,0.0,0.6666666666666666,0.2633333333333334,0.0,0.0,0.0,0.0,0,0,13,0,13
1432199,1.0,0.0,0.0,0.0,0.0,0.0,1.0,1.0,0.7272727272727273,0.0,1.0,1.0,1.0,0.5,1.0,0.0,0.0,0.0,0.9299999999999999,0.0,0.0,0.0,0.0,0,0,44,0,44
1432196,0.0,1.0,1.0,0.0,0.0,1.0,1.0,1.0,0.7272727272727273,0.0,0.1923076923076923,0.3333333333333333,0.0,0.5,0.0,1.0,0.0,0.3333333333333333,0.05500000000000005,0.0,0.0,0.0,0.0,0,2,50,0,52
1432194,1.0,0.0,0.5,0.0,0.0,0.0,0.0,0.0,0.09090909090909094,0.0,0.6153846153846154,0.0,0.6666666666666666,0.0,0.0,0.0,0.0,0.3333333333333333,0.8883333333333334,1.0,0.0,0.0,0.0,0,-2,4,8,10
1432195,1.0,0.0,0.0,0.0,0.0,0.0,0.0,0.0,1.0,1.0,0.0,0.3333333333333333,0.0,0.5,1.0,0.0,0.0,1.0,0.0,0.0,0.0,0.0,0.0,0,0,65,0,65
