match_id,batting_position,runs,balls,fours,sixes,strike_rate,overs,total_balls,dots,maidens,conceded,fours_conceded,sixes_conceded,wickets,LBW,Bowled,noballs,wides,economy_rate,catches,stumping,direct_hit,indirect_hit,strike_rate_fp,batting_fp,bowling_fp,fielding_fp,total_fp
1205835,1.0,0.0,0.2,0.0,0.0,0.0,0.0,0.0,0.0,0.0,0.3157894736842106,0.5,0.0,0.0,0.0,0.0,0.0,1.0,1.0,0.0,0.0,0.0,0.0,0,0,-5,0,-5
1205817,1.0,0.0,0.0,0.0,0.0,0.0,0.0,0.0,0.14285714285714285,0.0,0.0,0.0,0.0,0.0,0.0,0.0,0.0,0.0,0.2941176470588238,0.5,0.0,0.0,0.0,0,0,0,8,8
1205791,1.0,0.0,0.0,0.0,0.0,0.0,1.0,1.0,0.7142857142857142,0.0,1.0,1.0,0.5,1.0,1.0,0.0,0.0,0.0,0.17647058823529438,1.0,0.0,0.0,0.0,0,0,91,16,107
1205772,0.0,0.0,0.0,0.0,0.0,0.0,1.0,1.0,1.0,0.0,0.8421052631578947,0.0,1.0,1.0,0.0,1.0,0.0,0.0,0.0,0.0,0.0,0.0,0.0,0,0,95,0,95
1205754,1.0,1.0,1.0,0.0,0.0,1.0,0.5,0.5,0.7142857142857142,0.0,0.631578947368421,0.5,0.5,1.0,0.0,0.0,1.0,0.0,0.41176470588235325,0.0,0.0,0.0,0.0,0,1,83,0,84
902239,1.0,0.0,0.0,0.0,0.0,0.0,0.0,0.0,0.42857142857142855,0.0,0.10526315789473695,0.5,0.0,0.0,0.0,0.0,0.0,0.0,0.5294117647058827,0.0,0.0,0.0,0.0,0,0,0,0,0
