match_id,batting_position,runs,balls,fours,sixes,strike_rate,overs,total_balls,dots,maidens,conceded,fours_conceded,sixes_conceded,wickets,LBW,Bowled,noballs,wides,economy_rate,catches,stumping,direct_hit,indirect_hit,strike_rate_fp,batting_fp,bowling_fp,fielding_fp,total_fp
1332962,1.0,0.0,0.0,0.0,0.0,0.0,0.5,0.5,0.0,0.0,1.0,0.75,1.0,0.5,0.0,0.0,0.0,0.0,1.0000000000000002,0.0,0.0,0.0,0.0,0,0,23,0,23
1304114,0.5,0.0,0.0,0.0,0.0,0.0,0.0,0.0,0.16666666666666663,0.0,0.08000000000000007,0.25,0.5,1.0,0.0,0.0,0.0,0.0,0.5595116988809767,0.0,0.0,0.0,0.0,0,0,53,0,53
1304108,0.0,0.0,0.0,0.0,0.0,0.0,1.0,1.0,0.33333333333333337,0.0,0.0,0.0,0.0,0.0,0.0,0.0,0.0,0.0,0.0,0.0,0.0,0.0,0.0,0,0,12,0,12
1280277,0.25,0.0,0.0,0.0,0.0,0.0,1.0,1.0,0.9999999999999999,0.0,0.32000000000000006,1.0,0.0,0.5,1.0,0.0,0.0,0.0,0.20345879959308238,0.0,0.0,0.0,0.0,0,0,45,0,45
