match_id,batting_position,runs,balls,fours,sixes,strike_rate,overs,total_balls,dots,maidens,conceded,fours_conceded,sixes_conceded,wickets,LBW,Bowled,noballs,wides,economy_rate,catches,stumping,direct_hit,indirect_hit,strike_rate_fp,batting_fp,bowling_fp,fielding_fp,total_fp
1333005,0.0,0.12,0.375,0.0,0.0,0.23684335180711477,0.0,0.0,0.0,0.0,0.0,0.0,0.0,0.0,0.0,0.0,0.0,0.0,0.0,0.0,0.0,0.0,0.0,0,3,0,0,3
1332986,0.19999999999999996,1.0,1.0,0.5,1.0,0.7401354743972337,0.0,0.0,0.0,0.0,0.0,0.0,0.0,0.0,0.0,0.0,0.0,0.0,0.0,0.0,0.0,0.0,0.0,4,49,0,0,49
1244393,0.6000000000000001,0.28,0.375,0.5,0.0,0.5526502771067217,0.5,0.5,0.0,0.0,0.3529411764705882,1.0,0.0,0.0,0.0,0.0,0.0,0.0,0.7058823529411764,1.0,0.0,0.0,0.0,0,11,0,8,19
1244373,0.6000000000000001,0.0,0.0,0.0,0.0,0.0,1.0,1.0,0.5714285714285714,0.0,0.38235294117647056,0.5,0.0,1.0,0.0,0.0,0.0,0.3333333333333333,0.38235294117647056,1.0,0.0,0.0,0.0,0,0,31,8,39
1244355,0.19999999999999996,0.52,0.5625,1.0,0.0,0.6841930747003931,0.0,0.0,0.0,0.0,0.0,0.0,0.0,0.0,0.0,0.0,0.0,0.0,0.0,0.0,0.0,0.0,0.0,0,21,0,0,21
1244334,0.8,0.76,0.5625,1.0,0.5,1.0,0.0,0.0,0.0,0.0,0.0,0.0,0.0,0.0,0.0,0.0,0.0,0.0,0.0,0.0,0.0,0.0,0.0,0,33,0,0,33
1244315,0.40000000000000013,0.36,0.3125,0.0,0.5,0.8526360665056132,0.0,0.0,0.0,0.0,0.0,0.0,0.0,0.0,0.0,0.0,0.0,0.0,0.0,0.0,0.0,0.0,0.0,0,15,0,0,15
1205748,1.0,0.0,0.0,0.0,0.0,0.0,1.0,1.0,0.14285714285714285,0.0,1.0,1.0,1.0,0.0,0.0,0.0,0.0,0.3333333333333333,1.0,1.0,0.0,0.0,0.0,0,0,-5,8,3
1205731,0.8,0.0,0.0,0.0,0.0,0.0,1.0,1.0,1.0,0.0,0.2647058823529412,0.0,0.0,1.0,0.0,0.0,0.0,1.0,0.2647058823529412,0.0,0.0,0.0,0.0,0,0,38,0,38
