match_id,batting_position,runs,balls,fours,sixes,strike_rate,overs,total_balls,dots,maidens,conceded,fours_conceded,sixes_conceded,wickets,LBW,Bowled,noballs,wides,economy_rate,catches,stumping,direct_hit,indirect_hit,strike_rate_fp,batting_fp,bowling_fp,fielding_fp,total_fp
1157197,0.75,0.0,0.0,0.0,0.0,0.0,0.0,0.0,0.16666666666666669,0.0,0.0,0.2,0.0,0.0,0.0,0.0,0.0,0.0,0.1684636118598382,1.0,0.0,0.0,0.0,0,0,12,8,20
1157180,0.5,0.0,0.0,0.0,0.0,0.0,1.0,1.0,0.75,1.0,0.5652173913043479,0.2,0.5,1.0,0.0,0.0,0.0,0.0,0.30323450134770885,0.0,0.0,0.0,0.0,0,0,108,0,108
1157164,1.0,0.2,0.16666666666666666,0.0,0.0,1.0,0.5,0.5,0.16666666666666669,0.0,0.21739130434782616,0.2,0.0,0.6666666666666666,0.0,0.0,0.0,0.0,0.19137466307277623,0.0,0.0,0.0,0.0,0,1,62,0,63
1157145,0.5,0.0,0.0,0.0,0.0,0.0,0.9165000000000001,0.9166666666666665,1.0,0.0,0.6086956521739131,0.2,1.0,0.3333333333333333,0.0,0.0,0.0,1.0,0.3706199460916441,0.0,0.0,1.0,0.0,0,0,43,12,55
1157130,0.0,0.0,0.0,0.0,0.0,0.0,1.0,1.0,0.49999999999999994,0.0,0.17391304347826086,0.0,0.0,0.0,0.0,0.0,0.0,0.5,0.0,0.0,0.0,0.0,0.0,0,0,16,0,16
1157095,0.5,1.0,1.0,0.0,0.0,0.8333,0.5,0.5,0.24999999999999994,0.0,1.0,1.0,0.5,0.3333333333333333,0.0,1.0,0.0,0.0,1.0,0.0,0.0,0.0,0.0,0,5,38,0,43
902229,0.5,0.0,0.0,0.0,0.0,0.0,0.0,0.0,0.0,0.0,0.3913043478260869,0.6000000000000001,0.0,0.0,0.0,0.0,0.0,0.0,0.774932614555256,0.0,0.0,0.0,0.0,0,0,4,0,4
