match_id,batting_position,runs,balls,fours,sixes,strike_rate,overs,total_balls,dots,maidens,conceded,fours_conceded,sixes_conceded,wickets,LBW,Bowled,noballs,wides,economy_rate,catches,stumping,direct_hit,indirect_hit,strike_rate_fp,batting_fp,bowling_fp,fielding_fp,total_fp
356012,0.0,0.2222222222222222,0.8571428571428571,0.0,0.0,0.25923621373570815,1.0,0.9999999999999999,0.75,0.0,0.7878787878787878,0.25,1.0,1.0,0.0,0.0,0.0,0.0,0.7878787878787878,1.0,0.0,0.0,0.0,0,2,60,8,70
356009,1.0,0.0,0.0,0.0,0.0,0.0,1.0,0.9999999999999999,0.25,0.0,1.0,0.75,0.0,1.0,1.0,0.0,0.0,0.0,1.0,0.0,0.0,0.0,0.0,0,0,62,0,62
356003,0.0,0.0,0.2857142857142857,0.0,0.0,0.0,1.0,0.9999999999999999,0.875,0.0,1.0,1.0,1.0,1.0,0.0,0.0,0.0,0.0,1.0,0.0,0.0,0.0,0.0,0,-2,59,0,57
356001,1.0,1.0,1.0,1.0,0.0,1.0,0.8636487592037088,0.8636363636363636,0.5,0.0,0.8484848484848485,0.5,0.0,0.5,0.0,0.0,0.0,1.0,0.9696969696969697,0.0,0.0,0.0,0.0,0,13,31,0,44
355997,0.0,0.0,0.0,0.0,0.0,0.0,1.0,0.9999999999999999,1.0,0.0,0.5151515151515151,0.0,0.0,0.5,0.0,1.0,0.0,0.0,0.5151515151515151,0.0,0.0,0.0,1.0,0,0,49,6,55
361530,1.0,0.0,0.0,0.0,0.0,0.0,0.0,0.0,0.0,0.0,0.0,0.0,0.0,0.0,0.0,0.0,0.0,0.0,0.0,1.0,0.0,0.0,0.0,0,0,2,8,10
