match_id,batting_position,runs,balls,fours,sixes,strike_rate,overs,total_balls,dots,maidens,conceded,fours_conceded,sixes_conceded,wickets,LBW,Bowled,noballs,wides,economy_rate,catches,stumping,direct_hit,indirect_hit,strike_rate_fp,batting_fp,bowling_fp,fielding_fp,total_fp
1166892,0.75,0.0,0.0,0.0,0.0,0.0,1.0,1.0,0.7000000000000001,1.0,0.16666666666666663,0.3333333333333333,0.0,0.75,0.0,0.3333333333333333,0.0,0.0,0.16666666666666663,0.0,0.0,0.0,0.0,0,0,119,0,119
1166890,0.5,1.0,1.0,0.0,0.0,1.0,1.0,1.0,0.4,0.0,0.7083333333333333,1.0,0.0,0.0,0.0,0.0,0.0,0.0,0.7083333333333333,0.0,0.0,0.0,0.0,-2,7,13,0,20
1166886,0.0,0.0,0.0,0.0,0.0,0.0,1.0,1.0,0.0,0.0,1.0,0.6666666666666666,1.0,0.0,0.0,0.0,0.0,0.3333333333333333,1.0,0.0,0.0,0.0,0.0,0,0,7,0,7
1166884,0.25,0.0,0.0,0.0,0.0,0.0,1.0,1.0,0.29999999999999993,0.0,0.625,0.6666666666666666,1.0,0.5,0.0,0.3333333333333333,0.0,0.0,0.625,0.0,0.0,0.0,0.0,0,0,70,0,70
1166881,0.25,0.0,0.0,0.0,0.0,0.0,0.0,0.0,0.5000000000000001,0.0,0.375,1.0,0.0,1.0,0.0,1.0,0.0,0.0,0.4816666666666666,0.0,0.0,0.0,0.0,0,0,148,0,148
1159091,1.0,0.0,0.0,0.0,0.0,0.0,1.0,1.0,1.0,1.0,0.0,0.0,0.0,1.0,1.0,0.6666666666666666,0.0,0.3333333333333333,0.0,0.0,0.0,0.0,0.0,0,0,167,0,167
1063553,1.0,0.0,0.0,0.0,0.0,0.0,1.0,1.0,0.7000000000000001,0.0,0.6666666666666665,0.6666666666666666,1.0,0.0,0.0,0.0,0.0,1.0,0.6666666666666665,0.0,0.0,0.0,1.0,0,0,16,6,22
