match_id,batting_position,runs,balls,fours,sixes,strike_rate,overs,total_balls,dots,maidens,conceded,fours_conceded,sixes_conceded,wickets,LBW,Bowled,noballs,wides,economy_rate,catches,stumping,direct_hit,indirect_hit,strike_rate_fp,batting_fp,bowling_fp,fielding_fp,total_fp
1422139,0.19999999999999996,0.0,0.0,0.0,0.0,0.0,1.0,1.0,0.5,0.0,1.0000000000000002,0.0,1.0,0.0,0.0,0.0,1.0,1.0,0.5128205128205129,0.0,0.0,0.0,0.0,0,0,10,0,10
1422133,0.19999999999999996,0.0,0.0,0.0,0.0,0.0,0.5,0.5,0.3125,0.0,0.6000000000000001,0.75,0.0,0.25,0.0,0.0,0.0,0.0,0.4871794871794872,0.0,0.0,0.0,0.0,0,0,34,0,34
1422129,1.0000000000000002,0.0,0.0,0.0,0.0,0.0,0.0,0.0,0.1875,0.0,0.6000000000000001,0.75,1.0,0.0,0.0,0.0,0.0,0.0,0.8461538461538461,0.0,0.0,0.0,0.0,0,0,3,0,3
1244407,0.0,0.0,0.0,0.0,0.0,0.0,1.0,1.0,0.8125,0.0,0.55,0.75,0.0,1.0,1.0,0.5,0.3333333333333333,0.0,0.28205128205128205,0.5,0.0,0.0,0.0,0,0,143,8,151
1205862,0.8,0.0,0.0,0.0,0.0,0.0,0.0,0.0,0.0,0.0,0.7500000000000002,1.0,0.0,0.0,0.0,0.0,0.0,0.0,1.0,0.0,0.0,0.0,0.0,0,0,-2,0,-2
1205858,0.0,0.0,0.0,0.0,0.0,0.0,1.0,1.0,1.0,1.0,0.45,0.5,1.0,1.0,1.0,0.0,0.0,0.5,0.23076923076923075,0.0,0.0,0.0,0.0,0,0,152,0,152
1205855,0.19999999999999996,1.0,1.0,0.0,0.0,1.0,1.0,1.0,1.0,0.0,0.0,0.25,0.0,0.75,0.0,1.0,0.0,0.0,0.0,0.5,0.0,0.0,0.0,0,1,119,8,128
1205847,0.0,0.0,0.0,0.0,0.0,0.0,1.0,1.0,0.75,0.0,0.35000000000000003,0.5,0.0,1.0,0.0,1.0,0.0,0.0,0.1794871794871795,1.0,0.0,0.0,0.0,0,0,144,16,160
