match_id,batting_position,runs,balls,fours,sixes,strike_rate,overs,total_balls,dots,maidens,conceded,fours_conceded,sixes_conceded,wickets,LBW,Bowled,noballs,wides,economy_rate,catches,stumping,direct_hit,indirect_hit,strike_rate_fp,batting_fp,bowling_fp,fielding_fp,total_fp
875537,1.0,0.0,0.0,0.0,0.0,0.0,1.0,1.0,0.1428571428571429,0.0,0.40000000000000013,0.0,0.0,0.3333333333333333,0.0,1.0,1.0,0.5,0.40000000000000013,1.0,0.0,1.0,0.0,0,0,42,28,70
875531,0.5,0.0,0.0,0.0,0.0,0.0,0.0,0.0,0.0,0.0,0.40000000000000013,0.6000000000000001,0.0,0.0,0.0,0.0,0.0,0.5,0.8,0.0,0.0,1.0,0.0,0,0,6,12,18
875503,0.0,0.0,0.0,0.0,0.0,0.0,1.0,1.0,0.8571428571428571,0.0,0.30000000000000004,0.6000000000000001,0.0,1.0,0.0,1.0,0.0,0.0,0.30000000000000004,0.0,0.0,0.0,0.0,0,0,103,0,103
875477,1.0,0.0,0.2857142857142857,0.0,0.0,0.0,1.0,1.0,0.7142857142857143,0.0,1.0,1.0,1.0,0.6666666666666666,0.0,1.0,1.0,1.0,1.0,0.5,0.0,0.0,0.0,0,0,69,8,77
875465,1.0,1.0,1.0,0.0,0.0,1.0,1.0,1.0,0.9999999999999999,0.0,0.0,0.0,0.0,0.3333333333333333,0.0,0.0,0.0,0.0,0.0,0.0,0.0,0.0,0.0,0,5,44,0,49
