match_id,batting_position,runs,balls,fours,sixes,strike_rate,overs,total_balls,dots,maidens,conceded,fours_conceded,sixes_conceded,wickets,LBW,Bowled,noballs,wides,economy_rate,catches,stumping,direct_hit,indirect_hit,strike_rate_fp,batting_fp,bowling_fp,fielding_fp,total_fp
1189744,0.5,1.0,0.8636363636363636,0.5,1.0,0.5965,0.6666666666666667,0.6666666666666667,0.5,0.0,0.8125,1.0,1.0,0.5,0.0,1.0,0.0,0.0,0.48222222222222233,0.0,0.0,0.0,0.0,6,60,38,0,98
1185192,0.25,0.20588235294117646,0.2727272727272727,0.0,0.0,0.3889,0.3333333333333333,0.3333333333333333,0.5,0.0,0.3125,0.5,1.0,0.5,0.0,0.0,0.0,0.0,0.4444444444444444,0.0,0.0,0.0,0.0,0,7,30,0,37
1185185,0.0,0.1764705882352941,0.3181818181818182,0.5,0.0,0.2857,0.0,0.0,0.0,0.0,0.0,0.0,1.0,0.0,0.0,0.0,0.0,0.2,1.0000000000000002,0.5,0.0,0.0,0.0,0,10,3,8,21
1178996,0.25,0.23529411764705882,0.3181818181818182,0.0,0.5,0.38096666666666673,0.3333333333333333,0.3333333333333333,0.0,0.0,0.25,0.0,1.0,0.0,0.0,0.0,0.0,0.0,0.33333333333333326,0.0,0.0,0.0,0.0,0,14,5,0,19
1156659,0.25,0.3529411764705882,0.18181818181818182,0.5,0.5,1.0,1.0,1.0,1.0,0.0,1.0,1.0,0.0,0.5,1.0,0.0,0.0,0.0,0.22222222222222232,1.0,0.0,0.0,0.0,0,22,42,16,80
1157844,0.25,0.7647058823529411,1.0,1.0,0.0,0.39393333333333336,0.6666666666666667,0.6666666666666667,0.75,0.0,0.4375,0.5,0.0,0.5,0.0,0.0,0.0,0.4,0.03777777777777791,0.0,0.0,0.0,0.0,0,38,35,0,73
1156656,1.0,0.0,0.0,0.0,0.0,0.0,0.3333333333333333,0.3333333333333333,0.5,0.0,0.0625,0.5,0.0,0.5,0.0,0.0,0.0,0.2,0.0,0.5,0.0,0.0,0.0,0,0,34,8,42
1156650,0.75,0.029411764705882353,0.045454545454545456,0.0,0.0,0.33333333333333337,0.3333333333333333,0.3333333333333333,0.0,0.0,0.4375,0.0,0.0,1.0,0.0,0.0,0.0,1.0,0.6666666666666667,0.5,0.0,0.0,0.0,0,1,53,8,62
