match_id,batting_position,runs,balls,fours,sixes,strike_rate,overs,total_balls,dots,maidens,conceded,fours_conceded,sixes_conceded,wickets,LBW,Bowled,noballs,wides,economy_rate,catches,stumping,direct_hit,indirect_hit,strike_rate_fp,batting_fp,bowling_fp,fielding_fp,total_fp
1452624,0.4000000000000001,0.4782608695652174,0.4615384615384615,0.75,0.0,0.6864125932062966,0.0,0.0,0.0,0.0,0.0,0.0,0.0,0.0,0.0,0.0,0.0,0.0,0.0,0.0,0.0,0.0,0.0,0,35,0,0,35
1452625,0.4000000000000001,0.5434782608695652,0.5897435897435896,1.0,0.0,0.6075393537696769,0.0,0.0,0.0,0.0,0.0,0.0,0.0,0.0,0.0,0.0,0.0,0.0,0.0,1.0,0.5,0.0,0.0,0,46,0,20,66
1439830,1.0000000000000002,0.0,0.0,0.0,0.0,0.05517812758906379,0.0,0.0,0.0,0.0,0.0,0.0,0.0,0.0,0.0,0.0,0.0,0.0,0.0,1.0,0.5,0.0,0.0,0,1,0,20,21
1439825,0.0,0.06521739130434782,0.30769230769230765,0.0,0.0,0.0,0.0,0.0,0.0,0.0,0.0,0.0,0.0,0.0,0.0,0.0,0.0,0.0,0.0,1.0,0.5,0.0,0.0,-6,-2,0,20,18
1439824,0.0,0.0,0.0,0.0,0.0,0.05517812758906379,0.0,0.0,0.0,0.0,0.0,0.0,0.0,0.0,0.0,0.0,0.0,0.0,0.0,1.0,0.0,0.0,1.0,0,1,0,14,15
1439814,0.0,0.30434782608695654,0.2564102564102564,0.5,0.0,0.7349627174813588,0.0,0.0,0.0,0.0,0.0,0.0,0.0,0.0,0.0,0.0,0.0,0.0,0.0,0.0,1.0,0.0,0.0,0,23,0,24,47
1434162,0.0,0.15217391304347827,0.1282051282051282,0.25,0.0,0.6075393537696769,0.0,0.0,0.0,0.0,0.0,0.0,0.0,0.0,0.0,0.0,0.0,0.0,0.0,0.0,0.0,0.0,0.0,0,12,0,0,12
1434160,0.0,0.9999999999999999,1.0,1.0,1.0,0.7061309030654516,0.0,0.0,0.0,0.0,0.0,0.0,0.0,0.0,0.0,0.0,0.0,0.0,0.0,0.0,0.0,0.0,0.0,0,73,0,0,73
1434155,0.4000000000000001,0.5869565217391305,0.41025641025641024,0.75,1.0,1.0,0.0,0.0,0.0,0.0,0.0,0.0,0.0,0.0,0.0,0.0,0.0,0.0,0.0,0.0,0.5,0.0,1.0,2,52,0,18,70
