match_id,batting_position,runs,balls,fours,sixes,strike_rate,overs,total_balls,dots,maidens,conceded,fours_conceded,sixes_conceded,wickets,LBW,Bowled,noballs,wides,economy_rate,catches,stumping,direct_hit,indirect_hit,strike_rate_fp,batting_fp,bowling_fp,fielding_fp,total_fp
1280271,0.857142857142857,0.5,1.0,0.0,0.0,0.3333,0.3333333333333333,0.3333333333333333,0.125,0.0,0.46875,1.0,0.0,0.0,0.0,0.0,0.0,0.0,0.37288135593220334,0.0,0.0,0.0,0.0,0,1,2,0,3
1280234,0.857142857142857,0.0,0.3333333333333333,0.0,0.0,0.0,1.0,1.0,1.0,0.0,1.0,0.6666666666666666,0.6666666666666666,1.0,0.0,0.0,0.0,1.0,0.33898305084745767,0.0,0.0,0.0,0.0,0,-2,88,0,86
1280213,0.9999999999999998,0.0,0.0,0.0,0.0,0.0,1.0,1.0,0.5,0.0,0.625,0.3333333333333333,0.0,0.3333333333333333,0.0,0.0,0.0,0.0,0.13559322033898308,0.0,0.0,0.0,0.0,0,0,32,0,32
1205798,0.7142857142857142,0.5,0.3333333333333333,0.0,0.0,1.0,0.11099999999999999,0.1111111111111111,0.0,0.0,0.65625,0.3333333333333333,1.0,0.0,0.0,0.0,0.0,0.0,1.0,0.0,0.0,0.0,0.0,0,1,1,0,2
1205762,0.0,0.5,1.0,0.0,0.0,0.3333,0.0,0.0,0.0,0.0,0.34375,0.3333333333333333,0.3333333333333333,0.0,0.0,0.0,0.0,0.0,0.7457627118644068,0.0,0.0,0.0,0.0,0,1,1,0,2
1205736,0.42857142857142855,0.5,0.6666666666666666,0.0,0.0,0.5,0.0,0.0,0.0,0.0,0.25,0.3333333333333333,0.3333333333333333,0.0,0.0,0.0,0.0,0.0,0.5423728813559323,0.0,0.0,0.0,0.0,0,1,1,0,2
1205718,0.42857142857142855,1.0,0.6666666666666666,0.0,0.0,1.0,0.0,0.0,0.125,0.0,0.0,0.0,0.0,0.3333333333333333,0.0,0.0,0.0,0.0,0.0,0.0,0.0,0.0,0.0,0,2,27,0,29
