match_id,batting_position,runs,balls,fours,sixes,strike_rate,overs,total_balls,dots,maidens,conceded,fours_conceded,sixes_conceded,wickets,LBW,Bowled,noballs,wides,economy_rate,catches,stumping,direct_hit,indirect_hit,strike_rate_fp,batting_fp,bowling_fp,fielding_fp,total_fp
1320980,0.6666666666666665,1.0,1.0,1.0,0.0,0.8999820003599929,0.5,0.5,0.3333333333333333,0.0,0.7741935483870968,1.0,1.0,0.3333333333333333,0.0,0.0,0.0,0.0,1.0,1.0,0.0,0.0,0.0,0,10,25,8,43
1310169,0.3333333333333335,0.0,0.0,0.0,0.0,0.0,0.75,0.75,0.3333333333333333,0.0,0.8387096774193548,1.0,0.5,0.3333333333333333,0.0,0.0,0.0,0.0,0.7224999999999999,0.0,0.0,0.0,0.0,0,0,29,0,29
1310167,1.0,0.0,0.0,0.0,0.0,0.0,1.0,1.0,0.5,0.0,1.0,1.0,0.0,1.0,0.0,0.0,0.0,0.0,0.6458333333333333,0.0,0.0,0.0,0.0,0,0,85,0,85
1310168,0.6666666666666665,0.0,0.0,0.0,0.0,0.0,0.5,0.5,0.6666666666666666,0.0,0.1935483870967742,0.0,0.0,0.6666666666666666,0.0,1.0,0.0,0.0,0.25,0.0,0.0,0.0,0.0,0,0,72,0,72
1273134,0.0,0.0,0.0,0.0,0.0,0.0,1.0,1.0,1.0,0.0,0.7419354838709677,0.5,0.5,1.0,0.0,1.0,0.0,0.0,0.47916666666666663,1.0,0.0,0.0,0.0,0,0,103,8,111
1189743,0.6666666666666665,0.16666666666666666,0.25,0.0,0.0,0.5999880002399952,0.0,0.0,0.0,0.0,0.0,0.0,0.0,0.0,0.0,0.0,0.0,0.0,0.0,0.0,0.0,0.0,0.0,0,1,0,0,1
1189744,0.6666666666666665,0.8333333333333333,0.75,0.0,0.0,1.0,0.25,0.25,0.0,0.0,0.3548387096774194,0.0,0.5,0.0,0.0,0.0,0.0,0.0,0.9166666666666666,1.0,0.0,0.0,0.0,0,5,0,8,13
