match_id,batting_position,runs,balls,fours,sixes,strike_rate,overs,total_balls,dots,maidens,conceded,fours_conceded,sixes_conceded,wickets,LBW,Bowled,noballs,wides,economy_rate,catches,stumping,direct_hit,indirect_hit,strike_rate_fp,batting_fp,bowling_fp,fielding_fp,total_fp
1443789,1.0,0.0,0.0,0.0,0.0,0.0,0.8334999999999999,0.8333333333333333,0.15384615384615385,0.0,0.84,1.0,1.0,0.3333333333333333,0.0,1.0,0.0,0.0,0.9488,0.0,0.0,0.0,0.0,0,0,39,0,39
1443782,0.0,0.0,0.0,0.0,0.0,0.0,1.0,1.0,1.0,1.0,0.0,0.0,0.0,0.6666666666666666,0.0,1.0,0.0,0.0,0.0,0.0,0.0,0.0,0.0,0,0,105,0,105
1443771,1.0,0.0,0.0,0.0,0.0,0.0,0.5,0.5,0.3846153846153846,0.0,0.6,1.0,1.0,0.0,0.0,0.0,0.0,0.16666666666666666,0.92,1.0,0.0,0.0,0.0,0,0,9,8,17
1443768,1.0,0.0,0.0,0.0,0.0,0.0,0.5,0.5,0.3846153846153846,0.0,0.48,0.5,0.0,1.0,1.0,0.0,0.0,1.0,0.7600000000000001,0.0,0.0,0.0,0.0,0,0,98,0,98
1438073,1.0,1.0,0.3333333333333333,0.0,0.0,1.0,0.0,0.0,0.0,0.0,0.16000000000000003,0.0,0.0,0.3333333333333333,0.0,0.0,0.0,0.16666666666666666,0.68,0.0,0.0,0.0,0.0,0,1,31,0,32
1438074,1.0,0.0,1.0,0.0,0.0,0.0,1.0,1.0,0.07692307692307693,0.0,1.0,0.5,1.0,0.3333333333333333,0.0,0.0,0.0,0.16666666666666666,1.0,0.0,0.0,0.0,0.0,0,-2,30,0,28
