match_id,batting_position,runs,balls,fours,sixes,strike_rate,overs,total_balls,dots,maidens,conceded,fours_conceded,sixes_conceded,wickets,LBW,Bowled,noballs,wides,economy_rate,catches,stumping,direct_hit,indirect_hit,strike_rate_fp,batting_fp,bowling_fp,fielding_fp,total_fp
1280274,0.33333333333333304,0.2,0.5333333333333333,0.0,0.0,0.3499930001399972,0.3333333333333333,0.3333333333333333,0.08333333333333333,0.0,0.4090909090909091,0.0,1.0,0.0,0.0,0.0,0.0,0.0,0.9,0.0,0.0,0.0,0.0,0,4,1,0,5
1205839,0.6666666666666665,0.1,0.13333333333333333,0.0,0.0,0.6999860002799944,0.3333333333333333,0.3333333333333333,0.25,0.0,0.36363636363636365,0.0,1.0,0.0,0.0,0.0,0.0,0.0,0.8,0.0,0.0,0.0,0.0,0,2,3,0,5
1157187,0.33333333333333304,0.6000000000000001,1.0,1.0,0.0,0.5599888002239954,0.6666666666666666,0.6666666666666666,0.5,0.0,0.5909090909090909,0.6666666666666666,0.0,0.0,0.0,0.0,0.0,0.0,0.65,1.0,0.0,0.0,0.0,0,16,8,8,32
1157168,1.0,0.0,0.0,0.0,0.0,0.0,0.6666666666666666,0.6666666666666666,0.25,0.0,0.8181818181818182,1.0,0.0,0.3333333333333333,0.0,0.0,0.0,0.0,0.9,1.0,0.0,0.0,0.0,0,0,28,8,36
1130684,0.0,0.2,0.4666666666666667,1.0,0.0,0.39997200055998877,0.0,0.0,0.0,0.0,0.0,0.0,0.0,0.0,0.0,0.0,0.0,0.0,0.0,0.0,0.0,0.0,0.0,0,8,0,0,8
1130723,0.6666666666666665,0.05,0.06666666666666667,0.0,0.0,0.6999860002799944,0.6666666666666666,0.6666666666666666,0.08333333333333333,0.0,0.9090909090909092,0.6666666666666666,0.0,0.3333333333333333,0.0,0.0,0.0,0.5,1.0,0.0,0.0,0.0,0.0,0,1,24,0,25
1130714,0.0,0.2,0.3333333333333333,0.0,0.0,0.5599888002239954,1.0,1.0,1.0,0.0,0.2727272727272727,0.0,0.0,1.0,1.0,0.0,0.0,0.0,0.2,0.0,0.0,0.0,0.0,0,4,105,0,109
1130672,0.0,1.0,0.9333333333333333,1.0,1.0,1.0,1.0,1.0,0.25,0.0,1.0,0.6666666666666666,0.0,0.0,0.0,0.0,0.0,1.0,0.7330000000000001,0.0,0.0,0.0,0.0,2,32,3,0,35
