match_id,batting_position,runs,balls,fours,sixes,strike_rate,overs,total_balls,dots,maidens,conceded,fours_conceded,sixes_conceded,wickets,LBW,Bowled,noballs,wides,economy_rate,catches,stumping,direct_hit,indirect_hit,strike_rate_fp,batting_fp,bowling_fp,fielding_fp,total_fp
571249,0.75,0.5,1.0,0.0,0.0,0.2,0.3333333333333333,0.3333333333333333,0.09090909090909094,0.0,1.0,0.6666666666666666,1.0,1.0,0.0,0.0,0.0,0.0,1.0000000000000002,0.0,0.0,0.0,0.0,0,8,24,0,32
571247,0.0,0.0,0.0,0.0,0.0,1.0,0.6666666666666667,0.6666666666666667,0.18181818181818177,0.0,0.6666666666666665,0.3333333333333333,0.3333333333333333,1.0,0.0,0.0,0.0,0.0,0.2830000000000001,0.0,0.0,0.0,0.0,0,3,31,0,34
524944,0.75,0.30000000000000004,0.8571428571428572,0.0,0.0,0.14283999999999997,0.0,0.0,0.0,0.0,0.0,0.6666666666666666,0.0,0.0,0.0,0.0,0.0,0.0,0.35000000000000003,1.0,0.0,0.0,0.0,0,6,4,8,18
524935,0.75,0.0,0.7142857142857142,0.0,0.0,0.0,0.6666666666666667,0.6666666666666667,0.09090909090909094,0.0,0.9047619047619047,1.0,0.3333333333333333,0.0,0.0,0.0,0.0,0.0,0.45,0.0,0.0,0.0,0.0,0,3,5,0,8
524927,1.0,0.30000000000000004,0.2857142857142857,0.0,1.0,0.6000000000000001,1.0,1.0,1.0,0.0,0.5714285714285714,0.0,0.6666666666666666,1.0,0.0,0.0,0.0,1.0,0.04999999999999999,0.0,0.0,0.0,0.0,0,12,44,0,56
524924,0.75,1.0,0.5714285714285714,0.0,1.0,0.8400000000000001,0.3333333333333333,0.3333333333333333,0.09090909090909094,0.0,0.047619047619047616,0.0,0.0,0.0,0.0,0.0,0.0,0.0,0.0,0.0,0.0,0.0,0.0,0,19,11,0,30
