match_id,batting_position,runs,balls,fours,sixes,strike_rate,overs,total_balls,dots,maidens,conceded,fours_conceded,sixes_conceded,wickets,LBW,Bowled,noballs,wides,economy_rate,catches,stumping,direct_hit,indirect_hit,strike_rate_fp,batting_fp,bowling_fp,fielding_fp,total_fp
1142223,1.0,0.0,0.2,0.0,0.0,0.0,1.0,1.0,0.5,0.0,0.9999999999999999,1.0,0.0,0.0,0.0,0.0,0.0,0.0,0.2222222222222222,1.0,0.0,0.0,0.0,0,-2,12,16,26
1142215,0.5,0.25,0.4,0.0,0.0,0.625,0.0,0.0,0.0,0.0,0.9999999999999999,1.0,1.0,0.0,0.0,0.0,0.0,1.0,1.0,0.0,0.0,0.0,0.0,0,3,1,0,4
1142211,0.75,1.0,1.0,0.0,1.0,1.0,1.0,1.0,0.7142857142857143,0.0,0.8421052631578947,0.0,0.5,0.6000000000000001,0.5,0.0,0.0,0.0,0.18518518518518517,0.5,0.0,0.0,0.0,0,18,104,8,130
1142208,0.0,0.0,0.0,0.0,0.0,0.0,0.5556666666666665,0.5555555555555556,1.0,1.0,0.0,0.0,0.0,1.0,1.0,1.0,0.0,0.5,0.0,0.0,0.0,0.0,0.0,0,0,210,0,210
