match_id,batting_position,runs,balls,fours,sixes,strike_rate,overs,total_balls,dots,maidens,conceded,fours_conceded,sixes_conceded,wickets,LBW,Bowled,noballs,wides,economy_rate,catches,stumping,direct_hit,indirect_hit,strike_rate_fp,batting_fp,bowling_fp,fielding_fp,total_fp
1280292,1.0,0.0,0.0,0.0,0.0,0.0,1.0,1.0,0.75,0.0,1.0,1.0,0.0,0.0,0.0,0.0,0.0,0.0,0.7068965517241379,1.0,0.0,0.0,0.0,0,0,4,8,12
1205826,0.0,1.0,1.0,0.0,0.0,1.0,0.29175,0.29166666666666663,0.25,0.0,0.1951219512195122,0.14285714285714285,0.0,0.0,0.0,0.0,0.0,0.0,0.4731034482758621,0.0,0.0,0.0,0.0,0,1,2,0,3
1205808,0.0,0.0,0.0,0.0,0.0,0.0,0.79175,0.7916666666666666,1.0,0.0,0.5365853658536586,0.14285714285714285,0.5,1.0,0.0,1.0,0.0,1.0,0.4793103448275862,0.0,0.0,0.0,0.0,0,0,68,0,68
1205762,1.0,0.0,0.0,0.0,0.0,0.0,0.5,0.5,0.25,0.0,0.7073170731707318,0.42857142857142855,1.0,0.0,0.0,0.0,0.0,0.0,1.0,0.0,0.0,0.0,0.0,0,0,-4,0,-4
1205736,1.0,0.0,0.0,0.0,0.0,0.0,0.25,0.25,0.125,0.0,0.3170731707317073,0.14285714285714285,0.5,0.0,0.0,0.0,0.0,0.0,0.896551724137931,0.0,0.0,0.0,0.0,0,0,1,0,1
1205718,0.0,0.0,0.0,0.0,0.0,0.0,0.0,0.0,0.0,0.0,0.0,0.0,0.0,0.0,0.0,0.0,0.0,0.0,0.0,0.0,0.0,0.0,0.0,0,0,0,0,0
