match_id,batting_position,runs,balls,fours,sixes,strike_rate,overs,total_balls,dots,maidens,conceded,fours_conceded,sixes_conceded,wickets,LBW,Bowled,noballs,wides,economy_rate,catches,stumping,direct_hit,indirect_hit,strike_rate_fp,batting_fp,bowling_fp,fielding_fp,total_fp
1205857,0.25,0.0,0.0,0.0,0.0,0.0,0.0,0.0,0.0,0.0,0.22222222222222232,0.4,0.0,0.3333333333333333,0.0,0.0,0.5,0.0,0.5925925925925926,0.0,0.0,0.0,0.0,0,0,28,0,28
1205848,0.0,0.0,0.0,0.0,0.0,0.0,0.0,0.0,0.2857142857142858,0.0,0.4814814814814814,0.0,0.75,0.0,0.0,0.0,1.0,0.0,0.9377777777777778,1.0,0.0,0.0,0.0,0,0,1,8,9
1205841,0.5,0.9,1.0,0.0,1.0,0.5,1.0,1.0,0.2857142857142858,0.0,1.0,1.0,0.5,0.3333333333333333,0.0,0.0,0.0,1.0,1.0,0.0,0.0,0.0,0.0,0,15,26,0,41
1205827,1.0,0.0,0.0,0.0,0.0,0.0,1.0,1.0,0.0,0.0,0.37037037037037024,0.20000000000000007,0.25,1.0,0.0,1.0,0.5,0.0,0.37037037037037024,0.0,0.0,0.0,0.0,0,0,92,0,92
1205816,0.0,0.0,0.0,0.0,0.0,0.0,1.0,1.0,1.0,0.0,0.0,0.4,0.0,0.3333333333333333,0.0,0.0,0.0,0.5,0.0,1.0,0.0,0.0,0.0,0,0,39,8,47
1205799,0.5,0.0,0.0,0.0,0.0,0.0,1.0,1.0,0.4285714285714286,0.0,0.7037037037037037,0.0,1.0,0.6666666666666666,1.0,0.0,0.0,0.0,0.7037037037037037,1.0,0.0,0.0,0.0,0,0,64,8,72
1205773,0.5,1.0,0.5555555555555556,0.0,1.0,1.0,1.0,1.0,0.4285714285714286,0.0,0.5555555555555556,0.20000000000000007,0.5,0.3333333333333333,0.0,0.0,0.0,0.0,0.5555555555555556,0.0,0.0,0.0,0.0,0,16,33,0,49
