match_id,batting_position,runs,balls,fours,sixes,strike_rate,overs,total_balls,dots,maidens,conceded,fours_conceded,sixes_conceded,wickets,LBW,Bowled,noballs,wides,economy_rate,catches,stumping,direct_hit,indirect_hit,strike_rate_fp,batting_fp,bowling_fp,fielding_fp,total_fp
1336956,1.0,0.9999999999999999,0.9999999999999999,0.0,1.0,0.24926816851215472,0.0,0.0,0.0,0.0,0.0,0.0,0.0,0.0,0.0,0.0,0.0,0.0,0.0,0.0,0.0,0.0,0.0,-2,25,0,0,25
1336951,0.0,0.5789473684210525,0.0,1.0,0.0,1.0,0.6666666666666666,0.6666666666666666,1.0,0.0,0.5,0.3333333333333333,0.0,1.0,0.0,0.0,0.0,0.0,0.7502679528403001,1.0,0.0,1.0,0.0,0,25,31,20,76
1336952,0.0,0.0,0.0,0.0,0.0,0.0,1.0,1.0,1.0,0.0,1.0,1.0,0.0,1.0,0.0,0.0,0.0,0.0,1.0,0.0,0.0,0.0,1.0,0,2,29,6,37
