match_id,batting_position,runs,balls,fours,sixes,strike_rate,overs,total_balls,dots,maidens,conceded,fours_conceded,sixes_conceded,wickets,LBW,Bowled,noballs,wides,economy_rate,catches,stumping,direct_hit,indirect_hit,strike_rate_fp,batting_fp,bowling_fp,fielding_fp,total_fp
1321299,0.5555555555555556,0.0,0.0,0.0,0.0,0.0,1.0,1.0,1.0,0.0,1.0,1.0,1.0,0.5,0.0,0.0,0.0,1.0,0.03433476394849766,1.0,0.0,0.0,0.0,0,1,36,8,45
1321296,1.0,0.05,0.0,0.0,0.0,0.5751250646886321,0.0,0.0,0.1,0.0,0.0,1.0,0.5,0.5,0.0,0.5,0.0,0.0,0.9999999999999996,0.0,0.0,0.0,0.0,0,2,35,0,37
1321291,0.5555555555555556,1.0,1.0,1.0,1.0,1.0,0.6000000000000001,0.6,0.7000000000000001,0.0,0.5,0.0,1.0,1.0,0.0,1.0,0.0,0.6000000000000001,0.0,0.0,0.0,0.0,0.0,0,31,74,0,105
1321286,0.0,0.4,0.9500000000000001,1.0,0.0,0.1307572882525444,0.19999999999999996,0.20000000000000007,0.0,0.0,0.0625,1.0,0.0,0.0,0.0,0.0,0.0,0.0,0.14163090128755362,1.0,0.0,0.0,0.0,-6,7,1,8,16
