match_id,batting_position,runs,balls,fours,sixes,strike_rate,overs,total_balls,dots,maidens,conceded,fours_conceded,sixes_conceded,wickets,LBW,Bowled,noballs,wides,economy_rate,catches,stumping,direct_hit,indirect_hit,strike_rate_fp,batting_fp,bowling_fp,fielding_fp,total_fp
463142,0.0,0.08333333333333333,0.6000000000000001,0.0,0.0,0.138875,0.5,0.5,0.0,0.0,0.48275862068965514,0.3333333333333333,0.5,0.0,0.0,0.0,0.0,0.0,0.9655172413793103,0.0,0.0,0.0,0.0,0,1,0,0,1
463141,0.0,1.0,1.0,1.0,1.0,1.0,0.5,0.5,0.0,0.0,0.41379310344827586,0.6666666666666666,0.0,0.0,0.0,0.0,0.0,0.0,0.8275862068965517,0.0,0.0,0.0,0.0,0,22,0,0,22
287858,1.0,0.0,0.0,0.0,0.0,0.0,1.0,1.0,1.0,0.0,1.0,1.0,1.0,0.0,0.0,0.0,0.0,1.0,1.0,0.0,0.0,0.0,0.0,0,0,-3,0,-3
287856,0.6666666666666665,0.0,0.0,0.0,0.0,0.0,0.0,0.0,0.0,0.0,0.0,0.0,0.0,0.0,0.0,0.0,0.0,0.0,0.0,0.0,0.0,0.0,0.0,0,0,0,0,0
