match_id,batting_position,runs,balls,fours,sixes,strike_rate,overs,total_balls,dots,maidens,conceded,fours_conceded,sixes_conceded,wickets,LBW,Bowled,noballs,wides,economy_rate,catches,stumping,direct_hit,indirect_hit,strike_rate_fp,batting_fp,bowling_fp,fielding_fp,total_fp
1280271,0.0,1.0,0.7142857142857142,1.0,0.0,1.0,1.0,1.0,1.0,0.0,1.0,1.0,0.0,0.0,0.0,0.0,0.0,0.0,0.44499999999999984,0.0,0.0,0.0,0.0,0,11,0,0,11
1244379,0.0,0.14285714285714285,0.14285714285714285,0.0,0.0,0.7142857142857143,0.0,0.0,0.0,0.0,0.0,0.0,0.0,0.0,0.0,0.0,0.0,1.0,0.0,0.0,0.0,0.0,0.0,0,1,0,0,1
1205826,0.0,1.0,1.0,1.0,0.0,0.7142857142857143,0.5,0.5,1.0,0.0,0.8076923076923078,0.5714285714285714,1.0,0.0,0.0,0.0,0.0,0.0,1.0,0.0,0.0,0.0,0.0,0,11,-2,0,9
1205808,1.0,0.0,0.0,0.0,0.0,0.0,0.5,0.5,0.75,0.0,0.3846153846153847,0.42857142857142855,0.0,0.0,0.0,0.0,0.0,0.0,0.08333333333333326,0.0,0.0,0.0,0.0,0,0,3,0,3
