match_id,batting_position,runs,balls,fours,sixes,strike_rate,overs,total_balls,dots,maidens,conceded,fours_conceded,sixes_conceded,wickets,LBW,Bowled,noballs,wides,economy_rate,catches,stumping,direct_hit,indirect_hit,strike_rate_fp,batting_fp,bowling_fp,fielding_fp,total_fp
1462910,0.0,0.09090909090909091,0.34782608695652173,0.0,0.0,0.19444660496227736,1.0,1.0,0.375,0.0,1.0,1.0,0.0,1.0,0.0,1.0,0.0,1.0,0.31315240083507306,1.0,0.0,0.0,1.0,0,2,36,14,52
1462901,0.4285714285714286,0.8181818181818182,0.6086956521739131,0.5,1.0,1.0,0.0,0.0,0.0,0.0,0.0,0.0,0.0,0.0,0.0,0.0,0.0,0.0,0.0,0.0,0.0,0.0,0.0,0,28,0,0,28
1462897,0.7142857142857142,0.3181818181818182,0.7391304347826086,0.5,0.0,0.3202924476938633,0.0835,0.08333333333333333,0.0,0.0,0.26666666666666666,1.0,0.0,0.0,0.0,0.0,0.0,0.0,1.0,0.0,0.0,0.0,0.0,-6,5,0,0,5
1462895,0.2857142857142857,1.0,1.0,1.0,1.0,0.7439527105856732,1.0,1.0,1.0,0.0,0.26666666666666666,0.0,0.0,1.0,0.0,1.0,0.0,0.0,0.08350730688935282,0.0,0.0,0.0,0.0,0,36,47,0,83
1462888,1.0,0.0,0.0,0.0,0.0,0.0,0.0,0.0,0.0,0.0,0.0,0.0,0.0,0.0,0.0,0.0,0.0,0.0,0.0,0.0,0.0,0.0,0.0,0,0,0,0,0
1462882,0.4285714285714286,0.0,0.13043478260869565,0.0,0.0,0.0,0.0,0.0,0.0,0.0,0.0,0.0,0.0,0.0,0.0,0.0,0.0,0.0,0.0,0.0,0.0,0.0,0.0,0,-2,0,0,-2
1462877,0.4285714285714286,0.13636363636363635,0.21739130434782608,0.0,0.0,0.4666718519094657,0.0,0.0,0.0,0.0,0.0,0.0,0.0,0.0,0.0,0.0,0.0,0.0,0.0,0.0,0.0,0.0,0.0,0,3,0,0,3
