match_id,batting_position,runs,balls,fours,sixes,strike_rate,overs,total_balls,dots,maidens,conceded,fours_conceded,sixes_conceded,wickets,LBW,Bowled,noballs,wides,economy_rate,catches,stumping,direct_hit,indirect_hit,strike_rate_fp,batting_fp,bowling_fp,fielding_fp,total_fp
1462930,0.0,0.0,0.0,0.0,0.0,0.0,0.3333333333333333,0.3333333333333333,1.0,0.0,0.2222222222222222,0.0,0.0,0.0,0.0,0.0,0.0,1.0000000000000002,0.0,0.0,0.0,0.0,0.0,0,0,5,0,5
1462919,1.0,0.0,0.0,0.0,0.0,0.0,1.0,1.0,1.0,0.0,0.9999999999999999,1.0,1.0,1.0,0.0,0.0,0.0,0.8,1.0000000000000004,0.0,0.0,0.0,0.0,0,0,51,0,51
1462912,1.0,0.0,1.0,0.0,0.0,0.0,0.0,0.0,0.0,0.0,0.0,0.3333333333333333,0.0,0.0,0.0,0.0,0.0,0.0,0.3999999999999999,0.0,0.0,0.0,0.0,0,-2,3,0,1
