match_id,batting_position,runs,balls,fours,sixes,strike_rate,overs,total_balls,dots,maidens,conceded,fours_conceded,sixes_conceded,wickets,LBW,Bowled,noballs,wides,economy_rate,catches,stumping,direct_hit,indirect_hit,strike_rate_fp,batting_fp,bowling_fp,fielding_fp,total_fp
1462908,0.5,1.0,1.0,0.0,0.0,1.0,0.0,0.0,0.0,0.0,0.7500000000000002,1.0,0.0,0.0,0.0,0.0,0.0,0.0,0.7500000000000002,0.0,0.0,0.0,0.0,0,2,32,0,34
1462905,1.0,0.0,0.25,0.0,0.0,0.0,0.0,0.0,0.4,0.0,0.7000000000000002,1.0,0.0,0.5,1.0,0.5,0.0,0.2857142857142857,0.7000000000000002,0.0,0.0,0.0,0.0,0,-2,79,0,77
1462900,1.0,0.0,0.0,0.0,0.0,0.0,0.0,0.0,0.9000000000000001,1.0,0.2,1.0,0.0,0.0,0.0,0.5,0.0,0.14285714285714285,0.2,1.0,0.0,0.0,0.0,0,0,65,8,73
1462898,0.0,0.0,0.0,0.0,0.0,0.0,0.0,0.0,1.0,0.0,0.0,0.0,0.0,0.0,0.0,0.0,0.0,0.0,0.0,0.0,0.0,0.0,0.0,0,0,46,0,46
1462892,0.0,0.0,0.0,0.0,0.0,0.0,0.0,0.0,0.8,0.0,0.35000000000000003,0.0,0.0,1.0,0.0,1.0,0.0,1.0,0.35000000000000003,0.0,0.0,0.0,0.0,0,0,114,0,114
1462888,0.5,0.0,0.25,0.0,0.0,0.0,0.0,0.0,0.5,0.0,1.0000000000000002,0.0,1.0,0.5,0.0,0.5,0.0,0.42857142857142855,1.0000000000000002,0.0,0.0,0.0,0.0,0,-2,68,0,66
