match_id,batting_position,runs,balls,fours,sixes,strike_rate,overs,total_balls,dots,maidens,conceded,fours_conceded,sixes_conceded,wickets,LBW,Bowled,noballs,wides,economy_rate,catches,stumping,direct_hit,indirect_hit,strike_rate_fp,batting_fp,bowling_fp,fielding_fp,total_fp
1410426,0.0,0.0,0.0,0.0,0.0,0.0,0.5,0.5,0.42857142857142855,0.0,0.3684210526315789,0.5,0.0,0.0,0.0,0.0,0.0,0.0,0.6776379477250726,0.0,0.0,0.0,0.0,0,0,5,0,5
1410399,0.0,0.0,1.0,0.0,0.0,0.0,1.0,1.0,1.0,0.0,1.0,1.0,1.0,0.6666666666666666,0.0,0.0,0.0,0.0,0.9196515004840271,0.0,0.0,0.0,0.0,0,0,57,0,57
1347699,0.0,0.0,0.0,0.0,0.0,0.0,0.0,0.0,0.0,0.0,0.0,0.0,0.0,0.0,0.0,0.0,0.0,0.0,0.0,0.0,0.0,0.0,0.0,0,0,0,0,0
1347674,0.0,0.0,0.0,0.0,0.0,0.0,0.75,0.75,0.7142857142857142,0.0,0.8157894736842105,0.5,0.6666666666666666,0.3333333333333333,0.0,1.0,0.0,1.0,1.0,0.0,0.0,0.0,0.0,0,0,36,0,36
1347663,0.0,0.0,0.0,0.0,0.0,0.0,0.5,0.5,0.42857142857142855,0.0,0.47368421052631576,0.5,0.3333333333333333,0.0,0.0,0.0,0.0,0.0,0.8712487899322362,1.0,0.0,0.0,0.0,0,0,3,8,11
1347635,0.0,0.0,0.0,0.0,0.0,0.0,1.0,1.0,1.0,0.0,0.6842105263157894,0.5,0.3333333333333333,1.0,0.0,0.0,0.0,0.0,0.6292352371732817,0.0,0.0,0.0,0.0,0,0,88,0,88
1347623,0.0,0.0,0.0,0.0,0.0,0.0,0.5,0.5,0.2857142857142857,0.0,0.5,1.0,0.0,0.0,0.0,0.0,0.0,0.4,0.9196515004840271,0.0,0.0,0.0,0.0,0,0,2,0,2
