match_id,batting_position,runs,balls,fours,sixes,strike_rate,overs,total_balls,dots,maidens,conceded,fours_conceded,sixes_conceded,wickets,LBW,Bowled,noballs,wides,economy_rate,catches,stumping,direct_hit,indirect_hit,strike_rate_fp,batting_fp,bowling_fp,fielding_fp,total_fp
1208612,0.5714285714285714,0.5454545454545454,0.25,1.0,0.0,1.0,0.5,0.5,0.7777777777777777,0.0,0.22641509433962265,0.0,0.0,0.0,0.0,0.0,0.0,1.0,0.4528301886792453,0.0,0.0,0.0,0.0,0,10,9,0,19
1208606,0.0,1.0,1.0,1.0,0.0,0.4583333333333333,1.0,1.0,1.0,0.0,1.0,1.0,1.0,0.25,0.0,0.0,0.0,0.8333333333333333,1.0,0.0,0.0,0.0,0.0,-4,11,28,0,39
1160961,0.9999999999999999,0.0,0.05,0.0,0.0,0.0,1.0,1.0,0.8888888888888888,0.0,0.43396226415094336,0.3333333333333333,0.0,1.0,0.0,0.0,0.0,0.16666666666666666,0.43396226415094336,1.0,0.0,0.0,0.0,0,-2,120,8,126
1160958,0.7142857142857143,0.09090909090909091,0.4,0.0,0.0,0.10416666666666667,0.5,0.5,0.6666666666666666,0.0,0.24528301886792453,0.0,0.25,0.0,0.0,0.0,0.0,0.0,0.49056603773584906,0.0,0.0,0.0,0.0,0,1,8,0,9
1160948,0.2857142857142857,0.0,0.0,0.0,0.0,0.0,0.0,0.0,0.0,0.0,0.0,0.0,0.0,0.0,0.0,0.0,0.0,0.0,0.0,0.0,0.0,0.0,0.0,0,0,0,0,0
