match_id,batting_position,runs,balls,fours,sixes,strike_rate,overs,total_balls,dots,maidens,conceded,fours_conceded,sixes_conceded,wickets,LBW,Bowled,noballs,wides,economy_rate,catches,stumping,direct_hit,indirect_hit,strike_rate_fp,batting_fp,bowling_fp,fielding_fp,total_fp
1320982,0.25,0.0,0.8,0.0,0.0,0.0,0.0,0.0,0.0,0.0,0.0,0.0,0.0,0.0,0.0,0.0,0.0,0.0,0.0,0.0,0.0,0.0,0.0,0,-2,1,0,-1
1320980,0.0,1.0,0.4,0.0,0.0,1.0,1.0,1.0,0.7272727272727273,0.0,0.8928571428571428,1.0,1.0,1.0,0.0,1.0,0.0,0.0,0.7692307692307694,0.0,0.0,0.0,0.0,0,1,104,0,105
1320976,0.25,1.0,1.0,0.0,0.0,0.4,1.0,1.0,0.9999999999999999,0.0,0.7142857142857142,0.6666666666666666,1.0,0.6666666666666666,1.0,0.5,1.0,0.0,0.3846153846153846,0.0,0.0,0.0,0.0,0,1,80,0,81
1320969,1.0,0.0,0.0,0.0,0.0,0.0,1.0,1.0,0.6363636363636364,0.0,1.0,1.0,1.0,0.3333333333333333,0.0,0.5,0.0,1.0,1.0000000000000002,0.0,0.0,0.0,0.0,0,0,41,0,41
