match_id,batting_position,runs,balls,fours,sixes,strike_rate,overs,total_balls,dots,maidens,conceded,fours_conceded,sixes_conceded,wickets,LBW,Bowled,noballs,wides,economy_rate,catches,stumping,direct_hit,indirect_hit,strike_rate_fp,batting_fp,bowling_fp,fielding_fp,total_fp
530361,0.0,0.2571428571428571,0.2173913043478261,0.6666666666666666,0.0,0.655466930189878,0.0,0.0,0.0,0.0,0.0,0.0,0.0,0.0,0.0,0.0,0.0,0.0,0.0,0.0,0.0,0.0,0.0,0,18,0,0,18
530356,0.0,0.9999999999999999,0.9565217391304348,1.0,0.3333333333333333,0.7058657443354274,0.0,0.0,0.0,0.0,0.0,0.0,0.0,0.0,0.0,0.0,0.0,0.0,0.0,0.0,0.0,0.0,0.0,0,58,0,0,58
530354,0.8333333333333333,0.39999999999999997,0.43478260869565216,0.6666666666666666,0.0,0.5293993082515706,0.0,0.0,0.0,0.0,0.0,0.0,0.0,0.0,0.0,0.0,0.0,0.0,0.0,0.0,0.0,0.0,0.0,0,23,0,0,23
530336,0.8333333333333333,0.9999999999999999,1.0,0.3333333333333333,1.0,0.6635137996753019,0.0,0.0,0.0,0.0,0.0,0.0,0.0,0.0,0.0,0.0,0.0,0.0,0.0,1.0,0.0,0.0,0.0,2,64,0,8,72
530335,1.0,0.45714285714285713,0.826086956521739,0.0,0.0,0.21846544787181477,0.0,0.0,0.0,0.0,0.0,0.0,0.0,0.0,0.0,0.0,0.0,0.0,0.0,0.0,0.0,0.0,0.0,0,17,0,0,17
530327,0.8333333333333333,0.6285714285714286,0.43478260869565216,1.0,0.3333333333333333,0.9999999999999999,0.0,0.0,0.0,0.0,0.0,0.0,0.0,0.0,0.0,0.0,0.0,0.0,0.0,1.0,0.0,0.0,0.0,6,47,0,8,55
530325,0.8333333333333333,0.0,0.0,0.0,0.0,0.0,0.0,0.0,0.0,0.0,0.0,0.0,0.0,0.0,0.0,0.0,0.0,0.0,0.0,0.0,0.0,0.0,0.0,0,1,0,0,1
530324,0.8333333333333333,0.7142857142857143,0.7391304347826086,0.6666666666666666,0.0,0.6129738123808852,0.0,0.0,0.0,0.0,0.0,0.0,0.0,0.0,0.0,0.0,0.0,0.0,0.0,0.0,1.0,0.0,0.0,2,40,0,12,52
