match_id,batting_position,runs,balls,fours,sixes,strike_rate,overs,total_balls,dots,maidens,conceded,fours_conceded,sixes_conceded,wickets,LBW,Bowled,noballs,wides,economy_rate,catches,stumping,direct_hit,indirect_hit,strike_rate_fp,batting_fp,bowling_fp,fielding_fp,total_fp
1284496,0.25,0.0,0.07142857142857142,0.0,0.0,0.0,1.0,1.0,0.909090909090909,0.0,0.1707317073170732,0.16666666666666666,0.3333333333333333,0.6666666666666666,0.0,0.0,0.0,1.0,0.1707317073170732,1.0,0.0,0.0,0.0,0,0,66,8,74
1284493,0.0,1.0,0.5714285714285714,1.0,1.0,1.0,1.0,1.0,1.0,0.0,0.0,0.16666666666666666,0.0,1.0,0.0,1.0,0.0,0.0,0.0,0.0,0.0,0.0,0.0,0,43,122,0,165
1284490,0.5,0.5652173913043478,1.0,1.0,0.0,0.3229913043478261,0.0,0.0,0.09090909090909088,0.0,0.3170731707317074,1.0,0.0,0.3333333333333333,0.0,0.0,1.0,0.0,1.0,0.0,0.0,0.0,0.0,0,21,22,0,43
1215163,1.0,0.08695652173913043,0.3571428571428571,0.0,0.0,0.1391304347826087,1.0,1.0,0.0,0.0,1.0,0.8333333333333333,1.0,0.0,0.0,0.0,0.0,0.0,1.0,0.0,0.0,0.0,0.0,0,2,-4,0,-2
1215161,0.75,0.0,0.0,0.0,0.0,0.0,1.0,1.0,0.5454545454545454,0.0,0.2195121951219513,0.0,0.3333333333333333,0.0,0.0,0.0,0.0,1.0,0.2195121951219513,0.0,0.0,0.0,0.0,0,0,10,0,10
