match_id,batting_position,runs,balls,fours,sixes,strike_rate,overs,total_balls,dots,maidens,conceded,fours_conceded,sixes_conceded,wickets,LBW,Bowled,noballs,wides,economy_rate,catches,stumping,direct_hit,indirect_hit,strike_rate_fp,batting_fp,bowling_fp,fielding_fp,total_fp
1250354,1.0,0.0,0.0,0.0,0.0,0.0,0.7501875468867216,0.75,0.0,0.0,1.0,0.5,1.0,0.0,0.0,0.0,0.0,0.0,1.0,1.0,0.0,0.0,0.0,0,0,-3,8,5
1250333,0.5,1.0,0.6000000000000001,1.0,0.0,1.0,0.7501875468867216,0.75,0.0,0.0,0.7241379310344828,1.0,0.25,0.0,0.0,0.0,0.0,0.0,0.6371077762619372,0.0,0.0,0.0,0.0,0,9,-1,0,8
1250326,0.0,0.6000000000000001,1.0,0.0,0.0,0.35999280014399715,1.0,1.0,1.0,0.0,0.3793103448275862,0.0,0.25,0.0,0.0,0.0,0.0,0.0,0.068212824010914,0.0,0.0,0.0,0.0,0,3,7,0,10
1250316,0.0,0.6000000000000001,1.0,0.0,0.0,0.35999280014399715,0.0,0.0,0.5,0.0,0.0,0.0,0.0,0.0,0.0,0.0,0.0,0.0,0.0,0.0,0.0,0.0,0.0,0,3,7,0,10
