match_id,batting_position,runs,balls,fours,sixes,strike_rate,overs,total_balls,dots,maidens,conceded,fours_conceded,sixes_conceded,wickets,LBW,Bowled,noballs,wides,economy_rate,catches,stumping,direct_hit,indirect_hit,strike_rate_fp,batting_fp,bowling_fp,fielding_fp,total_fp
1459377,0.5,0.0,0.15999999999999998,0.0,0.0,0.0,0.0,0.0,0.1818181818181818,0.0,0.03508771929824561,0.0,0.0,0.0,0.0,0.0,0.0,0.2,0.20512820512820507,0.0,0.0,0.0,0.0,0,-2,3,0,1
1459385,0.5,1.0,1.0,1.0,0.0,0.7408,0.0,0.0,0.09090909090909091,0.0,0.0,0.0,0.0,1.0,0.0,1.0,0.0,0.0,0.0,0.0,0.0,0.0,0.0,-6,12,35,0,47
1459382,1.0,0.0,0.12000000000000001,0.0,0.0,0.0,0.0,0.0,0.0,0.0,0.08771929824561403,0.25,0.0,0.0,0.0,0.0,0.0,0.0,0.5128205128205128,0.0,0.0,0.0,0.0,0,-2,1,0,-1
1459387,0.0,0.0,0.0,0.0,0.0,0.0,1.0,1.0,0.09090909090909091,0.0,0.9999999999999999,1.0,1.0,0.0,0.0,0.0,0.0,1.0,1.0,0.0,0.0,0.0,0.0,0,-2,-4,0,-6
1459375,1.0,0.30000000000000004,0.15999999999999998,0.0,0.0,1.0,1.0,1.0,0.9999999999999999,0.0,0.4035087719298246,0.75,0.0,1.0,0.0,1.0,0.0,0.5,0.1282051282051282,0.0,0.0,0.0,0.0,0,3,45,0,48
