match_id,batting_position,runs,balls,fours,sixes,strike_rate,overs,total_balls,dots,maidens,conceded,fours_conceded,sixes_conceded,wickets,LBW,Bowled,noballs,wides,economy_rate,catches,stumping,direct_hit,indirect_hit,strike_rate_fp,batting_fp,bowling_fp,fielding_fp,total_fp
1155316,1.0,1.0,1.0,1.0,0.0,0.3290206354405503,0.0,0.0,0.7999999999999998,0.0,0.0,0.0,1.0,0.0,0.0,1.0,0.0,0.0,0.0,0.0,0.0,0.0,0.0,-4,19,45,0,64
1155308,0.33333333333333304,0.6923076923076924,0.0,0.5,0.0,1.0,0.0,0.0,1.0,0.0,0.0714285714285714,0.0,0.0,0.0,0.0,1.0,0.0,0.3333333333333333,0.0714285714285714,0.0,0.0,0.0,0.0,0,15,46,0,61
1155310,0.0,0.0,0.26315789473684204,0.0,0.0,0.0,0.0,0.0,0.0,0.0,0.9999999999999998,0.0,1.0,0.0,0.0,0.0,0.0,1.0,0.9999999999999998,0.0,0.0,0.0,0.0,-6,-4,31,0,27
