match_id,batting_position,runs,balls,fours,sixes,strike_rate,overs,total_balls,dots,maidens,conceded,fours_conceded,sixes_conceded,wickets,LBW,Bowled,noballs,wides,economy_rate,catches,stumping,direct_hit,indirect_hit,strike_rate_fp,batting_fp,bowling_fp,fielding_fp,total_fp
1176796,0.6666666666666665,0.0,0.0,0.0,0.0,0.0,0.0,0.0,0.0,0.0,0.2,0.75,0.0,0.0,0.0,0.0,0.0,0.0,0.65,0.0,0.0,0.0,0.0,0,0,4,0,4
1176794,0.3333333333333335,0.0,0.0,0.0,0.0,0.0,1.0,1.0,0.9166666666666667,0.0,0.125,0.25,0.0,0.25,0.0,0.0,0.0,1.0,0.125,0.0,0.0,0.0,0.0,0,0,46,0,46
1176793,0.6666666666666665,0.0,0.0,0.0,0.0,0.0,0.0,0.0,0.16666666666666669,0.0,0.15000000000000002,0.25,0.3333333333333333,0.0,0.0,0.0,1.0,0.5,0.55,0.0,0.0,0.0,0.0,0,0,6,0,6
1155282,1.0,0.0,0.0,0.0,0.0,0.0,0.8334999999999999,0.8333333333333333,0.5833333333333333,1.0,0.4750000000000001,0.5,0.6666666666666666,0.75,0.0,0.0,0.0,0.5,0.541,0.0,0.0,0.0,0.0,0,0,102,0,102
1155279,1.0,0.0,0.0,0.0,0.0,0.0,1.0,1.0,0.8333333333333333,0.0,0.0,0.0,0.0,1.0,1.0,0.0,0.0,0.5,0.0,0.0,0.0,0.0,0.0,0,0,136,0,136
1155280,0.0,0.0,0.0,0.0,0.0,0.0,0.6665000000000001,0.6666666666666665,1.0,1.0,0.025000000000000022,0.5,0.0,0.5,0.0,0.0,0.0,0.5,0.08000000000000002,0.0,0.0,0.0,0.0,0,0,84,0,84
1155277,1.0,0.1,0.5,0.0,0.0,0.19997600047999042,1.0,1.0,0.08333333333333331,0.0,1.0,1.0,1.0,0.25,0.0,1.0,0.0,0.0,1.0,1.0,0.0,0.0,0.0,0,1,32,8,41
1155275,1.0,1.0,1.0,1.0,0.0,1.0,1.0,1.0,0.24999999999999994,0.0,0.55,0.75,0.3333333333333333,0.25,0.0,0.0,0.0,0.0,0.55,1.0,0.0,0.0,0.0,0,18,32,8,58
