match_id,batting_position,runs,balls,fours,sixes,strike_rate,overs,total_balls,dots,maidens,conceded,fours_conceded,sixes_conceded,wickets,LBW,Bowled,noballs,wides,economy_rate,catches,stumping,direct_hit,indirect_hit,strike_rate_fp,batting_fp,bowling_fp,fielding_fp,total_fp
387564,1.0,1.0,1.0,0.0,0.0,1.0,1.0,1.0,0.0,0.0,1.0,1.0,1.0,1.0,0.0,1.0,1.0,0.0,1.0,1.0,0.0,0.0,0.0,0,1,32,8,41
387563,1.0,0.0,0.0,0.0,0.0,0.0,0.0,0.0,0.4285714285714286,0.0,0.0625,0.20000000000000007,0.6666666666666666,1.0,1.0,0.0,0.0,0.3333333333333333,0.2711111111111113,0.0,0.0,0.0,0.0,0,0,39,0,39
225263,0.0,0.0,1.0,0.0,0.0,0.0,0.0,0.0,0.7142857142857142,0.0,0.0,0.6,0.0,0.0,0.0,0.0,0.5,1.0,0.17333333333333334,0.0,0.0,0.0,0.0,0,0,10,0,10
225271,1.0,0.0,0.0,0.0,0.0,0.0,1.0,1.0,1.0,0.0,0.15625,0.0,0.6666666666666666,1.0,0.0,0.0,1.0,0.0,0.0,0.0,0.0,0.0,0.0,0,0,37,0,37
