match_id,batting_position,runs,balls,fours,sixes,strike_rate,overs,total_balls,dots,maidens,conceded,fours_conceded,sixes_conceded,wickets,LBW,Bowled,noballs,wides,economy_rate,catches,stumping,direct_hit,indirect_hit,strike_rate_fp,batting_fp,bowling_fp,fielding_fp,total_fp
1244326,0.6666666666666667,0.3333333333333333,0.3571428571428571,0.0,0.0,0.30000750018750466,0.0,0.0,0.0,0.0,0.0,0.0,0.0,0.0,0.0,0.0,0.0,0.0,0.0,0.0,0.0,0.0,0.0,0,2,2,0,4
1244308,1.0,0.0,0.0,0.0,0.0,0.0,1.0,1.0,1.0,0.0,1.0,1.0,1.0,0.5,0.0,0.0,0.0,0.2,1.0,0.0,0.0,0.0,0.0,0,0,33,0,33
1157158,0.0,1.0,1.0,0.0,0.0,0.32145803645091126,0.052731291443006034,0.05263157894736842,0.0,0.0,0.16216216216216217,0.0,0.3333333333333333,0.0,0.0,0.0,0.0,0.0,0.84375,0.0,0.0,0.0,0.0,-6,0,2,0,2
1157141,0.6666666666666667,0.6666666666666666,0.21428571428571427,1.0,0.0,1.0,1.0,1.0,0.5,0.0,0.8108108108108107,0.6666666666666666,0.3333333333333333,1.0,1.0,0.0,0.0,1.0,0.7265625,0.0,0.0,0.0,0.0,0,8,72,0,80
1157124,1.0,0.0,0.0,0.0,0.0,0.0,1.0,1.0,0.25,0.0,0.9189189189189189,0.6666666666666666,0.3333333333333333,0.5,0.0,0.0,1.0,0.4,0.8828125,0.0,0.0,0.0,0.0,0,0,29,0,29
1157104,0.5,0.8333333333333333,0.7142857142857142,0.0,0.0,0.3750093752343808,1.0,1.0,0.875,0.0,0.7027027027027026,0.3333333333333333,0.3333333333333333,1.0,0.5,0.0,0.0,1.0,0.5703125,0.0,0.0,0.0,0.0,-4,1,67,0,68
