match_id,batting_position,runs,balls,fours,sixes,strike_rate,overs,total_balls,dots,maidens,conceded,fours_conceded,sixes_conceded,wickets,LBW,Bowled,noballs,wides,economy_rate,catches,stumping,direct_hit,indirect_hit,strike_rate_fp,batting_fp,bowling_fp,fielding_fp,total_fp
1321277,1.0,0.0,0.0,0.0,0.0,0.0,0.45444626295690127,0.4545454545454546,0.25,0.0,0.0,0.0,0.0,1.0,0.0,1.0,0.0,0.0,0.020000000000000018,0.0,0.0,0.0,0.0,0,-2,48,0,46
1321272,0.0,0.0,0.0,0.0,0.0,0.0,1.0,0.9999999999999998,0.0,0.0,0.9999999999999999,1.0,0.0,1.0,0.0,0.0,0.0,0.3333333333333333,1.0,1.0,0.0,0.0,0.0,0,-2,32,8,38
1321267,1.0,1.0,1.0,1.0,1.0,1.0,1.0,0.9999999999999998,1.0,0.0,0.1578947368421052,0.5,0.0,1.0,0.0,0.0,0.0,1.0,0.0,0.0,0.0,0.0,0.0,0,40,46,0,86
1321262,1.0,0.23076923076923078,0.2647058823529412,1.0,0.0,0.7553309332594849,0.0,0.0,0.125,0.0,0.21052631578947367,1.0,0.0,0.0,0.0,0.0,0.0,0.6666666666666666,0.8025,1.0,0.0,0.0,0.0,-4,6,10,8,24
