match_id,batting_position,runs,balls,fours,sixes,strike_rate,overs,total_balls,dots,maidens,conceded,fours_conceded,sixes_conceded,wickets,LBW,Bowled,noballs,wides,economy_rate,catches,stumping,direct_hit,indirect_hit,strike_rate_fp,batting_fp,bowling_fp,fielding_fp,total_fp
1470190,0.0,1.0,1.0,0.0,1.0,1.0,0.3333333333333333,0.3333333333333333,0.2222222222222222,0.0,0.6153846153846154,0.0,0.5,0.0,0.0,0.0,1.0,0.0,0.6153846153846154,1.0,0.0,0.0,0.0,0,27,2,8,37
1470191,1.0,0.0,0.6666666666666666,0.0,0.0,0.0,0.0,0.0,0.0,0.0,0.0,0.0,0.0,0.0,0.0,0.0,0.0,0.0,0.0,1.0,0.0,0.0,0.0,0,-2,0,8,6
1470188,0.33333333333333304,0.0,0.0,0.0,0.0,0.0,0.3333333333333333,0.3333333333333333,0.0,0.0,1.0,0.0,1.0,0.0,0.0,0.0,0.0,0.0,1.0,1.0,0.0,0.0,0.0,0,0,0,8,8
1470187,1.0,0.0,0.0,0.0,0.0,0.0,1.0,1.0,1.0,0.0,0.576923076923077,1.0,0.0,1.0,0.0,0.0,1.0,0.0,0.19230769230769232,0.0,0.0,0.0,0.0,0,0,92,0,92
