match_id,batting_position,runs,balls,fours,sixes,strike_rate,overs,total_balls,dots,maidens,conceded,fours_conceded,sixes_conceded,wickets,LBW,Bowled,noballs,wides,economy_rate,catches,stumping,direct_hit,indirect_hit,strike_rate_fp,batting_fp,bowling_fp,fielding_fp,total_fp
1436494,0.6666666666666665,0.0,1.0,0.0,0.0,0.0,1.0,1.0,0.6666666666666666,0.0,1.0,1.0,0.0,1.0,0.0,0.0,0.0,1.0,0.6071428571428571,0.0,0.0,0.0,0.0,0,0,27,0,27
1436490,0.6666666666666665,0.0,0.0,0.0,0.0,0.0,0.0,0.0,0.0,0.0,0.0,0.0,0.0,0.0,0.0,0.0,0.0,0.0,0.0,0.5,0.0,0.0,0.0,0,0,0,8,8
1436483,0.6666666666666665,0.0,0.0,0.0,0.0,0.0,0.0,0.0,0.0,0.0,0.0,0.0,0.0,0.0,0.0,0.0,0.0,0.0,0.0,0.0,0.0,0.0,1.0,0,0,0,6,6
1436477,0.0,0.0,0.0,0.0,0.0,0.0,0.0,0.0,0.0,0.0,0.0,0.0,0.0,0.0,0.0,0.0,0.0,0.0,0.0,0.0,0.0,0.0,0.0,0,0,0,0,0
1436474,0.6666666666666665,0.0,0.0,0.0,0.0,0.0,0.0,0.0,0.0,0.0,0.0,0.0,0.0,0.0,0.0,0.0,0.0,0.0,0.0,1.0,0.0,0.0,0.0,0,0,0,16,16
1384595,0.3333333333333335,0.0,0.3333333333333333,0.0,0.0,0.0,0.25,0.25,0.3333333333333333,0.0,0.4117647058823529,0.0,1.0,0.0,0.0,0.0,0.0,0.0,1.0,0.0,0.0,0.0,0.0,0,0,1,0,1
1384590,1.0,0.0,0.0,0.0,0.0,0.0,0.0,0.0,0.0,0.0,0.0,0.0,0.0,0.0,0.0,0.0,0.0,0.0,0.0,0.0,0.0,0.0,0.0,0,0,0,0,0
1384591,1.0,1.0,0.6666666666666666,0.0,0.0,1.0,1.0,1.0,1.0,0.0,0.9411764705882353,1.0,0.0,0.0,0.0,0.0,0.0,1.0,0.5714285714285714,0.0,0.0,0.0,0.0,0,1,3,0,4
