match_id,batting_position,runs,balls,fours,sixes,strike_rate,overs,total_balls,dots,maidens,conceded,fours_conceded,sixes_conceded,wickets,LBW,Bowled,noballs,wides,economy_rate,catches,stumping,direct_hit,indirect_hit,strike_rate_fp,batting_fp,bowling_fp,fielding_fp,total_fp
1169395,0.5,1.0,0.7777777777777777,1.0,0.0,1.0,0.0,0.0,0.0,0.0,0.36,0.0,0.5,0.0,0.0,0.0,0.0,0.0,0.9473684210526316,0.0,0.0,0.0,0.0,0,10,2,0,12
935331,0.5,0.6666666666666666,1.0,0.0,0.0,0.5184925912962315,0.0,0.0,0.75,0.0,0.0,0.5,0.0,1.0,0.0,0.0,0.0,0.0,0.0,0.0,0.0,0.0,0.0,0,4,39,0,43
935317,0.0,0.0,0.0,0.0,0.0,0.0,1.0,1.0,0.875,0.0,1.0,0.5,1.0,1.0,0.0,0.0,0.0,0.0,1.0,0.0,0.0,0.0,0.0,0,0,34,0,34
935311,1.0,0.0,0.0,0.0,0.0,0.0,0.5,0.5,1.0,0.0,0.52,1.0,0.5,0.0,0.0,0.0,0.0,0.0,0.7010526315789474,0.0,0.0,0.0,0.0,0,0,12,0,12
935307,1.0,0.0,0.0,0.0,0.0,0.0,0.5,0.5,0.5,0.0,0.48,0.5,0.0,0.0,0.0,0.0,0.0,0.0,0.631578947368421,1.0,0.0,0.0,0.0,0,0,8,8,16
