match_id,batting_position,runs,balls,fours,sixes,strike_rate,overs,total_balls,dots,maidens,conceded,fours_conceded,sixes_conceded,wickets,LBW,Bowled,noballs,wides,economy_rate,catches,stumping,direct_hit,indirect_hit,strike_rate_fp,batting_fp,bowling_fp,fielding_fp,total_fp
1443098,0.0,1.0,1.0,1.0,0.0,0.5,0.45444626295690127,0.4545454545454546,0.7142857142857142,0.0,0.0,0.0,0.0,1.0,0.0,0.0,0.0,0.0,0.0,0.0,0.0,0.0,0.0,0,11,33,0,44
1443067,0.0,0.0,0.19999999999999996,0.0,0.0,0.0,0.0,0.0,0.0,0.0,0.2857142857142857,0.0,0.5,0.0,0.0,0.0,0.0,0.0,0.9999999999999998,0.0,0.0,0.0,0.0,0,3,-3,0,0
1443062,0.0,0.0,0.0,0.0,0.0,1.0,1.0,0.9999999999999998,1.0,0.0,0.9999999999999999,1.0,1.0,1.0,0.0,1.0,1.0,0.0,0.7381889763779528,0.0,0.0,0.0,0.0,0,3,41,0,44
