match_id,batting_position,runs,balls,fours,sixes,strike_rate,overs,total_balls,dots,maidens,conceded,fours_conceded,sixes_conceded,wickets,LBW,Bowled,noballs,wides,economy_rate,catches,stumping,direct_hit,indirect_hit,strike_rate_fp,batting_fp,bowling_fp,fielding_fp,total_fp
1299570,1.0,0.0,0.0,0.0,0.0,0.0,0.25,0.25,0.2857142857142857,0.0,0.34545454545454546,0.75,0.25,0.0,0.0,0.0,0.0,0.0,0.9615384615384615,0.0,0.0,0.0,0.0,0,0,-1,0,-1
1299567,0.0,0.0,0.0,0.0,0.0,0.0,0.75,0.75,0.42857142857142855,0.0,0.32727272727272727,0.0,0.0,0.0,0.0,0.0,0.0,0.25,0.1923076923076923,0.0,0.0,0.0,0.0,0,0,8,0,8
1286685,0.3333333333333335,0.0,0.0,0.0,0.0,0.0,0.0,0.0,0.0,0.0,0.0,0.0,0.0,0.0,0.0,0.0,0.0,0.0,0.0,0.0,0.0,0.0,0.0,0,0,1,0,1
1286674,0.666666666666667,0.0,0.0,0.0,0.0,0.0,1.0,1.0,1.0,0.0,1.0,1.0,1.0,1.0,1.0,0.0,0.0,1.0,1.0,0.0,0.0,0.0,0.0,0,0,91,0,91
1286670,1.0,0.0,0.0,0.0,0.0,0.0,0.0,0.0,0.2857142857142857,0.0,0.07272727272727272,0.5,0.0,0.0,0.0,0.0,0.0,0.0,0.5128205128205128,0.0,0.0,0.0,0.0,0,0,3,0,3
