match_id,batting_position,runs,balls,fours,sixes,strike_rate,overs,total_balls,dots,maidens,conceded,fours_conceded,sixes_conceded,wickets,LBW,Bowled,noballs,wides,economy_rate,catches,stumping,direct_hit,indirect_hit,strike_rate_fp,batting_fp,bowling_fp,fielding_fp,total_fp
1443782,1.0,0.5,0.5833333333333333,0.0,0.0,0.8572,1.0,1.0,0.22222222222222227,0.0,0.9999999999999999,1.0,1.0,0.0,0.0,0.0,0.0,0.3333333333333333,1.0,0.0,0.0,0.0,0.0,0,3,26,0,29
1443779,0.0,1.0,1.0,0.0,0.0,1.0,0.5,0.5,1.0,0.0,0.0,0.5,0.25,0.0,0.0,1.0,0.0,0.3333333333333333,0.0,0.0,0.0,0.0,0.0,-4,2,49,0,51
1443776,1.0,0.0,0.0,0.0,0.0,0.0,0.5,0.5,0.22222222222222227,0.0,0.06666666666666665,0.0,0.0,0.0,0.0,0.0,0.0,1.0,0.10858995137763372,1.0,0.0,0.0,1.0,0,0,32,14,46
1443766,0.0,0.0,0.08333333333333333,0.0,0.0,0.0,0.0,0.0,0.0,0.0,0.09999999999999998,1.0,0.0,1.0,0.0,1.0,0.0,0.0,0.6758508914100487,0.0,0.0,0.0,0.0,0,0,61,0,61
