match_id,batting_position,runs,balls,fours,sixes,strike_rate,overs,total_balls,dots,maidens,conceded,fours_conceded,sixes_conceded,wickets,LBW,Bowled,noballs,wides,economy_rate,catches,stumping,direct_hit,indirect_hit,strike_rate_fp,batting_fp,bowling_fp,fielding_fp,total_fp
1244394,1.0,0.2222222222222222,0.04,1.0,0.0,1.0,0.5,0.5,0.0,0.0,0.7307692307692308,1.0,0.0,0.0,0.0,0.0,0.0,0.0,1.0,1.0,0.0,0.0,0.0,0,8,-3,8,13
1205824,0.0,1.0,1.0,0.0,0.0,0.18,0.0,0.0,0.2,0.0,0.0,0.0,0.0,1.0,0.0,0.0,0.0,1.0,0.0,0.0,0.0,0.0,0.0,0,18,27,0,45
1205806,1.0,0.0,0.0,0.0,0.0,0.0,1.0,1.0,1.0000000000000002,0.0,1.0,0.25,1.0,1.0,0.0,0.0,0.0,1.0,0.7614285714285713,0.0,0.0,0.0,0.0,0,0,29,0,29
1205788,1.0,0.5555555555555556,0.28,0.0,1.0,0.35715,1.0,1.0,0.8,0.0,0.7692307692307693,0.5,0.3333333333333333,1.0,0.0,0.0,0.0,1.0,0.47571428571428576,0.0,0.0,0.0,0.0,0,16,30,0,46
