match_id,batting_position,runs,balls,fours,sixes,strike_rate,overs,total_balls,dots,maidens,conceded,fours_conceded,sixes_conceded,wickets,LBW,Bowled,noballs,wides,economy_rate,catches,stumping,direct_hit,indirect_hit,strike_rate_fp,batting_fp,bowling_fp,fielding_fp,total_fp
1280291,0.0,0.0,0.05,0.0,0.0,0.0,0.0,0.0,0.0,0.0,0.6956521739130435,1.0000000000000002,0.5,0.0,0.0,0.0,0.0,0.0,1.0,0.0,0.0,1.0,0.0,0,-2,-2,12,8
1280270,0.0,0.0,0.0,0.0,0.0,0.0,1.0,1.0,1.0,0.0,0.4347826086956521,0.8,0.5,0.0,0.0,0.0,0.0,0.0,0.3486750348675035,0.0,0.0,0.0,0.0,0,0,12,0,12
1280232,0.0,1.0,1.0,1.0,0.0,1.0,1.0,1.0,1.0,0.0,0.0,0.0,0.0,1.0,0.0,1.0,0.0,1.0,0.0,1.0,0.0,0.0,0.0,-2,16,74,8,98
1280214,1.0,0.21428571428571427,0.30000000000000004,0.0,0.0,0.7142857142857143,1.0,1.0,0.375,0.0,1.0,0.6000000000000001,1.0,0.5,0.0,0.0,0.0,1.0,0.801952580195258,1.0,0.0,0.0,0.0,0,3,28,8,39
