match_id,batting_position,runs,balls,fours,sixes,strike_rate,overs,total_balls,dots,maidens,conceded,fours_conceded,sixes_conceded,wickets,LBW,Bowled,noballs,wides,economy_rate,catches,stumping,direct_hit,indirect_hit,strike_rate_fp,batting_fp,bowling_fp,fielding_fp,total_fp
1450773,0.0,0.19565217391304346,0.3333333333333333,0.16666666666666666,0.0,0.2845913043478261,0.0,0.0,0.0,0.0,0.0,0.0,0.0,0.0,0.0,0.0,0.0,0.0,0.0,0.0,0.0,0.0,0.0,0,13,0,0,13
1450770,0.16666666666666666,0.17391304347826086,0.25925925925925924,0.16666666666666666,0.0,0.3091826086956522,0.0,0.0,0.0,0.0,0.0,0.0,0.0,0.0,0.0,0.0,0.0,0.0,0.0,0.0,0.0,0.0,0.0,0,12,0,0,12
1450768,0.16666666666666666,0.717391304347826,0.9999999999999999,1.0,0.0,0.3957913043478261,0.0,0.0,0.0,0.0,0.0,0.0,0.0,0.0,0.0,0.0,0.0,0.0,0.0,0.0,0.0,0.0,0.0,0,61,0,0,61
1450767,0.0,0.10869565217391304,0.0,0.16666666666666666,0.0,0.8695652173913044,0.0,0.0,0.0,0.0,0.0,0.0,0.0,0.0,0.0,0.0,0.0,0.0,0.0,0.0,0.0,0.0,0.0,0,9,0,0,9
1412535,0.16666666666666666,1.0,0.5185185185185185,0.3333333333333333,1.0,1.0,0.0,0.0,0.0,0.0,0.0,0.0,0.0,0.0,0.0,0.0,0.0,0.0,0.0,0.0,0.0,0.0,0.0,6,100,0,0,100
1412533,0.16666666666666666,0.8913043478260869,0.5925925925925926,1.0,0.3333333333333333,0.7922782608695652,0.0,0.0,0.0,0.0,0.0,0.0,0.0,0.0,0.0,0.0,0.0,0.0,0.0,0.0,0.0,0.0,0.0,6,87,0,0,87
1412534,0.16666666666666666,0.0,0.0,0.0,0.0,0.0,1.0,1.0,1.0,0.0,1.0,0.0,1.0,1.0,0.0,1.0,0.0,0.0,1.0,0.0,0.0,0.0,0.0,0,-2,61,0,59
1412532,0.9999999999999999,0.45652173913043476,0.7777777777777778,0.16666666666666666,0.16666666666666666,0.31756521739130433,0.0,0.0,0.0,0.0,0.0,0.0,0.0,0.0,0.0,0.0,0.0,0.0,0.0,0.0,0.0,0.0,0.0,0,31,0,0,31
