match_id,batting_position,runs,balls,fours,sixes,strike_rate,overs,total_balls,dots,maidens,conceded,fours_conceded,sixes_conceded,wickets,LBW,Bowled,noballs,wides,economy_rate,catches,stumping,direct_hit,indirect_hit,strike_rate_fp,batting_fp,bowling_fp,fielding_fp,total_fp
1443786,0.25,0.11764705882352941,0.25925925925925924,0.0,0.0,0.45374414357182563,1.0,1.0,0.7777777777777779,0.0,1.0,1.0,1.0,1.0,0.0,1.0,0.0,0.2,1.0,0.0,0.0,0.0,0.0,0,4,122,0,126
1443783,0.25,0.6470588235294118,0.6666666666666666,0.5,0.0,0.9705391884380211,0.5,0.5,0.8888888888888888,0.0,0.0,0.0,0.0,0.25,0.0,0.0,0.0,0.2,0.0,0.5,0.0,0.0,0.0,0,30,42,8,80
1443775,0.25,0.14705882352941177,0.25925925925925924,0.0,0.0,0.5672198840625745,0.5,0.5,0.3333333333333333,0.0,0.2727272727272727,0.25,0.0,0.0,0.0,0.0,0.0,0.2,0.4137931034482758,0.5,0.0,0.0,1.0,0,5,8,20,33
1443770,0.375,1.0,1.0,1.0,0.0,1.0,0.9165000000000001,0.9166666666666665,0.5555555555555556,0.0,0.4545454545454546,0.5,0.0,0.25,0.0,0.0,0.0,0.0,0.4193103448275862,0.5,0.0,0.0,0.0,0,54,33,8,95
1443769,1.0,0.0,0.0,0.0,0.0,0.0,1.0,1.0,1.0,0.0,0.24242424242424243,0.25,0.0,0.75,0.0,1.0,0.0,0.2,0.13793103448275867,0.0,0.0,0.0,0.0,0,0,103,0,103
1438262,0.0,0.1764705882352941,0.5555555555555556,0.0,0.0,0.3176367823393949,0.0,0.0,0.0,0.0,0.1515151515151515,0.25,0.0,0.0,0.0,0.0,0.0,0.2,0.6206896551724137,0.5,0.0,0.0,0.0,-6,0,3,8,11
1438259,0.25,0.23529411764705882,0.6296296296296295,0.0,0.0,0.3736996744222981,0.5,0.5,0.6666666666666667,0.0,0.18181818181818177,0.25,0.0,0.25,0.0,0.0,0.0,0.0,0.27586206896551724,0.0,0.0,0.0,0.0,-6,2,36,0,38
1438257,0.25,0.029411764705882353,0.14814814814814814,0.0,0.0,0.1985229889621218,1.0,1.0,0.3333333333333333,0.0,0.6363636363636364,0.25,0.0,0.25,0.0,0.0,0.0,1.0,0.5862068965517242,1.0,0.0,0.0,0.0,0,1,31,16,48
