match_id,batting_position,runs,balls,fours,sixes,strike_rate,overs,total_balls,dots,maidens,conceded,fours_conceded,sixes_conceded,wickets,LBW,Bowled,noballs,wides,economy_rate,catches,stumping,direct_hit,indirect_hit,strike_rate_fp,batting_fp,bowling_fp,fielding_fp,total_fp
1462904,0.0,0.0,0.0,0.0,0.0,0.0,1.0,1.0,1.0,0.0,0.7142857142857142,0.0,0.5,1.0,0.0,1.0,0.0,0.0,0.12831241283124128,0.0,0.0,0.0,0.0,0,0,78,0,78
1462902,1.0,0.0,0.0,0.0,0.0,0.0,0.6666666666666667,0.6666666666666667,0.4545454545454546,0.0,0.6428571428571428,1.0,0.0,0.5,0.0,0.0,0.0,0.0,0.27894002789400274,0.0,0.0,0.0,0.0,0,0,37,0,37
1462899,1.0,0.0,1.0,0.0,0.0,0.0,0.6666666666666667,0.6666666666666667,0.9090909090909092,0.0,0.2142857142857142,1.0,0.0,1.0,0.0,0.0,0.0,1.0,0.0,0.0,0.0,0.0,0.0,0,0,69,0,69
1462887,1.0,0.5,0.25,0.0,0.0,1.0,0.3333333333333333,0.3333333333333333,0.09090909090909094,0.0,1.0,1.0,1.0,0.0,0.0,0.0,0.0,0.0,0.9999999999999999,0.0,0.0,0.0,0.0,0,1,2,0,3
1462881,1.0,1.0,0.75,0.0,0.0,0.6667000000000001,0.0,0.0,0.0,0.0,0.0,1.0,0.0,0.0,0.0,0.0,0.0,0.0,0.5118549511854951,0.0,0.0,0.0,1.0,0,2,3,6,11
