match_id,batting_position,runs,balls,fours,sixes,strike_rate,overs,total_balls,dots,maidens,conceded,fours_conceded,sixes_conceded,wickets,LBW,Bowled,noballs,wides,economy_rate,catches,stumping,direct_hit,indirect_hit,strike_rate_fp,batting_fp,bowling_fp,fielding_fp,total_fp
1383534,1.0,0.5,0.16666666666666666,0.0,0.0,1.0,0.3333333333333333,0.3333333333333333,0.058823529411764705,0.0,0.9999999999999999,1.0,1.0,0.0,0.0,0.0,0.0,0.0,1.0,0.0,0.0,0.0,0.0,0,1,-5,0,-4
1383478,1.0,0.0,0.5,0.0,0.0,0.0,0.6666666666666667,0.6666666666666667,0.29411764705882354,0.0,0.6666666666666666,1.0,0.4,0.5,0.0,0.5,0.0,0.0,0.43589743589743585,0.0,0.0,0.0,0.0,0,-2,61,0,59
1383445,0.0,0.0,0.0,0.0,0.0,0.0,1.0,1.0,1.0,0.0,0.0,0.0,0.0,1.0,0.0,1.0,0.0,0.0,0.0,0.0,0.0,0.0,0.0,0,0,147,0,147
1244344,1.0,1.0,1.0,0.0,0.0,0.3333,0.0,0.0,0.0,0.0,0.38888888888888895,0.5,0.4,0.0,0.0,0.0,0.0,0.0,0.9487179487179487,0.0,0.0,0.0,0.0,0,2,0,0,2
