match_id,batting_position,runs,balls,fours,sixes,strike_rate,overs,total_balls,dots,maidens,conceded,fours_conceded,sixes_conceded,wickets,LBW,Bowled,noballs,wides,economy_rate,catches,stumping,direct_hit,indirect_hit,strike_rate_fp,batting_fp,bowling_fp,fielding_fp,total_fp
693233,0.0,1.0,1.0,0.0,1.0,1.0,1.0,0.9999999999999998,0.44444444444444436,0.0,0.8846153846153846,0.9999999999999999,0.0,0.3333333333333333,1.0,0.0,0.0,0.6666666666666666,0.4441624365482234,0.0,0.0,0.0,0.0,0,16,40,0,56
693223,0.0,0.0,0.0,0.0,0.0,0.0,1.0,0.9999999999999998,1.0,0.0,0.34615384615384626,0.0,0.0,0.6666666666666666,0.0,1.0,0.0,0.6666666666666666,0.0,0.0,0.0,0.0,0.0,0,0,74,0,74
693201,1.0,0.0,0.0,0.0,0.0,0.0,0.45444626295690127,0.4545454545454546,0.5555555555555556,0.0,0.3076923076923077,0.0,0.5,0.0,0.0,0.0,0.0,0.0,0.19035532994923854,1.0,0.0,0.0,0.0,0,0,10,8,18
693189,1.0,0.0,0.0,0.0,0.0,0.0,0.0,0.0,0.0,0.0,0.6153846153846154,0.6666666666666666,0.0,0.0,0.0,0.0,1.0,0.0,1.0,0.0,0.0,0.0,0.0,0,0,-3,0,-3
693173,1.0,0.0,0.0,0.0,0.0,0.0,0.09056192034915456,0.09090909090909083,0.6666666666666667,0.0,0.0,0.0,0.0,1.0,0.0,1.0,0.0,0.6666666666666666,0.008883248730964577,0.0,0.0,0.0,0.0,0,0,100,0,100
693159,1.0,0.0,0.0,0.0,0.0,0.0,1.0,0.9999999999999998,0.6666666666666667,0.0,0.7307692307692308,0.9999999999999999,0.0,0.0,0.0,0.0,0.0,0.3333333333333333,0.31725888324873097,1.0,0.0,0.0,0.0,0,0,9,8,17
693127,1.0,0.0,0.0,0.0,0.0,0.0,1.0,0.9999999999999998,0.5555555555555556,0.0,1.0,0.0,1.0,0.3333333333333333,0.0,1.0,0.0,1.0,0.5393401015228426,0.0,0.0,0.0,0.0,0,0,41,0,41
