match_id,batting_position,runs,balls,fours,sixes,strike_rate,overs,total_balls,dots,maidens,conceded,fours_conceded,sixes_conceded,wickets,LBW,Bowled,noballs,wides,economy_rate,catches,stumping,direct_hit,indirect_hit,strike_rate_fp,batting_fp,bowling_fp,fielding_fp,total_fp
1205822,0.0,1.0,0.5454545454545454,1.0,0.0,1.0,1.0,1.0,1.0,0.0,1.0,0.75,0.0,1.0,0.0,0.0,0.0,0.0,0.0,1.0,0.0,0.0,0.0,0,20,33,8,61
1205814,0.0,0.08333333333333333,0.36363636363636365,0.0,0.0,0.125,0.0770650669127827,0.07692307692307687,0.0,0.0,0.6363636363636362,0.75,0.5,0.0,0.0,0.0,0.0,0.0,1.0000000000000002,0.0,0.0,0.0,0.0,0,1,-2,0,-1
1205796,1.0,0.0,0.0,0.0,0.0,0.0,0.0770650669127827,0.07692307692307687,0.5,0.0,0.0,0.75,0.0,0.0,0.0,0.0,0.0,0.0,0.30000000000000004,0.0,0.0,0.0,0.0,0,0,4,0,4
1205751,1.0,0.3333333333333333,1.0,0.0,0.0,0.1818,0.5385325334563914,0.5384615384615383,0.5,0.0,0.8181818181818183,1.0,0.0,0.0,0.0,0.0,0.0,0.0,0.33399999999999985,0.0,0.0,0.0,0.0,-6,-2,4,0,2
1205733,1.0,0.16666666666666666,0.18181818181818182,0.0,0.0,0.5,0.0770650669127827,0.07692307692307687,0.5,0.0,0.09090909090909105,0.75,0.0,0.0,0.0,0.0,0.0,0.0,0.3999999999999999,0.0,0.0,0.0,0.0,0,2,4,0,6
1205715,1.0,0.0,0.0,0.0,0.0,0.0,0.0,0.0,0.25,0.0,0.09090909090909105,0.0,1.0,0.0,0.0,0.0,0.0,0.0,0.5640000000000001,0.0,0.0,0.0,0.0,0,0,3,0,3
