match_id,batting_position,runs,balls,fours,sixes,strike_rate,overs,total_balls,dots,maidens,conceded,fours_conceded,sixes_conceded,wickets,LBW,Bowled,noballs,wides,economy_rate,catches,stumping,direct_hit,indirect_hit,strike_rate_fp,batting_fp,bowling_fp,fielding_fp,total_fp
1439833,0.0,1.0,1.0,1.0,1.0,0.7503639825288384,0.0,0.0,0.0,0.0,0.0,0.0,0.0,0.0,0.0,0.0,0.0,0.5,0.0,0.5,0.0,0.0,0.0,6,98,10,8,116
1439822,1.0,0.0,0.0,0.0,0.0,1.0,0.0,0.0,0.0,0.0,0.6153846153846154,1.0,1.0,0.0,0.0,0.0,0.0,0.0,0.9852398523985239,0.0,0.0,1.0,0.0,0,29,4,12,45
1439819,1.0,0.18181818181818177,0.2222222222222222,0.5,0.0,0.7381565684847127,1.0,1.0,1.0,0.0,1.0,1.0,1.0,1.0,0.0,0.0,1.0,0.5,0.9999999999999999,0.5,0.0,0.0,1.0,6,45,30,14,89
1439814,1.0,0.0,0.2777777777777778,0.0,0.0,0.0,1.0,1.0,0.0,0.0,0.34615384615384626,0.0,0.0,1.0,0.0,0.0,0.3333333333333333,1.0,0.21586715867158668,1.0,0.0,0.0,0.0,0,29,33,16,78
