match_id,batting_position,runs,balls,fours,sixes,strike_rate,overs,total_balls,dots,maidens,conceded,fours_conceded,sixes_conceded,wickets,LBW,Bowled,noballs,wides,economy_rate,catches,stumping,direct_hit,indirect_hit,strike_rate_fp,batting_fp,bowling_fp,fielding_fp,total_fp
1426305,0.5999999999999999,0.0,0.0,0.0,0.0,0.0,0.5,0.5,0.0,0.0,1.0000000000000002,1.0,1.0,0.0,0.0,0.0,0.0,1.0,1.0,0.0,0.0,0.0,0.0,0,0,-2,0,-2
1426298,0.3999999999999999,0.25,0.18181818181818182,0.0,0.0,1.0,0.5,0.5,0.4285714285714286,0.0,0.4000000000000001,0.25,0.3333333333333333,0.3333333333333333,0.0,1.0,0.0,0.25,0.3333333333333333,1.0,0.0,0.0,0.0,0,2,40,16,58
1426293,0.19999999999999996,0.0,0.0,0.0,0.0,0.0,1.0,1.0,0.5714285714285714,0.0,0.8500000000000001,0.5,0.6666666666666666,0.3333333333333333,0.0,1.0,1.0,0.25,0.5416666666666667,0.5,0.0,0.0,0.0,0,0,39,8,47
1383507,1.0000000000000002,0.0,0.0,0.0,0.0,0.0,0.0,0.0,0.857142857142857,0.0,0.0,0.0,0.0,0.3333333333333333,0.0,0.0,0.0,0.5,0.0,1.0,0.0,0.0,0.0,0,0,41,16,57
1383453,0.0,0.125,0.0,0.0,0.0,0.0,0.0,0.0,0.0,0.0,0.3,0.5,0.0,0.3333333333333333,0.0,0.0,0.0,0.25,0.49999999999999994,0.0,0.0,0.0,0.0,0,1,27,0,28
1383434,1.0000000000000002,0.0,0.0,0.0,0.0,0.0,0.5,0.5,0.5714285714285714,0.0,0.5,0.0,0.3333333333333333,0.3333333333333333,0.0,0.0,0.0,0.75,0.44416666666666665,0.0,0.0,0.0,0.0,0,0,33,0,33
1333046,0.5999999999999999,1.0,1.0,1.0,0.0,0.7273000000000001,1.0,1.0,1.0,0.0,0.425,0.75,0.0,1.0,0.0,0.0,0.0,0.0,0.18749999999999994,0.0,0.0,0.0,0.0,0,12,92,0,104
