match_id,batting_position,runs,balls,fours,sixes,strike_rate,overs,total_balls,dots,maidens,conceded,fours_conceded,sixes_conceded,wickets,LBW,Bowled,noballs,wides,economy_rate,catches,stumping,direct_hit,indirect_hit,strike_rate_fp,batting_fp,bowling_fp,fielding_fp,total_fp
599899,0.0,0.0,0.0,0.0,0.0,0.0,0.0,0.0,0.0,0.0,0.696969696969697,1.0,0.5,0.3333333333333333,0.0,0.0,0.0,0.0,1.0,0.0,0.0,0.0,0.0,0,0,31,0,31
599893,1.0,0.0,1.0,0.0,0.0,0.0,1.0,1.0,1.0,1.0,0.36363636363636365,0.4,0.0,0.6666666666666666,0.0,1.0,0.0,0.0,0.3308641975308642,0.0,0.0,0.0,0.0,0,0,86,0,86
599890,1.0,0.0,0.0,0.0,0.0,0.0,1.0,1.0,0.75,0.0,0.33333333333333337,0.2,0.0,0.0,0.0,0.0,0.0,1.0,0.3000000000000001,1.0,0.0,0.0,0.0,0,0,15,8,23
599882,0.0,1.0,0.5714285714285714,0.0,0.0,1.0,1.0,1.0,0.75,0.0,0.39393939393939403,0.4,0.0,0.3333333333333333,0.0,1.0,0.0,0.5,0.36172839506172844,0.0,0.0,0.0,0.0,0,1,48,0,49
599878,0.0,0.0,0.0,0.0,0.0,0.0,1.0,1.0,1.0,0.0,0.36363636363636365,0.4,0.0,1.0,0.0,0.0,1.0,0.0,0.3308641975308642,0.0,0.0,0.0,0.0,0,0,95,0,95
599876,0.5,0.0,0.0,0.0,0.0,0.0,0.5,0.5,0.5,0.0,0.0,0.0,0.0,0.6666666666666666,0.0,1.0,0.0,0.0,0.0,0.0,0.0,1.0,0.0,0,0,74,12,86
599874,1.0,0.0,0.0,0.0,0.0,0.0,1.0,1.0,0.5,0.0,1.0,1.0,1.0,0.3333333333333333,0.0,1.0,1.0,0.0,0.9790123456790123,0.0,0.0,0.0,0.0,0,0,41,0,41
599869,0.5,0.0,0.0,0.0,0.0,0.0,1.0,1.0,0.0,0.0,0.48484848484848486,0.6000000000000001,0.0,0.0,0.0,0.0,0.0,0.0,0.4543209876543211,0.0,0.0,0.0,0.0,0,0,10,0,10
