match_id,batting_position,runs,balls,fours,sixes,strike_rate,overs,total_balls,dots,maidens,conceded,fours_conceded,sixes_conceded,wickets,LBW,Bowled,noballs,wides,economy_rate,catches,stumping,direct_hit,indirect_hit,strike_rate_fp,batting_fp,bowling_fp,fielding_fp,total_fp
1323177,0.0,0.0,0.0,0.0,0.0,0.0,0.3333333333333333,0.3333333333333333,0.25,0.0,0.9375,0.75,1.0,0.0,0.0,0.0,0.0,0.5,0.45181765724177725,1.0,0.0,0.0,0.0,0,0,-4,8,4
1323174,0.0,0.0,0.0,0.0,0.0,0.0,0.6666666666666667,0.6666666666666667,1.0,0.0,0.3125,0.25,1.0,1.0,1.0,1.0,0.0,0.0,0.0,0.0,0.0,0.0,0.0,0,0,107,0,107
1323173,0.0,1.0,1.0,1.0,1.0,1.0,0.0,0.0,0.0,0.0,0.6875,0.5,1.0,0.0,0.0,0.0,0.0,1.0,1.0,0.0,0.0,0.0,0.0,0,23,0,0,23
1323165,0.0,0.0,0.0,0.0,0.0,0.0,0.6666666666666667,0.6666666666666667,1.0,0.0,0.5625,0.75,0.0,0.6666666666666666,0.0,1.0,0.0,0.16666666666666666,0.0767455279861512,0.0,0.0,0.0,0.0,0,0,68,0,68
1323162,0.0,0.0,0.0,0.0,0.0,0.0,0.3333333333333333,0.3333333333333333,0.5,0.0,0.0625,0.25,0.0,0.0,0.0,0.0,0.0,0.0,0.047893825735718376,0.0,0.0,0.0,0.0,0,0,6,0,6
1323159,0.0,0.0,0.0,0.0,0.0,0.0,0.6666666666666667,0.6666666666666667,0.625,0.0,0.375,0.0,0.0,0.0,0.0,0.0,1.0,0.0,0.01904212348528561,0.0,0.0,0.0,0.0,0,0,7,0,7
1323149,0.0,0.0,0.0,0.0,0.0,0.0,0.0,0.0,0.0,0.0,0.0,0.0,1.0,0.0,0.0,0.0,0.0,0.0,0.36526255049047895,1.0,0.0,0.0,0.0,0,0,0,8,8
1323146,0.0,0.0,0.0,0.0,0.0,0.0,1.0,1.0,0.75,0.0,1.0,1.0,0.0,0.6666666666666666,0.0,0.0,0.0,0.0,0.0767455279861512,0.0,0.0,0.0,0.0,0,0,58,0,58
