match_id,batting_position,runs,balls,fours,sixes,strike_rate,overs,total_balls,dots,maidens,conceded,fours_conceded,sixes_conceded,wickets,LBW,Bowled,noballs,wides,economy_rate,catches,stumping,direct_hit,indirect_hit,strike_rate_fp,batting_fp,bowling_fp,fielding_fp,total_fp
1462910,0.0,0.3,0.475,0.16666666666666666,0.5,0.6150061500615007,1.0,1.0,0.2222222222222221,0.0,0.7142857142857142,0.5,0.0,0.0,0.0,0.0,0.0,0.0,0.7050147492625368,0.0,0.0,0.0,0.0,0,31,40,0,71
1462904,0.0,0.3857142857142857,0.475,0.5,1.0,0.7907221929362152,0.0,0.0,1.0,0.0,0.0,0.0,0.0,1.0,0.0,1.0,0.0,1.0,0.0,0.5,0.0,0.0,0.0,2,57,185,8,250
1462902,0.0,1.0,1.0000000000000002,1.0,1.0,1.0,1.0,1.0,0.6666666666666665,0.0,0.3571428571428572,0.0,0.0,0.25,0.0,0.0,0.0,1.0,0.33628318584070793,1.0,0.0,0.0,0.0,6,120,71,16,207
1462899,0.6,0.02857142857142857,0.15000000000000002,0.0,0.0,0.16734024483101975,1.0,1.0,0.33333333333333326,0.0,1.0,1.0,0.0,0.5,0.0,0.3333333333333333,0.0,1.0,1.0,0.0,0.0,0.0,0.0,0,2,101,0,103
1462889,1.0,0.0,0.0,0.0,0.0,0.0,1.0,1.0,0.5555555555555554,1.0,0.3571428571428572,0.0,0.0,0.0,0.0,0.0,0.0,0.0,0.33628318584070793,0.5,0.0,0.0,0.0,0,-2,57,8,63
1462887,0.4,0.014285714285714285,0.12500000000000003,0.0,0.0,0.09763954782404968,1.0,1.0,0.0,0.0,1.0,0.5,0.0,0.0,0.0,0.3333333333333333,0.0,0.0,1.0,0.0,0.0,0.0,0.0,0,1,44,0,45
1462881,0.20000000000000007,0.02857142857142857,0.05000000000000001,0.0,0.0,0.39049961928190713,1.0,1.0,0.4444444444444444,0.0,0.5,0.0,0.0,0.25,0.0,0.3333333333333333,0.0,1.0,0.4837758112094396,0.0,0.0,0.0,0.0,0,2,77,0,79
