match_id,batting_position,runs,balls,fours,sixes,strike_rate,overs,total_balls,dots,maidens,conceded,fours_conceded,sixes_conceded,wickets,LBW,Bowled,noballs,wides,economy_rate,catches,stumping,direct_hit,indirect_hit,strike_rate_fp,batting_fp,bowling_fp,fielding_fp,total_fp
1347682,1.0,0.0,0.0,0.0,0.0,0.0,1.0,1.0,0.0,0.0,1.0,1.0,0.5,0.0,0.0,0.0,0.0,0.0,0.9999999999999998,0.0,0.0,0.0,0.0,0,0,-5,0,-5
1250269,1.0,1.0,1.0,1.0,0.0,0.9999999999999999,1.0,1.0,0.16666666666666666,0.0,0.6774193548387096,0.0,0.5,0.0,0.0,0.0,0.0,1.0,0.4109347442680775,1.0,0.0,0.0,0.0,0,11,-2,8,17
1207749,0.0,0.0,0.0,0.0,0.0,0.0,1.0,1.0,0.6666666666666666,0.0,0.9032258064516129,0.5,1.0,0.0,0.0,0.0,0.0,0.0,0.8236331569664903,0.0,0.0,0.0,0.0,0,0,-1,0,-1
1207738,0.0,0.0,0.0,0.0,0.0,0.0,0.0,0.0,0.16666666666666666,0.0,0.0,0.0,0.0,0.0,0.0,0.0,0.0,0.0,0.7054673721340385,0.0,0.0,0.0,0.0,0,0,2,0,2
1207718,0.0,0.0,0.0,0.0,0.0,0.0,1.0,1.0,0.9999999999999999,0.0,0.4516129032258065,0.0,0.5,1.0,0.0,1.0,0.0,1.0,0.0,0.0,0.0,0.0,0.0,0,0,65,0,65
