match_id,batting_position,runs,balls,fours,sixes,strike_rate,overs,total_balls,dots,maidens,conceded,fours_conceded,sixes_conceded,wickets,LBW,Bowled,noballs,wides,economy_rate,catches,stumping,direct_hit,indirect_hit,strike_rate_fp,batting_fp,bowling_fp,fielding_fp,total_fp
1443783,0.14285714285714285,0.275,0.42857142857142855,0.25,0.0,0.20455475248874955,0.5,0.5,0.3333333333333333,0.0,0.6551724137931034,0.4,0.0,0.5,0.0,1.0,0.0,0.5,0.76,0.0,0.0,0.0,0.0,0,19,36,0,55
1443778,1.0,0.20000000000000004,0.2,0.0,0.0,0.5454793399699985,0.5,0.5,0.2222222222222222,0.0,0.8620689655172413,0.8,0.0,0.0,0.0,0.0,1.0,0.0,1.0,0.0,0.0,0.0,0.0,0,12,-4,0,8
1443777,0.0,0.35,0.4857142857142857,0.5,0.0,0.2975589799536341,0.25,0.25,0.0,0.0,0.3103448275862069,0.2,0.0,0.0,0.0,0.0,0.0,0.0,0.72,0.0,0.0,0.0,0.0,0,26,0,0,26
1443767,0.0,0.20000000000000004,0.42857142857142855,0.25,0.0,0.0,0.0,0.0,0.0,0.0,0.0,0.0,0.0,0.0,0.0,0.0,0.0,0.0,0.0,0.0,0.0,0.0,0.0,-2,14,0,0,14
1434155,0.14285714285714285,0.45000000000000007,0.6000000000000001,0.0,0.5,0.3357425337515342,0.75,0.75,0.7777777777777777,0.0,1.0,1.0,0.0,0.5,0.0,0.0,0.0,1.0,0.7736000000000001,0.0,0.0,0.0,0.0,0,28,32,0,60
1434157,1.0,0.0,0.0,0.25,0.0,0.2727396699849992,0.0,0.0,0.0,0.0,0.0,0.0,0.0,0.0,0.0,0.0,0.0,0.0,0.0,0.0,0.0,0.0,0.0,0,8,0,0,8
1381454,0.0,0.4,0.2857142857142857,0.75,0.0,1.0,0.5,0.5,1.0,0.0,0.24137931034482757,0.2,0.0,0.5,0.0,0.0,0.0,0.5,0.28,0.0,0.0,0.0,1.0,2,34,40,6,80
1381455,0.0,1.0,1.0,1.0,1.0,0.6818491749624983,1.0,1.0,0.8888888888888888,0.0,0.9655172413793103,0.8,0.0,1.0,1.0,0.0,0.0,0.0,0.56,0.0,0.0,0.0,0.0,0,76,68,0,144
