match_id,batting_position,runs,balls,fours,sixes,strike_rate,overs,total_balls,dots,maidens,conceded,fours_conceded,sixes_conceded,wickets,LBW,Bowled,noballs,wides,economy_rate,catches,stumping,direct_hit,indirect_hit,strike_rate_fp,batting_fp,bowling_fp,fielding_fp,total_fp
736309,1.0,0.0,0.0,0.0,0.0,0.0,0.0,0.0,0.4285714285714285,1.0,0.0,0.3333333333333333,0.0,0.0,0.0,0.0,0.0,0.0,0.13636363636363635,0.0,0.0,0.0,0.0,0,0,27,0,27
736301,0.0,0.0,0.0,0.0,0.0,0.0,0.5,0.5,0.4285714285714285,0.0,0.2142857142857143,0.3333333333333333,0.0,0.5,0.0,0.0,0.0,0.0,0.2272727272727273,1.0,0.0,0.0,0.0,0,0,38,8,46
736287,0.5,0.0,0.0,0.0,0.0,0.0,1.0,1.0,0.8571428571428571,0.0,0.5,1.0,0.0,0.5,0.0,0.0,0.0,0.0,0.36363636363636354,0.0,0.0,0.0,0.0,0,0,41,0,41
736285,1.0,0.0,0.0,0.0,0.0,0.0,1.0,1.0,0.9999999999999999,0.0,0.2857142857142857,0.3333333333333333,0.0,1.0,0.0,0.0,0.0,0.0,0.09090909090909083,0.0,0.0,0.0,0.0,0,0,69,0,69
736277,1.0,0.0,0.0,0.0,0.0,0.0,1.0,1.0,0.8571428571428571,1.0,0.2142857142857143,0.0,0.0,0.5,0.0,1.0,0.0,0.0,0.0,0.0,0.0,0.0,0.0,0,0,63,0,63
652313,0.0,0.0,0.0,0.0,0.0,0.0,0.75,0.75,0.1428571428571429,0.0,0.6071428571428571,0.6666666666666667,0.0,0.0,0.0,0.0,0.0,0.0,0.669090909090909,0.0,0.0,0.0,0.0,0,0,7,0,7
652307,1.0,1.0,1.0,1.0,1.0,1.0,1.0,1.0,0.1428571428571429,0.0,1.0,1.0,1.0,0.5,0.0,0.0,0.0,1.0,1.0,0.0,0.0,0.0,0.0,4,43,32,0,75
530354,0.5,0.0,0.0,0.0,0.0,0.0,0.0,0.0,0.0,0.0,0.2142857142857143,0.0,1.0,0.0,0.0,0.0,0.0,0.5,0.6818181818181819,0.0,0.0,0.0,0.0,0,0,6,0,6
530336,0.0,0.13043478260869565,0.2857142857142857,0.0,0.0,0.4565098301783432,1.0,1.0,0.1428571428571429,0.0,0.5,0.0,0.0,0.0,0.0,0.0,0.0,0.0,0.36363636363636354,0.0,0.0,0.0,0.0,0,3,11,0,14
