teamname,match_id,batting_position,runs,balls,fours,sixes,strike_rate,overs,total_balls,dots,maidens,conceded,fours_conceded,sixes_conceded,wickets,LBW,Bowled,noballs,wides,economy_rate,catches,stumping,direct_hit,indirect_hit,strike_rate_fp,batting_fp,bowling_fp,fielding_fp,total_fp
Worcestershire,1068419,0.0,1.0,1.0,1.0,0.0,0.44446666666666673,1.0,1.0,0.375,0.0,1.0,0.0,1.0,0.0,0.0,0.0,0.0,0.0,0.299719887955182,1.0,0.0,0.0,0.0,-2,12,3,8,23
Worcestershire,1068411,0.5999999999999999,0.6000000000000001,0.26666666666666666,1.0,0.0,1.0,0.3333333333333333,0.3333333333333333,0.625,0.0,0.09090909090909094,0.3333333333333333,0.5,0.0,0.0,0.0,0.0,0.0,0.15966386554621848,0.0,0.0,0.0,0.0,0,10,5,0,15
Worcestershire,1068404,0.5999999999999999,0.9,0.6,1.0,0.0,0.6666666666666667,0.8333333333333333,0.8333333333333333,1.0,0.0,0.4545454545454545,1.0,0.0,1.0,0.0,0.0,0.0,0.0,0.0,0.0,0.0,0.0,0.0,0,13,147,0,160
Worcestershire,1068397,1.0,0.0,0.0,0.0,0.0,0.0,0.0,0.0,0.125,0.0,0.0,0.3333333333333333,0.5,0.2,0.0,0.0,0.0,0.0,1.0,0.0,0.0,0.0,0.0,0,0,26,0,26
Worcestershire,1068391,0.7999999999999998,0.0,0.0,0.0,0.0,0.0,0.3333333333333333,0.3333333333333333,0.0,0.0,0.18181818181818188,0.0,0.5,0.0,0.0,0.0,0.0,1.0,0.299719887955182,1.0,0.0,0.0,0.0,0,0,0,8,8
