teamname,match_id,batting_position,runs,balls,fours,sixes,strike_rate,overs,total_balls,dots,maidens,conceded,fours_conceded,sixes_conceded,wickets,LBW,Bowled,noballs,wides,economy_rate,catches,stumping,direct_hit,indirect_hit,strike_rate_fp,batting_fp,bowling_fp,fielding_fp,total_fp
Rangpur Rangers,1208088,1.0,0.35555555555555557,0.2272727272727273,0.16666666666666666,0.0,0.974350854971501,0.0,0.0,0.0,0.0,0.0,0.0,0.0,0.0,0.0,0.0,0.0,0.0,0.0,1.0,0.0,0.0,0.0,0,20,0,8,28
Rangpur Rangers,1208082,0.4,0.35555555555555557,0.3863636363636364,0.0,0.0,0.6333122229259025,0.0,0.0,0.0,0.0,0.0,0.0,0.0,0.0,0.0,0.0,0.0,0.0,0.0,1.0,0.0,0.0,0.0,0,16,0,8,24
Chittagong Vikings,1169421,0.20000000000000007,0.5333333333333333,0.36363636363636365,0.3333333333333333,1.0,1.0,0.0,0.0,0.0,0.0,0.0,0.0,0.0,0.0,0.0,0.0,0.0,0.0,0.0,0.0,0.0,0.0,0.0,0,38,0,0,38
Chittagong Vikings,1169413,0.0,0.0,0.0,0.0,0.0,0.0,0.0,0.0,0.0,0.0,0.0,0.0,0.0,0.0,0.0,0.0,0.0,0.0,0.0,0.0,0.0,0.0,0.0,0,-2,0,0,-2
Dhaka Dynamites,1121278,0.20000000000000007,0.2,0.27272727272727276,0.16666666666666666,0.0,0.4749841671944269,0.0,0.0,0.0,0.0,0.0,0.0,0.0,0.0,0.0,0.0,0.0,0.0,0.0,0.0,0.0,0.0,1.0,-2,11,0,6,17
Dhaka Dynamites,935325,0.0,0.35555555555555557,0.3863636363636364,0.5,0.0,0.6333122229259025,0.0,0.0,0.0,0.0,0.0,0.0,0.0,0.0,0.0,0.0,0.0,0.0,0.0,1.0,0.0,0.0,0.0,0,28,0,8,36
Dhaka Dynamites,935315,0.0,0.22222222222222224,0.18181818181818182,0.0,0.0,0.7196801773274224,0.0,0.0,0.0,0.0,0.0,0.0,0.0,0.0,0.0,0.0,0.0,0.0,0.0,1.0,0.0,0.0,0.0,0,10,0,8,18
Dhaka Dynamites,935305,0.0,0.33333333333333337,0.27272727272727276,0.5,0.0,0.7916402786573782,0.0,0.0,0.0,0.0,0.0,0.0,0.0,0.0,0.0,0.0,0.0,0.0,0.0,1.0,0.0,0.0,0.0,0,27,0,8,35
Dhaka Dynamites,935301,0.0,1.0,1.0,1.0,0.0,0.7579164027865738,0.0,0.0,0.0,0.0,0.0,0.0,0.0,0.0,0.0,0.0,0.0,0.0,0.0,1.0,0.0,0.0,0.0,0,73,0,8,81
