teamname,match_id,batting_position,runs,balls,fours,sixes,strike_rate,overs,total_balls,dots,maidens,conceded,fours_conceded,sixes_conceded,wickets,LBW,Bowled,noballs,wides,economy_rate,catches,stumping,direct_hit,indirect_hit,strike_rate_fp,batting_fp,bowling_fp,fielding_fp,total_fp
Antigua and Barbuda Falcons,1428700,0.0,1.0,1.0,1.0,1.0,1.0,0.6666666666666666,0.6666666666666666,0.8333333333333333,0.0,0.6842105263157894,0.0,1.0,0.0,0.0,0.0,0.0,1.0,0.65,0.0,0.0,0.0,1.0,0,29,7,6,42
Antigua and Barbuda Falcons,1428697,0.0,0.0,0.0,0.0,0.0,0.0,0.3333333333333333,0.3333333333333333,0.8333333333333333,0.0,0.05263157894736842,0.0,0.0,1.0,0.0,0.0,0.0,0.0,0.1,1.0,0.0,0.0,0.0,0,0,30,8,38
Jamaica Tallawahs,1323157,1.0,0.0,0.0,0.0,0.0,0.0,0.6666666666666666,0.6666666666666666,0.5,0.0,0.9473684210526315,1.0,0.0,0.0,0.0,0.0,0.0,0.0,0.9,0.0,0.0,0.0,0.0,0,0,3,0,3
Jamaica Tallawahs,1323155,1.0,0.0,0.0,0.0,0.0,0.0,1.0,1.0,1.0,0.0,1.0,0.0,1.0,1.0,0.0,0.0,0.0,1.0,0.633,1.0,0.0,0.0,1.0,0,0,33,14,47
Jamaica Tallawahs,1323152,1.0,0.06666666666666667,0.16666666666666666,0.0,0.0,0.4,0.3333333333333333,0.3333333333333333,0.16666666666666666,0.0,0.5263157894736842,0.0,1.0,0.0,0.0,0.0,0.0,0.0,1.0,0.0,0.0,0.0,0.0,0,1,1,0,2
Jamaica Tallawahs,1269711,1.0,0.2,0.5,0.0,0.0,0.4,0.0,0.0,0.0,0.0,0.0,0.0,0.0,0.0,0.0,0.0,0.0,0.0,0.0,0.0,0.0,0.0,0.0,0,3,0,0,3
