teamname,match_id,batting_position,runs,balls,fours,sixes,strike_rate,overs,total_balls,dots,maidens,conceded,fours_conceded,sixes_conceded,wickets,LBW,Bowled,noballs,wides,economy_rate,catches,stumping,direct_hit,indirect_hit,strike_rate_fp,batting_fp,bowling_fp,fielding_fp,total_fp
Malaysia,811137,0.5999999999999999,0.0,0.0,0.0,0.0,0.0,1.0,1.0,0.07692307692307693,0.0,1.0,0.6666666666666666,1.0,1.0,0.0,0.0,0.0,1.0,0.7428571428571429,0.5,0.0,0.0,0.0,0,0,27,8,35
Malaysia,811125,0.7999999999999998,1.0,1.0,1.0,0.0,1.0,1.0,1.0,0.07692307692307693,0.0,0.9285714285714286,0.6666666666666666,1.0,0.0,0.0,0.0,0.0,0.3333333333333333,0.6857142857142857,1.0,0.0,0.0,0.0,0,10,4,16,30
Malaysia,811119,0.7999999999999998,0.0,0.0,0.0,0.0,0.0,0.5,0.5,0.07692307692307693,0.0,0.24999999999999994,0.0,0.5,0.0,0.0,0.0,0.0,0.0,0.3337142857142857,0.0,0.0,0.0,0.0,0,0,6,0,6
Malaysia,811111,0.3999999999999999,0.0,0.0,0.0,0.0,0.0,0.5,0.5,0.5384615384615385,0.0,0.035714285714285754,0.0,0.5,1.0,0.0,1.0,0.0,0.0,0.10514285714285715,0.0,0.0,0.0,0.0,0,0,49,0,49
Malaysia,778029,1.0,0.0,0.0,0.0,0.0,0.0,0.0,0.0,0.0,0.0,0.42857142857142855,1.0,0.5,0.0,0.0,0.0,0.0,0.0,1.0,0.5,0.0,0.0,0.0,0,0,-3,8,5
Malaysia,778021,0.0,0.0,0.0,0.0,0.0,0.0,1.0,1.0,1.0,0.0,0.07142857142857145,0.3333333333333333,0.0,1.0,0.0,1.0,0.0,1.0,0.0,0.5,0.0,0.0,0.0,0,0,55,8,63
Malaysia,778017,0.0,0.0,0.0,0.0,0.0,0.0,0.5,0.5,0.5384615384615385,0.0,0.0,0.0,0.0,1.0,0.0,0.0,0.0,0.3333333333333333,0.06628571428571428,0.0,0.0,0.0,0.0,0,0,41,0,41
