teamname,match_id,batting_position,runs,balls,fours,sixes,strike_rate,overs,total_balls,dots,maidens,conceded,fours_conceded,sixes_conceded,wickets,LBW,Bowled,noballs,wides,economy_rate,catches,stumping,direct_hit,indirect_hit,strike_rate_fp,batting_fp,bowling_fp,fielding_fp,total_fp
Lesotho,1343767,0.125,0.0,0.0,0.0,0.0,0.0,0.5,0.5,0.41666666666666663,0.0,0.3695652173913043,0.2,1.0,0.0,0.0,0.0,0.0,0.2,0.6296296296296295,0.0,0.0,0.0,0.0,0,0,5,0,5
Lesotho,1343757,0.625,0.1,0.2857142857142857,0.0,0.0,0.16666666666666669,0.75,0.75,0.5,0.0,0.43478260869565216,0.2,0.0,1.0,0.0,1.0,0.0,0.4,0.49407407407407405,0.0,0.0,0.0,0.0,0,1,66,0,67
Lesotho,1343753,0.625,0.0,0.14285714285714285,0.0,0.0,0.0,1.0,1.0,0.41666666666666663,0.0,1.0,1.0,1.0,1.0,1.0,0.0,0.0,0.2,0.8518518518518519,0.0,0.0,0.0,0.0,0,-2,59,0,57
Lesotho,1343745,1.0,1.0,0.7142857142857142,0.0,1.0,0.6666666666666667,0.0,0.0,0.0,0.0,0.0,0.0,0.0,0.0,0.0,0.0,0.0,0.0,0.0,0.0,0.0,0.0,0.0,0,16,0,0,16
Lesotho,1343741,0.75,0.0,0.14285714285714285,0.0,0.0,0.0,0.70825,0.7083333333333333,1.0,0.0,0.2608695652173913,0.0,0.0,1.0,0.0,1.0,1.0,1.0,0.31407407407407406,0.0,0.0,0.0,0.0,0,-2,76,0,74
Lesotho,1283036,0.375,0.6000000000000001,0.2857142857142857,0.0,1.0,1.0,0.5,0.5,0.25,0.0,0.5869565217391304,0.8,1.0,0.0,0.0,0.0,0.0,0.0,1.0,1.0,0.0,0.0,0.0,0,12,-3,8,17
Lesotho,1283030,0.0,0.5,1.0,1.0,0.0,0.23810000000000003,0.25,0.25,0.0,0.0,0.17391304347826086,0.0,0.0,0.0,0.0,0.0,0.0,0.0,0.5925925925925926,0.0,0.0,0.0,0.0,0,9,0,0,9
Lesotho,1283025,0.625,0.0,0.14285714285714285,0.0,0.0,0.0,1.0,1.0,0.75,0.0,0.6956521739130435,0.8,0.0,1.0,1.0,1.0,0.0,0.8,0.5925925925925926,0.0,0.0,0.0,0.0,0,-2,75,0,73
