teamname,match_id,batting_position,runs,balls,fours,sixes,strike_rate,overs,total_balls,dots,maidens,conceded,fours_conceded,sixes_conceded,wickets,LBW,Bowled,noballs,wides,economy_rate,catches,stumping,direct_hit,indirect_hit,strike_rate_fp,batting_fp,bowling_fp,fielding_fp,total_fp
Netherlands,1454821,0.0,0.125,0.21428571428571427,0.0,0.0,0.5833406247265728,1.0,1.0,1.0,1.0,0.2894736842105263,0.25,0.3333333333333333,1.0,0.0,1.0,0.0,1.0,0.04661016949152541,0.0,0.0,0.0,0.0,0,2,152,0,154
Netherlands,1454820,0.3333333333333335,0.0,0.0,0.0,0.0,0.0,0.6666666666666667,0.6666666666666667,0.47058823529411764,0.0,0.23684210526315788,0.0,0.0,0.0,0.0,0.0,0.0,1.0,0.14124293785310738,0.0,0.0,0.0,0.0,0,0,15,0,15
Netherlands,1446766,0.3333333333333335,1.0,1.0,1.0,0.0,1.0,1.0,1.0,0.7058823529411764,0.0,0.6578947368421053,1.0,0.3333333333333333,0.25,0.0,1.0,0.0,0.0,0.5409604519774012,0.0,0.0,0.0,0.0,0,20,46,0,66
Netherlands,1446764,0.0,0.1875,0.2857142857142857,0.0,0.0,0.6562253915478169,1.0,1.0,0.8235294117647058,1.0,0.44736842105263164,0.5,0.3333333333333333,0.75,0.0,1.0,0.0,0.0,0.2584745762711864,1.0,0.0,0.0,0.0,0,3,118,8,129
Netherlands,1446763,1.0,0.0,0.0,0.0,0.0,0.0,0.6666666666666667,0.6666666666666667,0.7647058823529411,0.0,0.15789473684210528,0.25,0.3333333333333333,0.5,1.0,0.0,0.0,0.0,0.0,0.0,0.0,0.0,0.0,0,0,78,0,78
Netherlands,1446761,0.0,0.0,0.0,0.0,0.0,0.0,1.0,1.0,0.7058823529411764,0.0,0.6842105263157895,0.75,0.6666666666666666,0.75,0.0,1.0,0.0,0.5,0.576271186440678,0.0,0.0,0.0,0.0,0,0,100,0,100
Netherlands,1428154,0.6666666666666665,0.0,0.14285714285714285,0.0,0.0,0.0,1.0,1.0,0.23529411764705882,0.0,1.0,0.75,1.0,0.25,0.0,1.0,0.0,0.0,1.0,0.0,0.0,0.0,0.0,0,-2,36,0,34
Netherlands,1422041,0.6666666666666665,0.0,0.07142857142857142,0.0,0.0,0.0,0.0,0.0,0.0,0.0,0.0,0.0,0.0,0.0,0.0,0.0,0.0,0.0,0.18785310734463279,0.0,0.0,0.0,0.0,0,0,1,0,1
