teamname,match_id,batting_position,runs,balls,fours,sixes,strike_rate,overs,total_balls,dots,maidens,conceded,fours_conceded,sixes_conceded,wickets,LBW,Bowled,noballs,wides,economy_rate,catches,stumping,direct_hit,indirect_hit,strike_rate_fp,batting_fp,bowling_fp,fielding_fp,total_fp
Meghalaya,1205720,0.0,1.0,1.0,1.0,0.0,0.8462000000000001,0.0,0.0,0.0,0.0,0.0,0.0,0.0,0.0,0.0,0.0,0.0,0.0,0.0,0.0,0.0,0.0,0.0,0,15,0,0,15
Meghalaya,1205836,0.0,0.0,0.0,0.0,0.0,0.0,0.0,0.0,0.0,0.0,0.0,0.0,0.0,0.0,0.0,0.0,0.0,0.0,0.0,0.0,0.0,0.0,0.0,0,0,0,0,0
Meghalaya,1205818,0.6666666666666665,0.0,0.0,0.0,0.0,0.0,0.0,0.0,0.0,0.0,0.0,0.0,0.0,0.0,0.0,0.0,0.0,0.0,0.0,0.0,0.0,0.0,0.0,0,0,0,0,0
Meghalaya,1205801,1.0,0.2727272727272727,0.23076923076923078,0.0,0.0,1.0,0.5,0.5,0.0,0.0,0.8333333333333334,0.0,1.0,0.0,0.0,0.0,0.0,1.0,0.8928571428571428,0.0,0.0,0.0,0.0,0,3,-6,0,-3
Meghalaya,1205774,0.6666666666666665,0.0,0.0,0.0,0.0,0.0,1.0,1.0,1.0,0.0,1.0,1.0,1.0,1.0,0.0,0.0,0.0,0.2,0.5357142857142857,0.0,0.0,0.0,0.0,0,0,35,0,35
Meghalaya,1205756,0.0,0.0,0.0,0.0,0.0,0.0,0.25,0.25,0.0,0.0,0.4666666666666667,0.3333333333333333,1.0,0.0,0.0,0.0,0.0,0.0,1.0,0.0,0.0,0.0,0.0,0,0,0,0,0
Meghalaya,1205739,1.0,0.0,0.0,0.0,0.0,0.0,0.0,0.0,0.0,0.0,0.0,0.0,0.0,0.0,0.0,0.0,0.0,0.0,0.0,0.0,0.0,0.0,0.0,0,0,0,0,0
