teamname,match_id,batting_position,runs,balls,fours,sixes,strike_rate,overs,total_balls,dots,maidens,conceded,fours_conceded,sixes_conceded,wickets,LBW,Bowled,noballs,wides,economy_rate,catches,stumping,direct_hit,indirect_hit,strike_rate_fp,batting_fp,bowling_fp,fielding_fp,total_fp
New Zealand,1339618,1.0,0.0,0.0,0.0,0.0,0.0,0.75,0.75,0.6000000000000001,0.0,0.7906976744186046,0.8333333333333333,0.0,0.0,0.0,0.0,0.0,0.6666666666666666,0.8715384615384616,0.0,0.0,0.0,0.0,0,0,-1,0,-1
New Zealand,1339617,1.0,0.0,0.0,0.0,0.0,0.0,0.0,0.0,0.0,0.0,0.0,0.0,0.0,0.0,0.0,0.0,0.0,0.0,0.0,0.0,0.0,0.0,0.0,0,0,0,0,0
New Zealand,1339615,0.0,1.0,1.0,0.0,0.0,1.0,0.75,0.75,0.6000000000000001,0.0,0.9069767441860465,1.0,0.25,0.0,0.0,0.0,0.0,0.0,1.0,0.0,0.0,0.0,0.0,0,1,-3,0,-2
New Zealand,1322363,0.0,0.0,0.0,0.0,0.0,0.0,0.75,0.75,1.0,0.0,0.5813953488372093,0.3333333333333333,0.25,1.0,0.0,0.0,0.0,0.0,0.6407692307692308,0.0,0.0,0.0,0.0,0,0,30,0,30
New Zealand,1322362,0.0,1.0,1.0,0.0,0.0,1.0,1.0,1.0,1.0,0.0,1.0,0.0,1.0,1.0,0.0,0.0,0.0,1.0,0.826923076923077,0.0,0.0,0.0,0.0,0,1,28,0,29
