teamname,match_id,batting_position,runs,balls,fours,sixes,strike_rate,overs,total_balls,dots,maidens,conceded,fours_conceded,sixes_conceded,wickets,LBW,Bowled,noballs,wides,economy_rate,catches,stumping,direct_hit,indirect_hit,strike_rate_fp,batting_fp,bowling_fp,fielding_fp,total_fp
Costa Rica,1428746,1.0,0.07999999999999999,0.38,0.0,0.0,0.0,0.0,0.0,0.0,0.0,0.0,0.0,0.0,0.0,0.0,0.0,0.0,0.5,0.0,0.0,0.0,0.0,0.0,-6,0,3,0,3
Costa Rica,1428745,0.0,1.0,1.0,1.0,1.0,0.667923816707524,0.3333333333333333,0.3333333333333333,0.75,0.0,0.29411764705882354,1.0,0.0,1.0,1.0,1.0,0.0,0.5,0.0,1.0,0.0,0.0,0.0,0,74,108,8,190
Costa Rica,1428743,0.0,0.04,0.0,0.5,0.0,1.0,0.3333333333333333,0.3333333333333333,0.5,0.0,0.4705882352941176,1.0,0.0,0.3333333333333333,0.0,0.0,0.0,1.0,1.0,0.0,0.0,0.0,0.0,0,8,34,0,42
Costa Rica,1428744,0.0,0.0,0.08000000000000002,0.0,0.0,0.012257212898359404,1.0,1.0,1.0,0.0,1.0,1.0,0.0,0.0,0.0,0.0,0.0,0.0,0.3333333333333335,0.0,0.0,0.0,0.0,0,2,15,0,17
