teamname,match_id,batting_position,runs,balls,fours,sixes,strike_rate,overs,total_balls,dots,maidens,conceded,fours_conceded,sixes_conceded,wickets,LBW,Bowled,noballs,wides,economy_rate,catches,stumping,direct_hit,indirect_hit,strike_rate_fp,batting_fp,bowling_fp,fielding_fp,total_fp
Belize,1157700,0.6666666666666667,0.16666666666666666,0.3571428571428571,0.5,0.0,0.41668750000000004,0.33325,0.3333333333333333,0.375,0.0,0.45714285714285713,0.0,1.0,1.0,0.0,0.0,0.0,0.0,1.0,0.0,0.0,0.0,0.0,0,8,28,0,36
Belize,1157698,0.6666666666666667,1.0,1.0,1.0,1.0,1.0,0.75,0.75,0.875,0.0,0.5714285714285714,0.6666666666666666,0.0,0.0,0.0,0.0,0.0,0.25,0.5558333333333333,1.0,0.0,0.0,0.0,4,42,9,8,59
Belize,1157696,0.0,0.0,0.0,0.0,0.0,0.0,0.0,0.0,0.0,0.0,0.0,0.0,0.0,0.0,0.0,0.0,0.0,0.0,0.0,0.0,0.0,0.0,0.0,0,-2,0,0,-2
Belize,1157693,0.9999999999999998,0.16666666666666666,0.14285714285714285,0.5,0.0,0.8333125000000001,1.0,1.0,1.0,0.0,1.0,1.0,0.5,0.0,0.0,0.0,0.0,1.0,0.7291666666666666,0.0,0.0,0.0,0.0,0,8,8,0,16
Belize,1157691,0.9999999999999998,0.16666666666666666,0.21428571428571427,0.5,0.0,0.625,0.0,0.0,0.0,0.0,0.0,0.0,0.0,0.0,0.0,0.0,0.0,0.0,0.0,0.0,0.0,0.0,0.0,0,8,0,0,8
