teamname,match_id,batting_position,runs,balls,fours,sixes,strike_rate,overs,total_balls,dots,maidens,conceded,fours_conceded,sixes_conceded,wickets,LBW,Bowled,noballs,wides,economy_rate,catches,stumping,direct_hit,indirect_hit,strike_rate_fp,batting_fp,bowling_fp,fielding_fp,total_fp
Titans,1444790,0.20000000000000007,0.0,0.1,0.0,0.0,0.0,0.0,0.0,0.0,0.0,0.0,0.0,0.0,0.0,0.0,0.0,0.0,0.0,0.0,0.0,0.0,0.0,0.0,0,-2,0,0,-2
Titans,1334921,0.6,0.9,0.9500000000000001,0.5,0.0,0.5413714285714285,0.75,0.75,0.38461538461538464,0.0,0.7647058823529411,1.0,0.0,0.3333333333333333,0.0,0.0,0.0,0.0,1.0,0.0,0.0,0.0,0.0,0,22,30,0,52
Titans,1334919,0.8000000000000002,0.75,0.7000000000000001,1.0,0.0,0.6122285714285715,1.0,1.0,1.0,0.0,0.7058823529411764,0.25,1.0,1.0,0.0,0.0,0.0,0.0,0.6920415224913494,0.0,0.0,0.0,0.0,0,23,94,0,117
Titans,1334915,1.0,0.0,0.0,0.0,0.0,0.0,1.0,1.0,0.8461538461538463,0.0,0.8235294117647058,0.25,1.0,1.0,0.0,0.0,0.0,0.0,0.8073817762399077,1.0,0.0,0.0,0.0,0,0,92,8,100
Titans,1334910,0.8000000000000002,0.35000000000000003,0.2,0.0,1.0,1.0,0.25,0.25,0.07692307692307693,0.0,0.14705882352941177,0.0,0.0,0.0,0.0,0.0,0.0,0.0,0.5767012687427913,0.0,0.0,0.0,0.0,0,13,1,0,14
Titans,1334906,0.20000000000000007,1.0,1.0,0.5,0.0,0.5714285714285714,0.75,0.75,0.5384615384615385,0.0,0.6176470588235294,0.25,0.5,0.3333333333333333,0.0,0.0,0.0,0.0,0.8073817762399077,0.0,0.0,0.0,0.0,0,24,34,0,58
Titans,1334902,0.6,0.75,0.55,0.0,1.0,0.7792000000000001,1.0,1.0,0.7692307692307693,0.0,1.0,0.5,1.0,0.3333333333333333,0.0,0.0,0.0,1.0,0.9803921568627451,0.0,0.0,0.0,1.0,2,23,35,6,64
Titans,1334891,0.0,0.05,0.15000000000000002,0.0,0.0,0.19045714285714285,1.0,1.0,0.9230769230769231,0.0,0.5882352941176471,0.5,0.0,0.3333333333333333,0.0,0.0,0.0,0.0,0.5767012687427913,0.0,0.0,0.0,1.0,0,1,41,6,48
