teamname,match_id,batting_position,runs,balls,fours,sixes,strike_rate,overs,total_balls,dots,maidens,conceded,fours_conceded,sixes_conceded,wickets,LBW,Bowled,noballs,wides,economy_rate,catches,stumping,direct_hit,indirect_hit,strike_rate_fp,batting_fp,bowling_fp,fielding_fp,total_fp
Puducherry,1157209,0.0,0.0,0.0,0.0,0.0,0.0,0.0,0.0,0.0,0.0,0.3999999999999999,1.0,0.0,0.0,0.0,0.0,0.0,0.0,0.8879999999999999,0.0,0.0,0.0,0.0,0,0,5,0,5
Puducherry,1157191,0.888888888888889,0.0,1.0,0.0,0.0,0.0,1.0,1.0,0.875,0.0,0.33333333333333326,1.0,0.0,1.0,0.0,1.0,0.0,0.0,0.33333333333333326,1.0,0.0,0.0,0.0,0,-2,74,8,80
Puducherry,1157172,0.6666666666666666,0.0,0.0,0.0,0.0,0.0,1.0,1.0,1.0,0.0,0.0,0.5,0.0,0.5,0.0,1.0,0.0,0.0,0.0,0.0,0.0,0.0,0.0,0,0,52,0,52
Puducherry,1157157,0.9999999999999999,0.0,0.0,0.0,0.0,0.0,1.0,1.0,0.25,0.0,0.9999999999999998,1.0,1.0,0.0,0.0,0.0,0.0,0.0,0.9999999999999998,0.0,0.0,0.0,0.0,0,0,7,0,7
Puducherry,1157140,0.888888888888889,0.0,0.0,0.0,0.0,0.0,1.0,1.0,0.625,0.0,0.33333333333333326,0.5,0.0,0.5,0.0,0.0,0.0,0.0,0.33333333333333326,0.0,0.0,0.0,0.0,0,0,39,0,39
Puducherry,1157123,0.9999999999999999,0.0,0.0,0.0,0.0,0.0,0.0,0.0,0.125,0.0,0.19999999999999996,0.0,0.0,0.0,0.0,0.0,0.0,0.0,0.6213333333333333,0.0,0.0,0.0,0.0,0,0,8,0,8
