teamname,match_id,batting_position,runs,balls,fours,sixes,strike_rate,overs,total_balls,dots,maidens,conceded,fours_conceded,sixes_conceded,wickets,LBW,Bowled,noballs,wides,economy_rate,catches,stumping,direct_hit,indirect_hit,strike_rate_fp,batting_fp,bowling_fp,fielding_fp,total_fp
Tamil Nadu,1244407,0.7142857142857142,0.0,0.0,0.0,0.0,0.0,0.0,0.0,0.0,0.0,0.5555555555555555,0.0,1.0,0.0,0.0,0.0,0.0,0.3333333333333333,0.9140740740740739,0.0,0.0,0.0,0.0,0,0,32,0,32
Tamil Nadu,1244405,0.4285714285714286,0.0,0.0,0.0,0.0,0.0,1.0,1.0,0.625,0.0,0.4814814814814815,0.5,0.0,0.0,0.0,0.0,1.0,0.3333333333333333,0.4814814814814815,0.0,0.0,0.0,0.0,0,0,39,0,39
Tamil Nadu,1244402,0.1428571428571428,1.0,1.0,1.0,0.0,1.0,1.0,1.0,1.0,1.0,0.0,0.0,0.0,1.0,0.0,1.0,0.0,0.0,0.0,0.0,0.0,1.0,0.0,0,24,128,12,164
Tamil Nadu,1244330,0.0,0.0,0.0,0.0,0.0,0.0,1.0,1.0,0.25,0.0,0.9999999999999999,1.0,0.5,0.0,0.0,0.5,0.0,1.0,0.9999999999999999,1.0,0.0,0.0,0.0,0,0,40,16,56
Tamil Nadu,1244310,1.0,0.0,0.0,0.0,0.0,0.0,1.0,1.0,0.875,0.0,0.6296296296296297,1.0,0.0,1.0,0.0,0.0,0.0,0.6666666666666666,0.6296296296296297,0.0,0.0,0.0,0.0,0,0,93,0,93
