teamname,match_id,batting_position,runs,balls,fours,sixes,strike_rate,overs,total_balls,dots,maidens,conceded,fours_conceded,sixes_conceded,wickets,LBW,Bowled,noballs,wides,economy_rate,catches,stumping,direct_hit,indirect_hit,strike_rate_fp,batting_fp,bowling_fp,fielding_fp,total_fp
United States of America,1321483,0.0,1.0,1.0,0.0,0.0,1.0,0.0,0.0,0.09090909090909088,0.0,0.875,0.0,1.0,1.0,0.0,0.0,0.0,0.0,0.9999999999999999,1.0,0.0,0.0,0.0,0,8,22,8,38
United States of America,1321480,0.3333333333333335,0.0,0.09090909090909091,0.0,0.0,0.0,1.0,1.0,0.18181818181818182,0.0,0.5,0.0,0.0,1.0,0.0,0.0,0.0,0.0,0.07894736842105265,0.0,0.0,0.0,0.0,0,0,33,0,33
United States of America,1321475,0.3333333333333335,0.625,0.6363636363636364,0.0,0.0,0.9821256702873642,0.5,0.5,0.0,0.0,1.0,0.5,0.3333333333333333,1.0,1.0,0.0,0.0,1.0,0.5610526315789474,0.0,0.0,0.0,0.0,0,5,33,0,38
United States of America,1321470,0.6666666666666665,0.0,0.0,0.0,0.0,0.0,0.5,0.5,1.0,0.0,0.0,0.5,0.0,1.0,0.0,0.0,0.0,1.0,0.0,1.0,0.0,0.0,0.0,0,0,42,8,50
Melbourne Renegades,1023603,0.6666666666666665,0.0,0.0,0.0,0.0,0.0,0.0,0.0,0.09090909090909088,0.0,0.375,0.5,0.0,1.0,0.0,0.0,0.0,0.0,0.5789473684210525,0.0,0.0,0.0,1.0,0,0,26,6,32
Melbourne Renegades,897741,0.6666666666666665,0.0,0.0,0.0,0.0,0.0,0.5,0.5,0.45454545454545453,0.0,0.8125,1.0,0.0,1.0,0.0,0.0,0.0,0.0,0.4557894736842105,0.0,0.0,0.0,0.0,0,0,32,0,32
Melbourne Renegades,897709,1.0,0.0,0.0,0.0,0.0,0.0,0.0,0.0,0.18181818181818182,0.0,0.3125,0.25,0.3333333333333333,0.0,0.0,0.0,0.0,0.0,0.5263157894736842,0.0,0.0,0.0,0.0,0,0,2,0,2
