teamname,match_id,batting_position,runs,balls,fours,sixes,strike_rate,overs,total_balls,dots,maidens,conceded,fours_conceded,sixes_conceded,wickets,LBW,Bowled,noballs,wides,economy_rate,catches,stumping,direct_hit,indirect_hit,strike_rate_fp,batting_fp,bowling_fp,fielding_fp,total_fp
Suriname,1462901,0.857142857142857,0.2222222222222222,0.30000000000000004,0.0,0.0,0.7406666666666667,0.0,0.0,0.0,0.0,0.0,0.0,0.0,0.0,0.0,0.0,0.0,0.0,0.0,0.0,0.0,0.0,0.0,0,2,0,0,2
Suriname,1462897,0.0,1.0,1.0,1.0,0.0,1.0,0.0,0.0,0.0,0.0,0.0,0.0,0.0,0.0,0.0,0.0,0.0,0.0,0.0,0.0,0.0,0.0,0.0,-6,7,0,0,7
Suriname,1462895,0.857142857142857,0.0,0.05,0.0,0.0,0.0,0.5,0.5,1.0,0.0,0.7000000000000001,1.0,0.0,0.0,0.0,0.0,0.0,0.0,1.0,0.0,0.0,0.0,0.0,0,0,2,0,2
Suriname,1462888,0.857142857142857,0.0,0.0,0.0,0.0,0.0,1.0,1.0,1.0,0.0,1.0,0.3333333333333333,1.0,0.0,0.0,0.0,0.0,0.0,0.7142857142857142,1.0,0.0,0.0,0.0,0,0,0,8,8
Suriname,1462886,1.0,0.0,0.0,0.0,0.0,0.0,0.5,0.5,1.0,0.0,0.35000000000000003,0.0,0.0,0.0,0.0,0.0,0.0,1.0,0.5,1.0,0.0,0.0,0.0,0,0,2,8,10
