teamname,match_id,batting_position,runs,balls,fours,sixes,strike_rate,overs,total_balls,dots,maidens,conceded,fours_conceded,sixes_conceded,wickets,LBW,Bowled,noballs,wides,economy_rate,catches,stumping,direct_hit,indirect_hit,strike_rate_fp,batting_fp,bowling_fp,fielding_fp,total_fp
Jammu & Kashmir,1244306,1.0,0.0,0.16666666666666666,0.0,0.0,0.0,1.0,1.0,0.11111111111111116,0.0,0.9583333333333334,0.4,0.3333333333333333,0.0,0.0,0.0,0.0,1.0,0.5862068965517242,0.0,0.0,0.0,0.0,0,-2,5,0,3
Jammu & Kashmir,1205741,1.0,0.4444444444444444,0.8333333333333333,1.0,0.0,0.5333333333333333,0.0,0.0,0.11111111111111116,0.0,0.0,0.0,0.0,0.0,0.0,0.0,0.0,0.5,0.24137931034482762,0.0,0.0,0.0,0.0,0,8,7,0,15
Jammu & Kashmir,1205831,0.3999999999999999,0.0,0.0,0.0,0.0,0.0,1.0,1.0,0.4444444444444444,0.0,0.9999999999999999,0.4,0.6666666666666666,0.0,0.0,0.0,0.0,0.0,0.6206896551724137,1.0,0.0,0.0,0.0,0,0,8,8,16
Jammu & Kashmir,1205820,0.0,0.0,0.0,0.0,0.0,0.0,1.0,1.0,1.0,0.0,0.25,0.20000000000000007,0.0,0.5,0.0,1.0,0.0,0.5,0.0,0.0,0.0,0.0,0.0,0,0,52,0,52
Jammu & Kashmir,1205784,1.0,0.0,0.0,0.0,0.0,0.0,1.0,1.0,0.6666666666666667,0.0,0.5833333333333334,0.0,0.3333333333333333,1.0,0.0,0.0,0.0,0.5,0.27586206896551724,0.0,0.0,0.0,0.0,0,0,62,0,62
Jammu & Kashmir,1157109,0.7999999999999998,0.0,0.0,0.0,0.0,0.0,0.5,0.5,0.33333333333333326,0.0,0.8749999999999999,0.4,0.6666666666666666,0.5,0.0,0.0,0.0,0.5,0.9075862068965517,0.0,0.0,0.0,0.0,0,0,28,0,28
Jammu & Kashmir,1157093,0.0,0.0,0.0,0.0,0.0,0.0,1.0,1.0,0.33333333333333326,0.0,0.6249999999999999,0.0,0.3333333333333333,0.0,0.0,0.0,0.0,0.0,0.31034482758620685,0.0,0.0,0.0,0.0,0,0,9,0,9
Jammu & Kashmir,1130713,0.5999999999999999,0.0,0.0,0.0,0.0,0.0,1.0,1.0,0.7777777777777777,0.0,0.9583333333333334,0.0,1.0,1.0,0.0,0.0,0.0,0.0,0.5862068965517242,0.0,0.0,0.0,0.0,0,0,61,0,61
Jammu & Kashmir,1130669,1.0,1.0,1.0,1.0,0.0,1.0,0.4165000000000001,0.4166666666666665,0.0,0.0,0.8749999999999999,1.0,0.0,0.0,0.0,0.0,0.0,0.0,1.0,0.0,0.0,0.0,0.0,0,13,-2,0,11
