teamname,match_id,batting_position,runs,balls,fours,sixes,strike_rate,overs,total_balls,dots,maidens,conceded,fours_conceded,sixes_conceded,wickets,LBW,Bowled,noballs,wides,economy_rate,catches,stumping,direct_hit,indirect_hit,strike_rate_fp,batting_fp,bowling_fp,fielding_fp,total_fp
Hampshire,1410414,1.0,0.0,0.0,0.0,0.0,0.0,0.0,0.0,0.0,0.0,0.0,0.0,0.0,0.0,0.0,0.0,0.0,0.0,0.0,1.0,0.0,0.0,0.0,0,0,0,8,8
Hampshire,1207780,0.75,0.4444444444444444,0.5454545454545454,0.0,0.0,0.5000375009375234,1.0,1.0,1.0,0.0,0.8076923076923077,1.0,0.0,1.0,1.0,0.0,0.0,1.0,0.6055363321799307,0.0,0.0,0.0,0.0,0,4,74,0,78
Hampshire,1207777,0.25,0.8888888888888888,0.5454545454545454,1.0,0.0,1.0,0.75,0.75,0.41666666666666663,0.0,1.0,0.6666666666666666,1.0,0.5,0.0,0.0,0.0,0.0,1.0,0.0,0.0,0.0,0.0,0,16,30,0,46
Hampshire,1207734,0.0,1.0,1.0,0.0,0.0,0.6136653416335407,0.25,0.25,0.08333333333333333,0.0,0.2692307692307693,0.0,0.0,0.0,0.0,0.0,0.0,1.0,0.8073817762399077,0.0,0.0,0.0,0.0,0,9,1,0,10
