teamname,match_id,batting_position,runs,balls,fours,sixes,strike_rate,overs,total_balls,dots,maidens,conceded,fours_conceded,sixes_conceded,wickets,LBW,Bowled,noballs,wides,economy_rate,catches,stumping,direct_hit,indirect_hit,strike_rate_fp,batting_fp,bowling_fp,fielding_fp,total_fp
Seychelles,1343761,0.4444444444444445,0.1,0.6923076923076923,0.0,0.0,0.11907142857142858,0.0,0.0,0.0,0.0,0.0,0.0,0.0,0.0,0.0,0.0,0.0,0.0,0.0,0.0,0.0,0.0,0.0,-6,-3,0,0,-3
Seychelles,1343747,0.4444444444444445,0.6333333333333333,0.6923076923076923,0.3333333333333333,0.0,0.754,0.0,0.0,0.0,0.0,0.0,0.0,0.0,0.0,0.0,0.0,0.0,0.0,0.0,0.0,0.0,0.0,0.0,0,23,0,0,23
Seychelles,1343743,0.0,0.0,0.0,0.0,0.0,0.0,0.5,0.5,0.30000000000000004,0.0,0.8125,0.75,1.0,0.0,0.0,0.0,0.0,0.5,1.0,0.0,0.0,0.0,0.0,0,0,-3,0,-3
Seychelles,1283041,0.4444444444444445,0.2,0.6538461538461539,0.0,0.0,0.25207142857142856,0.0,0.0,0.0,0.0,0.0,0.0,0.0,0.0,0.0,0.0,0.0,0.0,0.0,0.0,0.0,0.0,0.0,-6,0,0,0,0
Seychelles,1283033,0.4444444444444445,0.3,0.6923076923076923,0.0,0.0,0.35714285714285715,1.0,1.0,1.0,0.0,1.0,0.5,1.0,0.0,0.0,0.0,1.0,1.0,0.6153846153846154,0.0,0.0,0.0,0.0,-4,5,10,0,15
Seychelles,1283035,1.0,0.0,0.0,0.0,0.0,0.0,0.5,0.5,0.5,0.0,0.59375,0.5,1.0,1.0,0.0,0.0,0.0,0.0,0.7307692307692308,0.0,0.0,0.0,0.0,0,0,55,0,55
Seychelles,1283025,0.4444444444444445,0.23333333333333334,0.19230769230769232,0.0,1.0,1.0,0.75,0.75,0.7000000000000001,0.0,0.78125,1.0,0.0,0.0,0.0,0.0,0.0,0.0,0.6407692307692308,0.0,0.0,0.0,0.0,0,13,7,0,20
Seychelles,1283023,0.4444444444444445,1.0,1.0,1.0,0.0,0.8241428571428571,0.0,0.0,0.0,0.0,0.0,0.0,0.0,0.0,0.0,0.0,0.0,0.0,0.0,0.0,0.0,0.0,1.0,0,46,0,6,52
