teamname,match_id,batting_position,runs,balls,fours,sixes,strike_rate,overs,total_balls,dots,maidens,conceded,fours_conceded,sixes_conceded,wickets,LBW,Bowled,noballs,wides,economy_rate,catches,stumping,direct_hit,indirect_hit,strike_rate_fp,batting_fp,bowling_fp,fielding_fp,total_fp
Germany,1339209,1.0,0.0,0.0,0.0,0.0,0.0,0.25,0.25,0.1764705882352941,0.0,0.22580645161290322,0.5,0.0,0.0,0.0,0.0,0.0,0.0,0.8235294117647058,0.0,0.0,0.0,1.0,0,0,3,6,9
Germany,1339208,0.7999999999999998,0.0,0.0,0.0,0.0,0.0,0.0,0.0,0.0,0.0,0.0,0.0,0.0,0.0,0.0,0.0,0.0,0.0,0.0,0.0,0.0,0.0,0.0,0,0,0,0,0
Germany,1339205,0.19999999999999996,0.0,0.0,0.0,0.0,0.0,1.0,1.0,0.3529411764705882,0.0,1.0,0.5,1.0,0.6666666666666666,0.0,0.0,0.0,0.0,0.9117647058823529,1.0,0.0,0.0,0.0,0,0,56,16,72
Germany,1318362,0.0,1.0,1.0,1.0,0.0,1.0,1.0,1.0,0.5882352941176471,0.0,0.9354838709677419,1.0,0.5,0.6666666666666666,0.0,0.0,0.0,0.0,0.8529411764705882,0.5,0.0,0.0,0.0,0,12,60,8,80
Germany,1318359,0.19999999999999996,0.375,1.0,0.0,0.0,0.375,0.5,0.5,0.3529411764705882,0.0,0.5483870967741935,0.0,1.0,0.0,0.0,0.0,0.0,0.0,1.0,0.0,0.0,0.0,0.0,0,3,6,0,9
Germany,1318357,0.19999999999999996,0.25,0.6000000000000001,0.0,0.0,0.41668750000000004,1.0,1.0,1.0,1.0,0.3870967741935484,0.5,0.0,1.0,0.0,0.0,0.0,0.0,0.3529411764705882,1.0,0.0,0.0,0.0,0,2,114,16,132
Germany,1318358,0.3999999999999999,0.75,1.0,1.0,0.0,0.75,0.75,0.75,0.8235294117647058,1.0,0.3548387096774194,0.0,0.5,0.3333333333333333,0.0,0.0,0.0,1.0,0.43176470588235294,0.0,0.0,0.0,0.0,0,10,57,0,67
