teamname,match_id,batting_position,runs,balls,fours,sixes,strike_rate,overs,total_balls,dots,maidens,conceded,fours_conceded,sixes_conceded,wickets,LBW,Bowled,noballs,wides,economy_rate,catches,stumping,direct_hit,indirect_hit,strike_rate_fp,batting_fp,bowling_fp,fielding_fp,total_fp
Canada,1450823,1.0,0.0,0.0,0.0,0.0,0.0,0.25,0.25,0.30000000000000004,0.0,0.39285714285714285,0.3333333333333333,1.0,0.0,0.0,0.0,0.0,0.0,0.8461538461538463,0.0,0.0,0.0,0.0,0,0,3,0,3
Baroda,1280259,0.0,0.0,0.0,0.0,0.0,0.0,0.5,0.5,0.4,0.0,0.39285714285714285,0.3333333333333333,0.0,0.0,0.0,0.0,0.0,0.0,0.42307692307692313,0.0,0.0,0.0,0.0,0,0,8,0,8
Baroda,1280241,0.5,0.0,0.0,0.0,0.0,0.0,1.0,1.0,1.0,0.0,1.0,1.0,1.0,1.0,0.0,0.0,0.0,0.0,0.5384615384615385,1.0,0.0,0.0,0.0,0,0,37,8,45
Baroda,1280221,1.0,0.0,0.0,0.0,0.0,0.0,0.0,0.0,0.0,0.0,0.0,0.0,0.0,0.0,0.0,0.0,0.0,0.0,0.0,0.0,0.0,0.0,0.0,0,0,0,0,0
Baroda,1280203,0.5,1.0,1.0,1.0,0.0,1.0,0.25,0.25,0.1,0.0,0.46428571428571425,0.3333333333333333,1.0,0.0,0.0,0.0,0.0,0.0,1.0,0.0,0.0,0.0,0.0,0,10,1,0,11
