teamname,match_id,batting_position,runs,balls,fours,sixes,strike_rate,overs,total_balls,dots,maidens,conceded,fours_conceded,sixes_conceded,wickets,LBW,Bowled,noballs,wides,economy_rate,catches,stumping,direct_hit,indirect_hit,strike_rate_fp,batting_fp,bowling_fp,fielding_fp,total_fp
Bahrain,1474263,0.5,0.0,0.0,0.0,0.0,0.0,1.0,1.0,0.5,0.0,1.0,1.0,1.0,0.5,0.0,0.0,0.0,0.0,0.9068627450980393,1.0,0.0,0.0,0.0,0,0,58,8,66
Bahrain,1474262,1.0,0.0,0.0,0.0,0.0,0.0,1.0,1.0,0.8125,0.0,0.8108108108108109,0.5,1.0,0.5,0.0,0.0,0.0,0.0,0.7352941176470589,0.0,0.0,0.0,0.0,0,0,63,0,63
Bahrain,1471824,0.25,0.19230769230769232,0.21739130434782608,0.0,0.0,0.8181966944853544,0.41675,0.41666666666666663,0.125,0.0,0.4594594594594595,0.5,0.3333333333333333,0.0,0.0,0.0,0.0,0.0,1.0,0.0,0.0,0.0,0.0,0,5,2,0,7
Bahrain,1471823,0.0,0.0,0.0,0.0,0.0,0.0,0.0,0.0,0.0,0.0,0.0,0.0,0.0,0.0,0.0,0.0,0.0,0.0,0.0,0.0,0.0,0.0,0.0,0,0,0,0,0
Bahrain,1471822,0.75,0.0,0.0,0.0,0.0,0.0,1.0,1.0,0.5625,0.0,0.6216216216216217,0.5,0.3333333333333333,1.0,0.0,0.0,0.0,0.0,0.5637254901960785,1.0,0.0,0.0,0.0,0,0,121,8,129
Bahrain,1463665,0.0,0.42307692307692313,0.3913043478260869,1.0,0.0,1.0,1.0,1.0,1.0,0.0,0.24324324324324326,0.0,0.0,0.75,1.0,1.0,0.0,0.0,0.22058823529411767,0.0,0.0,0.0,1.0,0,15,117,6,138
Bahrain,1463661,0.0,0.07692307692307693,0.08695652173913043,0.0,0.0,0.8181966944853544,0.25,0.25,0.125,0.0,0.1891891891891892,0.5,0.0,0.0,0.0,0.0,0.0,0.0,0.6862745098039217,0.0,0.0,0.0,0.0,0,2,2,0,4
Bahrain,1463658,0.75,0.0,0.0,0.0,0.0,0.0,0.0,0.0,0.0,0.0,0.0,0.0,0.0,0.0,0.0,0.0,0.0,0.0,0.0,0.0,0.0,0.0,0.0,0,0,0,0,0
Bahrain,1463654,0.25,1.0,1.0,1.0,1.0,0.9248895434462445,0.0,0.0,0.0,0.0,0.0,0.0,0.0,0.0,0.0,0.0,0.0,0.0,0.0,0.0,0.0,0.0,0.0,0,40,0,0,40
