teamname,match_id,batting_position,runs,balls,fours,sixes,strike_rate,overs,total_balls,dots,maidens,conceded,fours_conceded,sixes_conceded,wickets,LBW,Bowled,noballs,wides,economy_rate,catches,stumping,direct_hit,indirect_hit,strike_rate_fp,batting_fp,bowling_fp,fielding_fp,total_fp
Portugal,1201669,1.0,0.47916666666666663,0.62,0.0,1.0,0.5391134778369459,1.0,1.0,1.0,0.0,0.0,0.0,0.0,0.0,0.0,0.5,0.0,0.25,0.0,0.0,0.0,0.0,0.0,0,29,50,0,79
Portugal,1201671,1.0,0.08333333333333333,0.039999999999999994,0.3333333333333333,0.0,1.0,1.0,1.0,0.75,0.0,0.29999999999999993,0.5,0.0,1.0,0.0,1.0,0.0,1.0,0.19157088122605365,0.0,0.0,0.0,0.0,0,8,108,0,116
Portugal,1201668,0.0,0.0,0.0,0.0,0.0,0.0,1.0,1.0,0.875,0.0,0.6,0.5,1.0,0.5,0.0,1.0,0.0,0.5,0.38314176245210724,0.0,0.0,0.0,0.0,0,0,78,0,78
Portugal,1155317,0.0,0.20833333333333331,0.24000000000000002,0.0,0.0,0.5769144228605715,0.0,0.0,0.0,0.0,1.0,1.0,1.0,0.0,0.0,0.0,0.0,1.0,1.0,0.0,0.0,0.0,0.0,0,10,24,0,34
Portugal,1155308,0.0,1.0,1.0,1.0,0.0,0.7059176479411985,0.0,0.0,0.375,0.0,0.25,0.0,0.0,1.0,0.0,0.5,0.0,0.0,0.36143039591315457,0.0,0.0,0.0,0.0,0,64,95,0,159
