teamname,match_id,batting_position,runs,balls,fours,sixes,strike_rate,overs,total_balls,dots,maidens,conceded,fours_conceded,sixes_conceded,wickets,LBW,Bowled,noballs,wides,economy_rate,catches,stumping,direct_hit,indirect_hit,strike_rate_fp,batting_fp,bowling_fp,fielding_fp,total_fp
Croatia,1444950,0.33333333333333326,0.4000000000000001,1.0,0.0,0.0,0.22222222222222227,1.0,1.0,0.5714285714285714,0.0,1.0,1.0,1.0,0.0,0.0,0.0,0.0,0.0,1.0,0.0,0.0,0.0,0.0,0,3,0,0,3
Croatia,1444951,0.9999999999999998,1.0000000000000002,0.0,0.0,1.0,1.0,0.6666666666666667,0.6666666666666667,0.5714285714285714,0.0,0.3269230769230769,0.6666666666666667,0.0,1.0,0.0,0.0,0.0,0.4,0.0,1.0,0.0,0.0,0.0,0,12,56,8,76
Croatia,1444948,0.0,0.0,1.0,0.0,0.0,0.0,0.6666666666666667,0.6666666666666667,0.9999999999999999,0.0,0.4230769230769231,1.0,0.16666666666666666,0.5,0.0,0.0,1.0,1.0,0.2522796352583587,0.0,0.0,0.0,0.0,0,1,32,0,33
Croatia,1444949,0.9999999999999998,0.6000000000000001,0.0,1.0,0.0,0.6296111111111111,0.0,0.0,0.0,0.0,0.0,0.0,0.0,0.0,0.0,0.0,0.0,0.0,0.050151975683890626,1.0,0.0,0.0,0.0,0,8,2,8,18
