teamname,match_id,batting_position,runs,balls,fours,sixes,strike_rate,overs,total_balls,dots,maidens,conceded,fours_conceded,sixes_conceded,wickets,LBW,Bowled,noballs,wides,economy_rate,catches,stumping,direct_hit,indirect_hit,strike_rate_fp,batting_fp,bowling_fp,fielding_fp,total_fp
Slovenia,1321299,0.0,1.0,0.9999999999999999,1.0,1.0,0.9999999999999999,0.0,0.0,0.0,0.0,0.0,0.0,0.0,0.0,0.0,0.0,0.0,0.0,0.0,1.0,0.0,0.0,0.0,0,76,0,8,84
Slovenia,1321296,0.0,0.3170731707317073,0.19354838709677413,0.6000000000000001,0.0,0.9431871390666459,0.5,0.5,1.0,0.0,0.29166666666666663,1.0,0.0,0.0,0.0,0.0,0.0,0.0,0.5833333333333333,0.0,0.0,0.0,0.0,0,30,2,0,32
Slovenia,1321291,0.6666666666666667,0.0,0.0,0.0,0.0,0.0,0.0,0.0,0.0,0.0,0.0,0.0,0.0,0.0,0.0,0.0,0.0,0.0,0.0,0.0,0.0,0.0,0.0,-6,-1,0,0,-1
Slovenia,1321286,1.0,0.3170731707317073,0.4193548387096774,0.0,1.0,0.46121429686280624,1.0,1.0,0.5,0.0,1.0,0.0,1.0,0.0,0.0,0.0,0.0,0.0,1.0,0.0,0.0,0.0,0.0,0,24,-3,0,21
