teamname,match_id,batting_position,runs,balls,fours,sixes,strike_rate,overs,total_balls,dots,maidens,conceded,fours_conceded,sixes_conceded,wickets,LBW,Bowled,noballs,wides,economy_rate,catches,stumping,direct_hit,indirect_hit,strike_rate_fp,batting_fp,bowling_fp,fielding_fp,total_fp
Sussex,1410448,1.0,0.6666666666666666,0.18181818181818182,1.0,0.0,1.0,0.5,0.5,0.0,0.0,0.9999999999999999,0.9999999999999999,0.3333333333333333,0.0,0.0,0.0,1.0,1.0,1.0,0.0,0.0,0.0,0.0,0,8,-3,0,5
Sussex,1347685,0.0,0.16666666666666666,0.5454545454545454,0.0,0.0,0.08335000000000001,0.0,0.0,0.33333333333333326,0.0,0.33333333333333337,0.33333333333333337,0.3333333333333333,0.25,0.0,0.0,0.0,0.0,0.7592975206611571,0.0,0.0,0.0,0.0,0,1,24,0,25
Sussex,1347683,0.0,0.0,0.18181818181818182,0.0,0.0,0.0,0.0,0.0,0.0,0.0,0.19999999999999996,0.16666666666666666,0.3333333333333333,0.25,0.0,1.0,0.0,1.0,0.5526859504132232,0.0,0.0,0.0,0.0,0,0,34,0,34
Sussex,1347673,0.0,0.0,0.0,0.0,0.0,0.0,0.0,0.0,0.16666666666666663,0.0,0.09999999999999998,0.33333333333333337,0.0,0.0,0.0,0.0,0.0,1.0,0.3977272727272727,0.0,0.0,0.0,0.0,0,0,4,0,4
Sussex,1347668,0.0,0.0,0.0,0.0,0.0,0.0,0.6665000000000001,0.6666666666666665,1.0,0.0,0.1333333333333333,0.0,0.3333333333333333,1.0,0.0,0.0,0.0,1.0,0.03615702479338845,1.0,0.0,0.0,0.0,0,0,119,8,127
Sussex,1347659,0.0,0.3333333333333333,0.09090909090909091,0.0,0.0,1.0,0.8334999999999999,0.8333333333333333,1.0,0.0,0.6666666666666666,0.16666666666666666,1.0,0.5,0.0,1.0,0.0,1.0,0.43078512396694213,1.0,0.0,0.0,0.0,0,2,67,8,77
Sussex,1347642,0.0,0.0,0.0,0.0,0.0,0.0,1.0,1.0,1.0,0.0,0.9999999999999999,0.8333333333333334,0.6666666666666666,0.5,1.0,0.0,1.0,0.0,0.6043388429752067,0.0,0.0,0.0,0.0,0,0,71,0,71
Sussex,1347609,1.0,1.0,1.0,0.0,0.0,0.27275,0.4165000000000001,0.4166666666666665,0.8333333333333333,0.0,0.0,0.16666666666666666,0.0,0.0,0.0,0.0,0.0,0.0,0.0,0.0,0.0,0.0,0.0,-4,2,12,0,14
