teamname,match_id,batting_position,runs,balls,fours,sixes,strike_rate,overs,total_balls,dots,maidens,conceded,fours_conceded,sixes_conceded,wickets,LBW,Bowled,noballs,wides,economy_rate,catches,stumping,direct_hit,indirect_hit,strike_rate_fp,batting_fp,bowling_fp,fielding_fp,total_fp
Pakistan,1432212,1.0,0.0,0.0,0.0,0.0,0.0,1.0,1.0,0.38461538461538464,0.0,0.7837837837837838,0.25,0.25,0.0,0.0,0.0,0.0,1.0,0.7837837837837838,0.0,0.0,0.0,0.0,0,0,5,0,5
Pakistan,1432211,1.0,0.0,0.0,0.0,0.0,0.0,1.0,1.0,0.9230769230769231,0.0,1.0,0.25,1.0,1.0,0.0,0.5,0.0,1.0,1.0,0.0,0.0,0.0,0.0,0,0,99,0,99
Pakistan,1444653,0.0,0.0,0.0,0.0,0.0,0.0,0.75,0.75,0.5384615384615385,0.0,0.5675675675675675,0.75,0.0,0.3333333333333333,1.0,0.0,0.0,0.0,0.7567567567567568,0.0,0.0,0.0,0.0,0,0,42,0,42
Pakistan,1444652,0.5,0.0,0.0,0.0,0.0,0.0,0.875,0.875,0.8461538461538463,0.0,0.7567567567567568,1.0,0.25,1.0,0.0,1.0,0.0,0.0,0.8648648648648649,0.0,0.0,0.0,0.0,0,0,106,0,106
Pakistan,1424831,1.0,0.0,0.0,0.0,0.0,0.0,1.0,1.0,0.38461538461538464,0.0,0.8378378378378379,0.75,0.0,0.0,0.0,0.0,0.0,0.0,0.8378378378378379,0.0,0.0,0.0,0.0,0,0,5,0,5
Pakistan,1424830,1.0,0.0,0.0,0.0,0.0,0.0,1.0,1.0,1.0,0.0,0.40540540540540543,0.25,0.0,0.6666666666666666,0.0,0.0,0.0,0.0,0.40540540540540543,0.0,0.0,0.0,0.0,0,0,69,0,69
Pakistan,1424829,1.0,0.0,0.0,0.0,0.0,0.0,0.0,0.0,0.0,0.0,0.0,0.0,0.0,0.0,0.0,0.0,0.0,0.0,0.0,0.0,0.0,0.0,0.0,0,0,0,0,0
Comilla Victorians,1351086,1.0,0.0,0.0,0.0,0.0,0.0,1.0,1.0,0.7692307692307693,0.0,0.5945945945945946,0.0,0.25,0.0,0.0,0.0,0.0,1.0,0.5945945945945946,0.0,0.0,0.0,0.0,0,0,14,0,14
