teamname,match_id,batting_position,runs,balls,fours,sixes,strike_rate,overs,total_balls,dots,maidens,conceded,fours_conceded,sixes_conceded,wickets,LBW,Bowled,noballs,wides,economy_rate,catches,stumping,direct_hit,indirect_hit,strike_rate_fp,batting_fp,bowling_fp,fielding_fp,total_fp
Hungary,1470186,0.0,0.35000000000000003,1.0,0.0,0.0,0.3182,0.0,0.0,0.0,0.0,0.0,0.0,0.0,0.0,0.0,0.0,0.0,0.0,0.0,0.0,0.0,0.0,0.0,-2,5,0,0,5
Hungary,1390169,1.0,0.0,0.0,0.0,0.0,0.0,0.6923609508423725,0.6923076923076923,0.7692307692307693,0.0,0.39473684210526316,0.5,0.0,0.5,0.0,0.0,0.0,0.25,0.5701254275940707,0.0,0.0,0.0,0.0,0,0,39,0,39
Hungary,1390167,0.5,1.0,1.0,0.0,1.0,0.9091,0.6923609508423725,0.6923076923076923,1.0,0.0,0.2894736842105263,0.0,1.0,1.0,0.0,0.0,0.0,0.25,0.4184720638540479,0.0,0.0,0.0,0.0,6,38,69,0,107
Hungary,1380586,0.0,1.0,0.9090909090909092,1.0,0.5,1.0,1.0,1.0,0.9230769230769231,0.0,1.0,1.0,1.0,0.0,0.0,0.0,0.0,1.0,1.0,0.0,0.0,0.0,0.0,6,40,12,0,52
Hungary,1380587,0.5,0.4,0.5454545454545454,0.5,0.0,0.6666500000000001,0.9231479344564966,0.9230769230769231,0.8461538461538463,0.0,0.6578947368421052,0.5,1.0,0.5,0.0,0.0,0.0,0.5,0.7126567844925884,0.0,0.0,0.0,0.0,0,12,38,0,50
