teamname,match_id,batting_position,runs,balls,fours,sixes,strike_rate,overs,total_balls,dots,maidens,conceded,fours_conceded,sixes_conceded,wickets,LBW,Bowled,noballs,wides,economy_rate,catches,stumping,direct_hit,indirect_hit,strike_rate_fp,batting_fp,bowling_fp,fielding_fp,total_fp
North West,1299626,0.0,1.0,1.0,1.0,1.0,1.0,0.0,0.0,0.09090909090909094,0.0,0.5454545454545455,1.0,0.25,0.0,0.0,0.0,0.0,0.0,0.6226415094339623,1.0,0.0,0.0,0.0,0,24,-2,8,30
North West,1299621,1.0,0.0,0.0,0.0,0.0,0.0,0.0,0.0,0.09090909090909094,0.0,0.0,0.25,0.0,0.0,0.0,0.0,0.0,0.0,0.169811320754717,0.0,0.0,0.0,0.0,0,0,6,0,6
North West,1299617,1.0,0.8571428571428571,0.9285714285714285,1.0,0.0,0.9231,0.5,0.5,0.4545454545454546,0.0,0.2727272727272727,0.5,0.0,0.5,0.0,0.0,0.0,0.0,0.1569811320754717,0.0,0.0,0.0,0.0,0,16,35,0,51
North West,1299613,0.5,0.0,0.0,0.0,0.0,0.0,0.0,0.0,0.0,0.0,1.0,0.5,1.0,0.0,0.0,0.0,0.0,0.0,1.0,0.0,0.0,0.0,0.0,0,0,-3,0,-3
North West,1299608,0.5,0.0,0.0,0.0,0.0,0.0,1.0,1.0,1.0,0.0,0.2727272727272727,0.75,0.0,1.0,0.0,1.0,0.0,0.0,0.037735849056603765,0.0,0.0,0.0,0.0,0,0,78,0,78
North West,1299604,0.0,0.0,0.0,0.0,0.0,0.0,1.0,1.0,0.5454545454545455,0.0,0.18181818181818177,0.0,0.0,1.0,0.0,1.0,0.0,0.0,0.0,1.0,0.0,0.0,0.0,0,0,73,8,81
