teamname,match_id,batting_position,runs,balls,fours,sixes,strike_rate,overs,total_balls,dots,maidens,conceded,fours_conceded,sixes_conceded,wickets,LBW,Bowled,noballs,wides,economy_rate,catches,stumping,direct_hit,indirect_hit,strike_rate_fp,batting_fp,bowling_fp,fielding_fp,total_fp
Ghana,1450763,0.0,0.0,0.0,0.0,0.0,0.0,1.0,1.0,1.0,1.0,0.2,0.0,0.0,1.0,1.0,1.0,0.0,0.0,0.1,1.0,0.0,0.0,0.0,0,0,142,16,158
Ghana,1450760,1.0,0.0,0.0,0.0,0.0,0.0,0.75,0.75,0.5714285714285714,0.0,0.7333333333333333,0.5,0.0,0.3333333333333333,0.0,0.5,0.0,1.0,0.48933333333333334,0.0,0.0,0.0,0.0,0,0,51,0,51
Ghana,1450757,0.6666666666666665,0.0,0.0,0.0,0.0,0.0,0.5,0.5,0.3333333333333333,1.0,0.8,1.0,0.0,0.0,0.0,0.0,0.0,0.0,0.8,0.0,0.0,0.0,0.0,0,0,21,0,21
Ghana,1424761,1.0,0.0,1.0,0.0,0.0,0.0,0.0,0.0,0.0,0.0,0.0,0.0,0.0,0.0,0.0,0.0,0.0,0.0,0.0,0.0,0.0,0.0,0.0,0,-2,0,0,-2
Ghana,1424759,1.0,0.0,0.25,0.0,0.0,0.0,0.5,0.5,0.19047619047619047,0.0,1.0,1.0,0.0,0.0,0.0,0.0,0.0,0.0,1.0,1.0,0.0,0.0,0.0,0,-2,4,16,18
