teamname,match_id,batting_position,runs,balls,fours,sixes,strike_rate,overs,total_balls,dots,maidens,conceded,fours_conceded,sixes_conceded,wickets,LBW,Bowled,noballs,wides,economy_rate,catches,stumping,direct_hit,indirect_hit,strike_rate_fp,batting_fp,bowling_fp,fielding_fp,total_fp
Turkey,1436489,1.0,0.6296296296296295,0.5,1.0,0.5,1.0,1.0,1.0,0.4375,0.0,0.48000000000000004,0.5714285714285714,0.0,1.0,0.0,0.3333333333333333,0.0,0.4444444444444444,0.48000000000000004,1.0,0.0,0.0,0.0,0,32,94,8,134
Turkey,1436486,0.33333333333333304,0.0,0.0,0.0,0.0,0.16123100745185326,0.0,0.0,0.0,0.0,0.12,0.0,0.0,0.0,0.0,0.0,0.0,0.0,0.44,0.0,0.0,0.0,0.0,0,1,0,0,1
Turkey,1436481,0.6666666666666665,0.0,0.125,0.0,0.0,0.0,1.0,1.0,0.75,0.0,0.3,0.2857142857142857,0.5,1.0,0.0,1.0,0.0,0.1111111111111111,0.3,0.0,0.0,0.0,0.0,0,1,117,0,118
Turkey,1436476,0.33333333333333304,0.7407407407407407,0.75,0.5,0.0,0.8064453692054583,1.0,1.0,0.3125,0.0,0.56,0.14285714285714285,1.0,0.0,0.0,0.0,0.0,0.2222222222222222,0.56,0.0,0.0,0.0,0.0,0,25,5,0,30
Turkey,1321276,0.33333333333333304,1.0,1.0,0.5,1.0,0.8422529759024486,0.0,0.0,0.1875,0.0,0.2,0.14285714285714285,0.5,0.3333333333333333,0.0,0.0,0.0,0.0,0.6000000000000001,0.0,0.0,0.0,1.0,0,48,26,6,80
Turkey,1321271,0.0,0.37037037037037035,0.7083333333333333,0.0,0.0,0.37094744991773926,1.0,1.0,0.25,0.0,1.0,1.0,1.0,0.3333333333333333,0.0,0.0,0.0,0.5555555555555556,1.0,0.0,0.0,0.0,0.0,-4,7,23,0,30
Turkey,1321266,0.0,0.5185185185185186,0.7083333333333333,0.5,0.5,0.5645020807122809,1.0,1.0,1.0,1.0,0.0,0.0,0.0,0.3333333333333333,0.0,0.0,0.0,0.0,0.0,0.0,0.0,0.0,0.0,0,25,59,0,84
Turkey,1321260,0.6666666666666665,0.037037037037037035,0.08333333333333331,0.0,0.0,0.22578147682183297,0.5,0.5,0.4375,0.0,0.34,0.2857142857142857,0.0,0.3333333333333333,0.0,0.0,0.0,1.0,0.52,0.0,0.0,1.0,0.0,0,2,32,12,46
