teamname,match_id,batting_position,runs,balls,fours,sixes,strike_rate,overs,total_balls,dots,maidens,conceded,fours_conceded,sixes_conceded,wickets,LBW,Bowled,noballs,wides,economy_rate,catches,stumping,direct_hit,indirect_hit,strike_rate_fp,batting_fp,bowling_fp,fielding_fp,total_fp
Cyprus,1321278,0.0,0.0,0.0,0.0,0.0,0.0,0.25,0.25,0.2222222222222222,0.0,0.23684210526315788,0.0,1.0,0.0,0.0,0.0,0.0,0.0,0.8181818181818182,0.0,0.0,0.0,0.0,0,0,2,0,2
Cyprus,1321274,1.0,0.0,0.2,0.0,0.0,0.0,0.5,0.5,0.8888888888888888,0.0,0.2894736842105263,0.3333333333333333,0.0,0.0,0.0,0.0,0.0,0.2727272727272727,0.5,0.0,0.0,0.0,0.0,0,0,12,0,12
Cyprus,1321261,1.0,0.0,0.0,0.0,0.0,0.0,0.0,0.0,0.0,0.0,0.0,0.0,0.0,0.0,0.0,0.0,0.0,0.0,0.0,1.0,0.0,0.0,0.0,0,0,0,8,8
Cyprus,1321258,0.5,1.0,1.0,0.0,0.0,1.0,0.5,0.5,0.7777777777777777,0.0,0.3421052631578947,0.3333333333333333,0.0,0.0,0.0,0.0,1.0,0.18181818181818182,0.5909090909090909,0.0,0.0,0.0,0.0,-2,4,9,0,13
Cyprus,1155317,1.0,0.0,0.0,0.0,0.0,0.0,0.5,0.5,0.5555555555555556,0.0,0.5789473684210527,1.0,0.0,0.0,0.0,0.0,0.0,0.4545454545454546,1.0,0.0,0.0,0.0,0.0,0,0,3,0,3
Cyprus,1155304,1.0,0.0,0.0,0.0,0.0,0.0,1.0,1.0,1.0,0.0,1.0,0.6666666666666666,0.0,0.0,0.0,0.0,0.0,1.0,0.8636363636363636,0.0,0.0,0.0,0.0,0,0,9,0,9
