teamname,match_id,batting_position,runs,balls,fours,sixes,strike_rate,overs,total_balls,dots,maidens,conceded,fours_conceded,sixes_conceded,wickets,LBW,Bowled,noballs,wides,economy_rate,catches,stumping,direct_hit,indirect_hit,strike_rate_fp,batting_fp,bowling_fp,fielding_fp,total_fp
Comilla Victorians,935315,0.5,0.0,0.0,0.0,0.0,0.0,0.0,0.0,0.0,0.0,0.0,0.0,0.0,0.0,0.0,0.0,0.0,0.0,0.0,0.0,0.0,0.0,0.0,0,0,0,0,0
Khulna Royal Bengals,599893,0.5,0.25,0.42857142857142855,0.0,0.0,0.4762142857142857,0.75,0.75,0.18181818181818182,0.0,0.75,0.2,0.5,0.0,0.0,0.0,0.0,0.5,0.8695652173913043,0.0,0.0,0.0,0.0,0,2,0,0,2
Khulna Royal Bengals,599869,0.0,0.875,1.0,1.0,0.0,0.7142857142857143,0.5,0.5,0.2727272727272727,0.0,0.55,0.8,0.0,0.3333333333333333,0.0,0.0,0.0,0.5,0.9565217391304348,0.0,0.0,0.0,0.0,0,11,26,0,37
Khulna Royal Bengals,599865,0.0,1.0,0.8571428571428571,1.0,0.0,0.9523571428571429,1.0,1.0,1.0,0.0,1.0,0.2,1.0,1.0,0.0,1.0,0.0,1.0,0.8695652173913043,0.0,0.0,0.0,0.0,0,12,104,0,116
Khulna Royal Bengals,551066,1.0,0.875,0.7142857142857142,1.0,0.0,1.0,0.5,0.5,0.36363636363636365,0.0,0.5750000000000001,1.0,0.0,0.0,0.0,0.0,0.0,0.0,1.0,0.0,0.0,0.0,0.0,0,11,0,0,11
