teamname,match_id,batting_position,runs,balls,fours,sixes,strike_rate,overs,total_balls,dots,maidens,conceded,fours_conceded,sixes_conceded,wickets,LBW,Bowled,noballs,wides,economy_rate,catches,stumping,direct_hit,indirect_hit,strike_rate_fp,batting_fp,bowling_fp,fielding_fp,total_fp
Puducherry,1244338,1.0,0.0,0.0,0.0,0.0,0.0,0.25,0.25,0.3333333333333333,0.0,0.20512820512820512,0.3333333333333333,0.0,0.0,0.0,0.0,0.0,1.0,0.8205128205128205,1.0,0.0,0.0,0.0,0,0,2,16,18
Puducherry,1244320,0.6000000000000001,0.64,0.5294117647058824,0.3333333333333333,0.0,0.6837692307692308,0.0,0.0,0.0,0.0,0.0,0.0,0.0,0.0,0.0,0.0,0.0,0.0,0.0,0.0,0.0,0.0,0.0,0,20,0,0,20
Puducherry,1157209,0.0,0.0,0.0,0.0,0.0,0.0,0.25,0.25,0.16666666666666666,0.0,0.1282051282051282,0.0,0.0,0.0,0.0,0.0,0.0,0.0,0.5128205128205128,0.5,0.0,0.0,0.0,0,0,1,8,9
Puducherry,1157191,0.40000000000000013,0.0,0.029411764705882353,0.0,0.0,0.0,0.75,0.75,0.8333333333333333,0.0,0.5128205128205128,0.3333333333333333,0.0,0.0,0.0,0.0,0.0,1.0,0.6841025641025641,0.0,0.0,0.0,0.0,0,-2,7,0,5
Puducherry,1157172,0.20000000000000018,0.08,0.08823529411764705,0.0,0.0,0.5128461538461538,0.75,0.75,1.0,0.0,0.6153846153846154,0.6666666666666666,0.5,0.25,0.0,0.0,0.0,0.0,0.8205128205128205,0.0,0.0,0.0,0.0,0,2,31,0,33
Puducherry,1157157,0.6000000000000001,1.0,1.0,1.0,0.0,0.5656153846153846,1.0,1.0,0.8333333333333333,0.0,1.0,0.6666666666666666,1.0,0.25,0.0,0.0,0.0,1.0,1.0,0.0,0.0,0.0,0.0,0,41,30,0,71
Puducherry,1157140,0.8,0.52,0.29411764705882354,0.3333333333333333,1.0,1.0,0.5,0.5,0.8333333333333333,0.0,0.41025641025641024,0.3333333333333333,0.5,0.25,0.0,0.0,0.0,0.0,0.8205128205128205,0.5,0.0,0.0,0.0,2,25,30,8,63
Puducherry,1157123,0.40000000000000013,0.0,0.029411764705882353,0.0,0.0,0.0,0.25,0.25,0.16666666666666666,0.0,0.15384615384615385,0.0,0.0,0.0,0.0,0.0,0.0,0.0,0.6153846153846154,0.0,0.0,0.0,0.0,0,-2,1,0,-1
Puducherry,1157105,0.40000000000000013,0.28,0.4411764705882353,0.0,0.0,0.35900000000000004,1.0,1.0,1.0,0.0,1.0,1.0,1.0,1.0,1.0,0.0,0.0,0.0,1.0,0.0,0.0,0.0,0.0,-6,1,122,0,123
