teamname,match_id,batting_position,runs,balls,fours,sixes,strike_rate,overs,total_balls,dots,maidens,conceded,fours_conceded,sixes_conceded,wickets,LBW,Bowled,noballs,wides,economy_rate,catches,stumping,direct_hit,indirect_hit,strike_rate_fp,batting_fp,bowling_fp,fielding_fp,total_fp
Japan,1166892,1.0,0.18749999999999997,0.1388888888888889,0.25,0.0,0.6927553682520571,0.25,0.25,0.07692307692307693,0.0,0.5263157894736842,0.0,1.0,0.0,0.0,0.0,0.0,0.0,1.0,0.0,0.0,0.0,0.0,0,14,1,0,15
Japan,1166890,0.0,0.10416666666666667,0.19444444444444442,0.0,0.0,0.2866746939594622,0.0,0.0,0.0,0.0,0.0,0.0,0.0,0.0,0.0,0.0,0.0,0.0,0.0,0.0,0.0,0.0,0.0,-6,0,0,0,0
Japan,1166887,0.20000000000000007,0.2916666666666667,0.38888888888888884,0.25,0.0,0.5733493879189244,0.0,0.0,0.0,0.0,0.0,0.0,0.0,0.0,0.0,0.0,0.0,0.0,0.0,0.0,0.0,0.0,0.0,0,19,0,0,19
Japan,1166884,0.0,0.9999999999999999,1.0,0.25,1.0,1.0,0.0,0.0,0.0,0.0,0.0,0.0,0.0,0.0,0.0,0.0,0.0,0.0,0.0,1.0,0.0,0.0,0.0,0,69,0,8,77
Japan,1166881,0.0,0.0,0.0,0.0,0.0,0.0,0.0,0.0,0.0,0.0,0.0,0.0,0.0,0.0,0.0,0.0,0.0,0.0,0.0,0.0,0.0,0.0,0.0,0,1,0,0,1
Japan,1159091,0.0,0.5624999999999999,0.8611111111111112,1.0,0.0,0.5959261489062815,1.0,1.0,1.0,0.0,1.0,1.0,1.0,1.0,0.0,0.0,0.0,0.0,0.47500000000000003,0.0,0.0,0.0,0.0,0,48,38,0,86
Japan,1159089,0.0,0.14583333333333331,0.1111111111111111,0.25,0.0,0.5863937387116196,0.0,0.0,0.0,0.0,0.0,0.0,0.0,0.0,0.0,0.0,0.0,0.0,0.0,1.0,0.0,0.0,0.0,0,12,0,8,20
