teamname,match_id,batting_position,runs,balls,fours,sixes,strike_rate,overs,total_balls,dots,maidens,conceded,fours_conceded,sixes_conceded,wickets,LBW,Bowled,noballs,wides,economy_rate,catches,stumping,direct_hit,indirect_hit,strike_rate_fp,batting_fp,bowling_fp,fielding_fp,total_fp
Cayman Islands,1197407,0.888888888888889,0.0,0.18181818181818182,0.0,0.0,0.0,0.5,0.5,0.0,0.0,0.6500000000000001,0.5,1.0,0.0,0.0,0.0,0.0,0.0,0.7568881685575364,0.0,0.0,0.0,0.0,0,-2,1,0,-1
Cayman Islands,1197404,0.7777777777777778,0.5,0.8181818181818182,0.0,0.0,0.6110270864842567,0.0,0.0,0.0,0.0,0.0,0.5,0.0,0.0,0.0,0.0,0.0,0.0,0.4327390599675851,0.0,0.0,0.0,0.0,0,4,3,0,7
Cayman Islands,1197402,0.0,1.0,1.0,1.0,0.0,1.0,0.5,0.5,0.25,0.0,0.8,0.5,1.0,1.0,0.0,0.0,1.0,0.6666666666666666,0.9999999999999998,0.0,0.0,0.0,0.0,0,12,24,0,36
Cayman Islands,1197400,0.7777777777777778,0.375,0.4545454545454546,0.0,0.0,0.8249690636601127,1.0,1.0,1.0,0.0,0.5,0.0,1.0,0.0,0.0,0.0,0.0,1.0,0.0,0.0,0.0,0.0,0.0,0,3,13,0,16
Cayman Islands,1197397,0.888888888888889,0.0,0.0,0.0,0.0,0.0,1.0,1.0,0.25,0.0,1.0000000000000002,1.0,1.0,0.0,0.0,0.0,0.0,0.6666666666666666,0.5413290113452187,0.0,0.0,0.0,0.0,0,0,5,0,5
Cayman Islands,460056,0.9999999999999999,0.0,0.0,0.0,0.0,0.0,0.9165000000000001,0.9166666666666665,0.25,0.0,0.55,0.0,1.0,1.0,0.0,0.0,0.0,0.3333333333333333,0.11831442463533204,0.0,0.0,0.0,0.0,0,0,30,0,30
