teamname,match_id,batting_position,runs,balls,fours,sixes,strike_rate,overs,total_balls,dots,maidens,conceded,fours_conceded,sixes_conceded,wickets,LBW,Bowled,noballs,wides,economy_rate,catches,stumping,direct_hit,indirect_hit,strike_rate_fp,batting_fp,bowling_fp,fielding_fp,total_fp
Nagaland,1332952,1.0000000000000002,0.0,0.0,0.0,0.0,0.0,0.0,0.0,0.0,0.0,0.0,0.0,0.0,0.0,0.0,0.0,0.0,0.0,0.0,0.0,0.0,0.0,0.0,0,0,0,0,0
Nagaland,1205839,0.6000000000000001,0.11764705882352941,0.125,0.0,0.0,0.9412650602409639,0.0,0.0,0.0,0.0,0.0,0.0,0.0,0.0,0.0,0.0,0.0,0.0,0.0,1.0,0.0,0.0,0.0,0,2,0,8,10
Nagaland,1205758,0.0,1.0,1.0,1.0,0.0,1.0,0.0,0.0,0.0,0.0,0.0,0.0,0.0,0.0,0.0,0.0,0.0,0.0,0.0,0.0,0.0,0.0,0.0,-4,25,0,0,25
Nagaland,1205749,0.7,0.0,0.0,0.0,0.0,0.0,1.0,1.0,1.0,0.0,0.34615384615384615,0.3333333333333333,0.0,0.0,0.0,0.0,0.0,0.0,0.34615384615384615,1.0,0.0,0.0,0.0,0,0,12,8,20
Nagaland,1205731,0.9000000000000001,0.0,0.0,0.0,0.0,0.0,0.0,0.0,0.0,0.0,0.0,0.0,0.0,0.0,0.0,0.0,0.0,0.0,0.0,0.0,0.0,0.0,0.0,0,0,0,0,0
Nagaland,1157177,0.8,0.3529411764705882,0.375,0.0,0.0,0.9412650602409639,0.5,0.5,0.16666666666666666,0.0,0.42307692307692313,0.6666666666666666,0.0,0.0,0.0,0.0,0.0,0.0,0.8461538461538463,0.0,0.0,0.0,0.0,-4,2,1,0,3
Nagaland,1157093,0.9000000000000001,0.0,0.0,0.0,0.0,0.0,1.0,1.0,0.3333333333333333,0.0,1.0,1.0,1.0,0.0,0.0,0.0,0.0,0.0,1.0,0.0,0.0,0.0,0.0,0,0,-4,0,-4
