match_id,batting_position,runs,balls,fours,sixes,strike_rate,overs,total_balls,dots,maidens,conceded,fours_conceded,sixes_conceded,wickets,LBW,Bowled,noballs,wides,economy_rate,catches,stumping,direct_hit,indirect_hit,strike_rate_fp,batting_fp,bowling_fp,fielding_fp,total_fp
1273139,0.3333333333333333,0.022857142857142857,0.05128205128205128,0.045454545454545456,0.0,0.125,0.6000000000000001,0.6,0.29166666666666663,0.0,0.19354838709677422,0.16666666666666666,0.0,0.0,0.0,0.0,0.0,0.0,0.06680026720106881,0.0,0.0,0.0,0.0,0,8,9,0,17
1273138,0.3333333333333333,0.0,0.0,0.0,0.0,0.0,0.8,0.8,0.41666666666666663,0.0,0.41935483870967744,0.3333333333333333,0.25,0.14285714285714285,0.0,0.14285714285714285,0.0,0.15000000000000002,0.10855043420173682,0.0,0.0,0.0,0.0,0,0,43,0,43
1273136,0.0,0.017142857142857144,0.1282051282051282,0.0,0.0,0.0375,0.8,0.8,0.4583333333333333,0.0,0.24731182795698928,0.25,0.0,0.0,0.0,0.0,0.0,0.05,0.06401692273435762,0.16666666666666666,0.0,0.0,0.0,-6,-3,15,8,20
1201673,0.08333333333333333,0.02857142857142857,0.05128205128205128,0.045454545454545456,0.0,0.15625,0.4,0.4,0.20833333333333331,0.0,0.22580645161290325,0.08333333333333333,0.25,0.0,0.0,0.0,0.0,0.0,0.11690046760187042,0.16666666666666666,0.0,0.0,0.0,0,9,3,8,20
1201669,0.16666666666666669,0.04,0.08974358974358974,0.045454545454545456,0.0,0.125,0.6000000000000001,0.6,0.16666666666666666,0.0,0.2795698924731183,0.0,0.25,0.0,0.0,0.0,0.0,0.05,0.09652638610554444,0.0,0.0,0.0,0.0,0,11,4,0,15
1201670,0.16666666666666669,0.14857142857142858,0.4230769230769231,0.0,0.05555555555555555,0.0984875,0.4,0.4,0.20833333333333331,0.0,0.08602150537634409,0.0,0.0,0.14285714285714285,0.0,0.0,0.0,0.1,0.04453351146737921,0.0,0.0,0.0,0.0,0,36,36,0,72
