match_id,batting_position,runs,balls,fours,sixes,strike_rate,overs,total_balls,dots,maidens,conceded,fours_conceded,sixes_conceded,wickets,LBW,Bowled,noballs,wides,economy_rate,catches,stumping,direct_hit,indirect_hit,strike_rate_fp,batting_fp,bowling_fp,fielding_fp,total_fp
1160957,0.7499999999999999,0.0,0.0,0.0,0.0,0.0,0.7666000000000001,0.7666666666666666,0.5416666666666666,0.0,0.10752688172043012,0.0,0.0,0.42857142857142855,0.3333333333333333,0.14285714285714285,0.0,0.0,0.02905811623246493,0.0,0.0,0.0,0.0,0,0,114,0,114
1160950,0.49999999999999994,0.0,0.0,0.0,0.0,0.0,0.8,0.8,0.8333333333333333,0.5,0.08602150537634409,0.08333333333333333,0.0,0.2857142857142857,0.3333333333333333,0.0,0.0,0.0,0.022266755733689605,0.0,0.0,0.0,0.0,0,0,108,0,108
