match_id,batting_position,runs,balls,fours,sixes,strike_rate,overs,total_balls,dots,maidens,conceded,fours_conceded,sixes_conceded,wickets,LBW,Bowled,noballs,wides,economy_rate,catches,stumping,direct_hit,indirect_hit,strike_rate_fp,batting_fp,bowling_fp,fielding_fp,total_fp
237242,0.3333333333333333,0.011428571428571429,0.11538461538461538,0.0,0.0,0.027774999999999998,0.8,0.8,0.29166666666666663,0.0,0.25806451612903225,0.16666666666666666,0.0,0.0,0.0,0.0,0.0,0.0,0.06680026720106881,0.16666666666666666,0.0,0.3333333333333333,0.0,0,2,9,20,31
211048,0.4166666666666667,0.005714285714285714,0.05128205128205128,0.0,0.0,0.03125,0.8,0.8,0.16666666666666666,0.0,0.3010752688172043,0.16666666666666666,0.0,0.14285714285714285,0.0,0.14285714285714285,0.0,0.0,0.07793364506791362,0.0,0.0,0.0,0.0,0,1,39,0,40
