match_id,batting_position,runs,balls,fours,sixes,strike_rate,overs,total_balls,dots,maidens,conceded,fours_conceded,sixes_conceded,wickets,LBW,Bowled,noballs,wides,economy_rate,catches,stumping,direct_hit,indirect_hit,strike_rate_fp,batting_fp,bowling_fp,fielding_fp,total_fp
1462909,0.7499999999999999,0.017142857142857144,0.15384615384615385,0.0,0.0,0.03125,0.2,0.2,0.08333333333333333,0.0,0.08602150537634409,0.08333333333333333,0.0,0.0,0.0,0.0,0.0,0.0,0.08906702293475842,0.0,0.0,0.0,0.0,-6,-3,2,0,-1
1462906,0.6666666666666666,0.005714285714285714,0.02564102564102564,0.0,0.0,0.0625,0.8,0.8,0.5,0.0,0.20430107526881722,0.08333333333333333,0.0,0.14285714285714285,0.3333333333333333,0.0,0.0,0.15000000000000002,0.05288354486751281,0.0,0.0,0.0,0.0,0,1,51,0,52
1462901,0.6666666666666666,0.02857142857142857,0.08974358974358974,0.0,0.0,0.0892875,0.6000000000000001,0.6,0.41666666666666663,0.0,0.15053763440860216,0.08333333333333333,0.0,0.2857142857142857,0.3333333333333333,0.0,0.0,0.0,0.051992874638165223,0.0,0.0,0.0,0.3333333333333333,0,5,74,6,85
1462889,0.7499999999999999,0.0,0.0,0.0,0.0,0.0,0.0,0.0,0.0,0.0,0.0,0.0,0.0,0.0,0.0,0.0,0.0,0.0,0.0,0.0,0.0,0.0,0.0,0,0,0,0,0
