match_id,batting_position,runs,balls,fours,sixes,strike_rate,overs,total_balls,dots,maidens,conceded,fours_conceded,sixes_conceded,wickets,LBW,Bowled,noballs,wides,economy_rate,catches,stumping,direct_hit,indirect_hit,strike_rate_fp,batting_fp,bowling_fp,fielding_fp,total_fp
1347675,0.7499999999999999,0.0,0.01282051282051282,0.0,0.0,0.0,0.6000000000000001,0.6,0.16666666666666666,0.0,0.3010752688172043,0.3333333333333333,0.0,0.14285714285714285,0.0,0.0,0.0,0.05,0.103874415497662,0.0,0.0,0.0,0.0,0,-2,29,0,27
1347665,0.7499999999999999,0.0,0.0,0.0,0.0,0.0,0.6000000000000001,0.6,0.16666666666666666,0.0,0.38709677419354843,0.41666666666666663,0.125,0.14285714285714285,0.0,0.14285714285714285,0.0,0.15000000000000002,0.13360053440213762,0.3333333333333333,0.0,0.0,0.0,0,0,33,16,49
1297912,0.5833333333333333,0.0,0.0,0.0,0.0,0.0,0.6000000000000001,0.6,0.29166666666666663,0.0,0.2795698924731183,0.16666666666666666,0.125,0.2857142857142857,0.0,0.0,0.0,0.25,0.09652638610554444,0.0,0.0,0.0,0.0,0,0,57,0,57
1297906,0.5833333333333333,0.04,0.0641025641025641,0.045454545454545456,0.0,0.17500000000000002,0.8,0.8,0.29166666666666663,0.0,0.39784946236559143,0.3333333333333333,0.125,0.2857142857142857,0.0,0.0,0.0,0.05,0.10298374526831443,0.0,0.0,0.0,0.0,0,11,57,0,68
