match_id,batting_position,runs,balls,fours,sixes,strike_rate,overs,total_balls,dots,maidens,conceded,fours_conceded,sixes_conceded,wickets,LBW,Bowled,noballs,wides,economy_rate,catches,stumping,direct_hit,indirect_hit,strike_rate_fp,batting_fp,bowling_fp,fielding_fp,total_fp
1351062,0.7499999999999999,0.0,0.0,0.0,0.0,0.0,0.4,0.4,0.041666666666666664,0.0,0.23655913978494625,0.16666666666666666,0.125,0.0,0.0,0.0,0.0,0.0,0.12246715653529283,0.0,0.0,0.0,0.0,0,0,-1,0,-1
1169424,0.8333333333333333,0.005714285714285714,0.02564102564102564,0.0,0.0,0.0625,0.4,0.4,0.0,0.0,0.20430107526881722,0.16666666666666666,0.0,0.0,0.0,0.0,0.0,0.0,0.10576708973502562,0.0,0.0,0.0,0.0,0,1,0,0,1
1169423,0.6666666666666666,0.0,0.0,0.0,0.0,0.0,0.6000000000000001,0.6,0.20833333333333331,0.0,0.22580645161290325,0.16666666666666666,0.0,0.2857142857142857,0.0,0.0,0.0,0.0,0.07793364506791362,0.0,0.0,0.0,0.0,0,0,57,0,57
1169421,0.6666666666666666,0.0,0.0,0.0,0.0,0.0,0.8,0.8,0.25,0.0,0.38709677419354843,0.3333333333333333,0.125,0.14285714285714285,0.0,0.14285714285714285,0.0,0.0,0.10020040080160322,0.0,0.0,0.0,0.3333333333333333,0,0,39,6,45
1169420,0.6666666666666666,0.0,0.0,0.0,0.0,0.0,0.6000000000000001,0.6,0.25,0.0,0.21505376344086025,0.16666666666666666,0.0,0.14285714285714285,0.0,0.14285714285714285,0.0,0.0,0.07425963037185483,0.0,0.0,0.0,0.0,0,0,41,0,41
1169412,0.8333333333333333,0.0,0.0,0.0,0.0,0.0,0.2666,0.26666666666666666,0.08333333333333333,0.0,0.15053763440860216,0.08333333333333333,0.125,0.0,0.0,0.0,0.0,0.0,0.11690046760187042,0.0,0.0,0.0,0.0,0,0,2,0,2
1121284,0.7499999999999999,0.017142857142857144,0.07692307692307693,0.0,0.0,0.0625,0.4,0.4,0.041666666666666664,0.0,0.2903225806451613,0.16666666666666666,0.25,0.0,0.0,0.0,0.0,0.0,0.15030060120240482,0.16666666666666666,0.0,0.0,0.0,0,3,-5,8,6
1121280,0.6666666666666666,0.04,0.23076923076923075,0.0,0.0,0.0486125,0.8,0.8,0.25,0.0,0.5591397849462366,0.3333333333333333,0.5,0.2857142857142857,0.0,0.0,0.0,0.0,0.14473391226898244,0.16666666666666666,0.0,0.0,0.0,-6,1,50,8,59
1121277,0.7499999999999999,0.0,0.0,0.0,0.0,0.0,0.6666000000000001,0.6666666666666666,0.3333333333333333,0.0,0.1827956989247312,0.08333333333333333,0.0,0.5714285714285714,0.0,0.14285714285714285,0.0,0.05,0.05678022712090849,0.0,0.0,0.0,0.0,0,0,128,0,128
