match_id,batting_position,runs,balls,fours,sixes,strike_rate,overs,total_balls,dots,maidens,conceded,fours_conceded,sixes_conceded,wickets,LBW,Bowled,noballs,wides,economy_rate,catches,stumping,direct_hit,indirect_hit,strike_rate_fp,batting_fp,bowling_fp,fielding_fp,total_fp
1167250,0.7499999999999999,0.0,0.0,0.0,0.0,0.0,0.4,0.4,0.08333333333333333,0.0,0.41935483870967744,0.3333333333333333,0.375,0.0,0.0,0.0,0.0,0.05,0.21710086840347365,0.0,0.0,0.0,0.0,0,0,-4,0,-4
1167239,0.8333333333333333,0.0,0.0,0.0,0.0,0.0,0.8,0.8,0.16666666666666666,0.0,0.3010752688172043,0.08333333333333333,0.0,0.14285714285714285,0.0,0.0,0.0,0.15000000000000002,0.07793364506791362,0.0,0.0,0.0,0.0,0,0,31,0,31
1167188,0.7499999999999999,0.005714285714285714,0.01282051282051282,0.0,0.0,0.125,0.4,0.4,0.16666666666666666,0.0,0.20430107526881722,0.25,0.0,0.0,0.0,0.0,0.0,0.15000000000000002,0.10576708973502562,0.0,0.0,0.0,0.0,0,1,4,0,5
1167182,0.7499999999999999,0.0,0.0,0.0,0.0,0.0,0.6000000000000001,0.6,0.16666666666666666,0.0,0.33333333333333337,0.3333333333333333,0.0,0.0,0.0,0.0,0.2,0.15000000000000002,0.11500779336450681,0.0,0.0,0.0,0.0,0,0,2,0,2
1167150,0.7499999999999999,0.0,0.02564102564102564,0.0,0.0,0.0,0.8,0.8,0.375,0.0,0.3548387096774194,0.25,0.125,0.14285714285714285,0.0,0.0,0.2,0.1,0.09185036740146962,0.0,0.0,0.0,0.0,0,0,34,0,34
947127,0.7499999999999999,0.0,0.0,0.0,0.0,0.0,0.4,0.4,0.16666666666666666,0.0,0.23655913978494625,0.25,0.125,0.0,0.0,0.0,0.0,0.05,0.12246715653529283,0.0,0.0,0.0,0.0,0,0,2,0,2
947113,0.7499999999999999,0.06857142857142857,0.15384615384615385,0.045454545454545456,0.0,0.125,0.6000000000000001,0.6,0.25,0.0,0.2903225806451613,0.3333333333333333,0.0,0.14285714285714285,0.0,0.0,0.0,0.05,0.10020040080160322,0.0,0.0,0.0,0.0,0,16,31,0,47
