match_id,batting_position,runs,balls,fours,sixes,strike_rate,overs,total_balls,dots,maidens,conceded,fours_conceded,sixes_conceded,wickets,LBW,Bowled,noballs,wides,economy_rate,catches,stumping,direct_hit,indirect_hit,strike_rate_fp,batting_fp,bowling_fp,fielding_fp,total_fp
1383109,0.49999999999999994,0.011428571428571429,0.0641025641025641,0.0,0.0,0.05,0.8,0.8,0.625,0.0,0.19354838709677422,0.08333333333333333,0.0,0.2857142857142857,0.3333333333333333,0.14285714285714285,0.0,0.15000000000000002,0.05010020040080161,0.0,0.0,0.0,0.0,0,2,87,0,89
1383106,0.49999999999999994,0.005714285714285714,0.038461538461538464,0.0,0.0,0.0416625,0.4334,0.43333333333333335,0.16666666666666666,0.0,0.19354838709677422,0.16666666666666666,0.0,0.0,0.0,0.0,0.0,0.05,0.09251837007348031,0.0,0.0,0.0,0.3333333333333333,0,1,4,6,11
1383103,0.5833333333333333,0.0,0.02564102564102564,0.0,0.0,0.0,0.4,0.4,0.29166666666666663,0.0,0.07526881720430108,0.0,0.0,0.14285714285714285,0.0,0.14285714285714285,0.0,0.05,0.03896682253395681,0.0,0.0,0.0,0.0,0,-2,46,0,44
1383101,0.4166666666666667,0.0,0.07692307692307693,0.0,0.0,0.0,0.4,0.4,0.3333333333333333,0.0,0.05376344086021506,0.0,0.0,0.14285714285714285,0.0,0.14285714285714285,0.0,0.05,0.027833444667112007,0.0,0.0,0.0,0.0,0,-2,47,0,45
