match_id,batting_position,runs,balls,fours,sixes,strike_rate,overs,total_balls,dots,maidens,conceded,fours_conceded,sixes_conceded,wickets,LBW,Bowled,noballs,wides,economy_rate,catches,stumping,direct_hit,indirect_hit,strike_rate_fp,batting_fp,bowling_fp,fielding_fp,total_fp
1436488,0.5833333333333333,0.04,0.07692307692307693,0.0,0.0,0.1458375,0.0,0.0,0.0,0.0,0.0,0.0,0.0,0.0,0.0,0.0,0.0,0.0,0.0,0.0,0.0,0.0,0.0,0,7,0,0,7
1436483,0.4166666666666667,0.0,0.02564102564102564,0.0,0.0,0.0,0.033400000000000006,0.03333333333333333,0.0,0.0,0.010752688172043012,0.0,0.0,0.0,0.0,0.0,0.0,0.0,0.06668893342240037,0.0,0.0,0.0,0.0,0,-2,0,0,-2
1436482,0.5833333333333333,0.13714285714285715,0.24358974358974358,0.0,0.05555555555555555,0.15789999999999998,0.0,0.0,0.0,0.0,0.0,0.0,0.0,0.0,0.0,0.0,0.0,0.0,0.0,0.0,0.0,0.0,0.0,0,30,0,0,30
1436472,0.7499999999999999,0.0,0.0,0.0,0.0,0.0,0.2,0.2,0.0,0.0,0.12903225806451613,0.16666666666666666,0.0,0.0,0.0,0.0,0.0,0.0,0.13360053440213762,0.16666666666666666,0.0,0.0,0.0,0,0,0,8,8
1434162,0.3333333333333333,0.0,0.0,0.0,0.0,0.0,0.6000000000000001,0.6,0.20833333333333331,0.0,0.4838709677419355,0.3333333333333333,0.375,0.0,0.0,0.0,0.0,0.2,0.16700066800267205,0.0,0.0,0.0,0.0,0,0,-1,0,-1
1380586,0.7499999999999999,0.011428571428571429,0.02564102564102564,0.0,0.0,0.125,0.0,0.0,0.0,0.0,0.0,0.0,0.0,0.0,0.0,0.0,0.0,0.0,0.0,0.0,0.0,0.0,0.0,0,2,0,0,2
1320978,0.7499999999999999,0.011428571428571429,0.07692307692307693,0.0,0.0,0.0416625,0.4,0.4,0.25,0.0,0.11827956989247312,0.08333333333333333,0.0,0.14285714285714285,0.0,0.0,0.0,0.1,0.061233578267646416,0.0,0.0,0.0,0.0,0,2,35,0,37
1320976,0.7499999999999999,0.005714285714285714,0.02564102564102564,0.0,0.0,0.0625,0.4,0.4,0.29166666666666663,0.0,0.16129032258064518,0.16666666666666666,0.0,0.2857142857142857,0.0,0.0,0.0,0.15000000000000002,0.08350033400133602,0.0,0.0,0.0,0.0,0,1,57,0,58
1275272,0.8333333333333333,0.017142857142857144,0.038461538461538464,0.0,0.0,0.125,0.4,0.4,0.3333333333333333,0.0,0.19354838709677422,0.08333333333333333,0.125,0.0,0.0,0.0,0.0,0.30000000000000004,0.10020040080160322,0.0,0.0,0.0,0.0,0,3,8,0,11
