match_id,batting_position,runs,balls,fours,sixes,strike_rate,overs,total_balls,dots,maidens,conceded,fours_conceded,sixes_conceded,wickets,LBW,Bowled,noballs,wides,economy_rate,catches,stumping,direct_hit,indirect_hit,strike_rate_fp,batting_fp,bowling_fp,fielding_fp,total_fp
804591,0.7499999999999999,0.011428571428571429,0.02564102564102564,0.0,0.0,0.125,0.2,0.2,0.08333333333333333,0.0,0.21505376344086025,0.25,0.125,0.14285714285714285,0.0,0.0,0.0,0.1,0.22266755733689605,0.16666666666666666,0.0,0.0,0.0,0,2,27,8,37
804575,0.7499999999999999,0.0,0.01282051282051282,0.0,0.0,0.0,0.8,0.8,0.20833333333333331,0.0,0.4838709677419355,0.41666666666666663,0.125,0.5714285714285714,0.0,0.0,0.0,0.2,0.12525050100200402,0.0,0.0,0.0,0.0,0,-2,109,0,107
