match_id,batting_position,runs,balls,fours,sixes,strike_rate,overs,total_balls,dots,maidens,conceded,fours_conceded,sixes_conceded,wickets,LBW,Bowled,noballs,wides,economy_rate,catches,stumping,direct_hit,indirect_hit,strike_rate_fp,batting_fp,bowling_fp,fielding_fp,total_fp
1393332,0.49999999999999994,0.011428571428571429,0.02564102564102564,0.0,0.0,0.125,0.4,0.4,0.125,0.0,0.16129032258064518,0.08333333333333333,0.0,0.14285714285714285,0.0,0.0,0.0,0.0,0.08350033400133602,0.0,0.0,0.0,0.0,0,2,28,0,30
1393319,0.3333333333333333,0.02857142857142857,0.14102564102564102,0.0,0.0,0.0568125,0.6000000000000001,0.6,0.20833333333333331,0.0,0.3118279569892473,0.0,0.25,0.2857142857142857,0.0,0.0,0.0,0.25,0.10765976397238924,0.0,0.0,0.0,0.0,-6,-1,55,0,54
1393331,0.6666666666666666,0.0,0.0,0.0,0.0,0.0,0.2,0.2,0.125,0.0,0.021505376344086023,0.0,0.0,0.14285714285714285,0.0,0.14285714285714285,0.0,0.0,0.022266755733689605,0.16666666666666666,0.0,0.0,0.0,0,0,36,8,44
1393317,0.3333333333333333,0.24571428571428572,0.2948717948717949,0.045454545454545456,0.2222222222222222,0.23370000000000002,0.0,0.0,0.0,0.0,0.0,0.0,0.0,0.0,0.0,0.0,0.0,0.0,0.0,0.16666666666666666,0.0,0.0,0.0,6,81,0,8,89
1393315,0.4166666666666667,0.05142857142857143,0.16666666666666666,0.0,0.0,0.0865375,0.6000000000000001,0.6,0.3333333333333333,0.0,0.34408602150537637,0.3333333333333333,0.125,0.42857142857142855,0.0,0.14285714285714285,0.0,0.05,0.11879314183923403,0.0,0.0,0.0,0.0,-2,7,93,0,100
1393314,0.4166666666666667,0.005714285714285714,0.038461538461538464,0.0,0.0,0.0416625,0.0,0.0,0.0,0.0,0.0,0.0,0.0,0.0,0.0,0.0,0.0,0.0,0.0,0.0,0.0,0.0,0.0,0,1,0,0,1
1393328,0.8333333333333333,0.0,0.0,0.0,0.0,0.0,0.4,0.4,0.16666666666666666,0.0,0.23655913978494625,0.08333333333333333,0.125,0.14285714285714285,0.0,0.14285714285714285,0.0,0.25,0.12246715653529283,0.0,0.0,0.0,0.0,0,0,35,0,35
1393311,0.5833333333333333,0.05142857142857143,0.10256410256410256,0.0,0.0,0.140625,0.2,0.2,0.041666666666666664,0.0,0.17204301075268819,0.0,0.25,0.14285714285714285,0.0,0.0,0.0,0.05,0.17813404586951684,0.0,0.0,0.0,0.0,0,9,26,0,35
