match_id,batting_position,runs,balls,fours,sixes,strike_rate,overs,total_balls,dots,maidens,conceded,fours_conceded,sixes_conceded,wickets,LBW,Bowled,noballs,wides,economy_rate,catches,stumping,direct_hit,indirect_hit,strike_rate_fp,batting_fp,bowling_fp,fielding_fp,total_fp
1333927,0.6666666666666666,0.005714285714285714,0.05128205128205128,0.0,0.0,0.03125,0.7000000000000001,0.7,0.3333333333333333,0.0,0.4623655913978495,0.3333333333333333,0.375,0.14285714285714285,0.0,0.14285714285714285,0.0,0.05,0.1368292139835226,0.0,0.0,0.0,0.0,0,1,35,0,36
1333925,0.6666666666666666,0.03428571428571429,0.08974358974358974,0.0,0.0,0.1071375,0.8,0.8,0.375,0.0,0.33333333333333337,0.08333333333333333,0.25,0.5714285714285714,0.0,0.0,0.0,0.1,0.08628367846804721,0.0,0.0,0.0,0.0,0,6,117,0,123
1333923,0.7499999999999999,0.0,0.0,0.0,0.0,0.0,0.8,0.8,0.29166666666666663,0.0,0.21505376344086025,0.08333333333333333,0.0,0.0,0.0,0.0,0.0,0.0,0.055666889334224014,0.16666666666666666,0.0,0.0,0.0,0,0,11,8,19
1333920,0.5833333333333333,0.005714285714285714,0.08974358974358974,0.0,0.0,0.0178625,0.8,0.8,0.29166666666666663,0.0,0.32258064516129037,0.16666666666666666,0.125,0.0,0.0,0.0,0.0,0.0,0.08350033400133602,0.0,0.0,0.0,0.0,0,1,7,0,8
1155281,0.4166666666666667,0.005714285714285714,0.02564102564102564,0.0,0.0,0.0625,0.0,0.0,0.0,0.0,0.0,0.0,0.0,0.0,0.0,0.0,0.0,0.0,0.0,0.0,0.0,0.0,0.0,0,1,0,0,1
1155272,0.49999999999999994,0.0,0.038461538461538464,0.0,0.0,0.0,0.4,0.4,0.16666666666666666,0.0,0.15053763440860216,0.08333333333333333,0.0,0.14285714285714285,0.0,0.0,0.0,0.1,0.07793364506791362,0.0,0.0,0.0,0.0,0,-2,31,0,29
1155274,0.5833333333333333,0.02857142857142857,0.10256410256410256,0.0,0.0,0.078125,0.6000000000000001,0.6,0.16666666666666666,0.0,0.33333333333333337,0.25,0.125,0.0,0.0,0.0,0.0,0.0,0.11500779336450681,0.0,0.0,0.0,0.0,0,5,2,0,7
