match_id,batting_position,runs,balls,fours,sixes,strike_rate,overs,total_balls,dots,maidens,conceded,fours_conceded,sixes_conceded,wickets,LBW,Bowled,noballs,wides,economy_rate,catches,stumping,direct_hit,indirect_hit,strike_rate_fp,batting_fp,bowling_fp,fielding_fp,total_fp
1068419,0.4166666666666667,0.05714285714285714,0.1923076923076923,0.045454545454545456,0.0,0.08333750000000001,0.8,0.8,0.125,0.0,0.38709677419354843,0.0,0.25,0.0,0.0,0.0,0.0,0.0,0.10020040080160322,0.16666666666666666,0.0,0.0,0.0,-2,12,3,8,23
1068411,0.6666666666666666,0.03428571428571429,0.05128205128205128,0.045454545454545456,0.0,0.1875,0.4,0.4,0.20833333333333331,0.0,0.17204301075268819,0.08333333333333333,0.125,0.0,0.0,0.0,0.0,0.0,0.08906702293475842,0.0,0.0,0.0,0.0,0,10,5,0,15
1068404,0.6666666666666666,0.05142857142857143,0.11538461538461538,0.045454545454545456,0.0,0.125,0.7000000000000001,0.7,0.3333333333333333,0.0,0.25806451612903225,0.25,0.0,0.7142857142857142,0.0,0.0,0.0,0.0,0.07637497216655535,0.0,0.0,0.0,0.0,0,13,147,0,160
1068397,0.8333333333333333,0.0,0.0,0.0,0.0,0.0,0.2,0.2,0.041666666666666664,0.0,0.15053763440860216,0.08333333333333333,0.125,0.14285714285714285,0.0,0.0,0.0,0.0,0.15586729013582723,0.0,0.0,0.0,0.0,0,0,26,0,26
1068391,0.7499999999999999,0.0,0.0,0.0,0.0,0.0,0.4,0.4,0.0,0.0,0.19354838709677422,0.0,0.125,0.0,0.0,0.0,0.0,0.05,0.10020040080160322,0.16666666666666666,0.0,0.0,0.0,0,0,0,8,8
