match_id,batting_position,runs,balls,fours,sixes,strike_rate,overs,total_balls,dots,maidens,conceded,fours_conceded,sixes_conceded,wickets,LBW,Bowled,noballs,wides,economy_rate,catches,stumping,direct_hit,indirect_hit,strike_rate_fp,batting_fp,bowling_fp,fielding_fp,total_fp
659547,0.5833333333333333,0.0,0.01282051282051282,0.0,0.0,0.0,0.8,0.8,0.20833333333333331,0.0,0.4516129032258065,0.25,0.25,0.14285714285714285,0.0,0.0,0.0,0.0,0.11690046760187042,0.0,0.0,0.0,0.0,0,0,28,0,28
659545,0.7499999999999999,0.0,0.0,0.0,0.0,0.0,0.8,0.8,0.20833333333333331,0.0,0.39784946236559143,0.16666666666666666,0.125,0.14285714285714285,0.0,0.0,0.0,0.1,0.10298374526831443,0.0,0.0,0.0,0.0,0,0,30,0,30
623572,0.49999999999999994,0.05142857142857143,0.15384615384615385,0.0,0.0,0.09375,0.4,0.4,0.08333333333333333,0.0,0.33333333333333337,0.41666666666666663,0.125,0.0,0.0,0.0,0.1,0.0,0.17256735693609443,0.16666666666666666,0.0,0.0,0.0,0,9,-4,8,13
520596,0.49999999999999994,0.0,0.0,0.0,0.0,0.0,0.33340000000000003,0.3333333333333333,0.0,0.0,0.32258064516129037,0.16666666666666666,0.375,0.0,0.0,0.0,0.0,0.0,0.20040080160320645,0.0,0.0,0.0,0.0,0,0,0,0,0
520595,0.49999999999999994,0.045714285714285714,0.08974358974358974,0.045454545454545456,0.0,0.1428625,0.5666000000000001,0.5666666666666667,0.29166666666666663,0.0,0.2795698924731183,0.08333333333333333,0.125,0.0,0.0,0.0,0.0,0.1,0.10220440881763529,0.0,0.0,0.3333333333333333,0.0,0,12,7,12,31
463142,0.5833333333333333,0.005714285714285714,0.02564102564102564,0.0,0.0,0.0625,0.8,0.8,0.3333333333333333,0.0,0.41935483870967744,0.3333333333333333,0.125,0.2857142857142857,0.0,0.14285714285714285,0.0,0.05,0.10855043420173682,0.0,0.0,0.0,0.0,0,1,66,0,67
439139,0.6666666666666666,0.0,0.02564102564102564,0.0,0.0,0.0,0.2,0.2,0.041666666666666664,0.0,0.06451612903225806,0.0,0.0,0.0,0.0,0.0,0.0,0.05,0.06680026720106881,0.16666666666666666,0.0,0.0,0.0,0,-2,1,8,7
