match_id,batting_position,runs,balls,fours,sixes,strike_rate,overs,total_balls,dots,maidens,conceded,fours_conceded,sixes_conceded,wickets,LBW,Bowled,noballs,wides,economy_rate,catches,stumping,direct_hit,indirect_hit,strike_rate_fp,batting_fp,bowling_fp,fielding_fp,total_fp
1336032,0.7499999999999999,0.0,0.0,0.0,0.0,0.0,0.6000000000000001,0.6,0.29166666666666663,0.0,0.38709677419354843,0.5,0.125,0.14285714285714285,0.3333333333333333,0.0,0.1,0.0,0.13360053440213762,0.0,0.0,0.0,0.0,0,0,36,0,36
1336031,0.8333333333333333,0.0,0.0,0.0,0.0,0.0,0.6000000000000001,0.6,0.41666666666666663,0.0,0.17204301075268819,0.16666666666666666,0.0,0.14285714285714285,0.0,0.0,0.0,0.15000000000000002,0.0593409040302828,0.0,0.0,0.0,0.0,0,0,39,0,39
1328851,0.8333333333333333,0.0,0.0,0.0,0.0,0.0,0.4,0.4,0.25,0.0,0.19354838709677422,0.0,0.25,0.14285714285714285,0.0,0.0,0.0,0.0,0.10020040080160322,0.0,0.0,0.0,0.0,0,0,31,0,31
