match_id,batting_position,runs,balls,fours,sixes,strike_rate,overs,total_balls,dots,maidens,conceded,fours_conceded,sixes_conceded,wickets,LBW,Bowled,noballs,wides,economy_rate,catches,stumping,direct_hit,indirect_hit,strike_rate_fp,batting_fp,bowling_fp,fielding_fp,total_fp
1444765,0.16666666666666669,0.0,0.038461538461538464,0.0,0.0,0.0,0.0,0.0,0.0,0.0,0.0,0.0,0.0,0.0,0.0,0.0,0.0,0.0,0.0,0.0,0.0,0.0,0.0,0,-2,0,0,-2
1334907,0.49999999999999994,0.0,0.02564102564102564,0.0,0.0,0.0,0.0,0.0,0.0,0.0,0.0,0.0,0.0,0.0,0.0,0.0,0.0,0.0,0.0,0.0,0.0,0.0,0.0,0,-2,0,0,-2
1334903,0.4166666666666667,0.0,0.0,0.0,0.0,0.0,0.0,0.0,0.0,0.0,0.0,0.0,0.0,0.0,0.0,0.0,0.0,0.0,0.0,0.0,0.0,0.0,0.0,0,0,0,0,0
1334900,0.8333333333333333,0.0,0.0,0.0,0.0,0.0,0.6000000000000001,0.6,0.29166666666666663,0.0,0.23655913978494625,0.08333333333333333,0.125,0.0,0.0,0.0,0.0,0.0,0.0816076597639724,0.0,0.0,0.0,0.0,0,0,7,0,7
1334895,0.4166666666666667,0.022857142857142857,0.10256410256410256,0.0,0.0,0.0625,0.2,0.2,0.125,0.0,0.09677419354838711,0.16666666666666666,0.0,0.0,0.0,0.0,0.0,0.0,0.10020040080160322,0.0,0.0,0.0,0.0,0,4,3,0,7
