match_id,batting_position,runs,balls,fours,sixes,strike_rate,overs,total_balls,dots,maidens,conceded,fours_conceded,sixes_conceded,wickets,LBW,Bowled,noballs,wides,economy_rate,catches,stumping,direct_hit,indirect_hit,strike_rate_fp,batting_fp,bowling_fp,fielding_fp,total_fp
1436489,0.8333333333333333,0.005714285714285714,0.01282051282051282,0.0,0.0,0.125,0.0,0.0,0.0,0.0,0.0,0.0,0.0,0.0,0.0,0.0,0.0,0.0,0.0,0.0,0.0,0.0,0.0,0,1,0,0,1
1321276,0.25,0.0,0.01282051282051282,0.0,0.0,0.0,0.0,0.0,0.0,0.0,0.0,0.0,0.0,0.0,0.0,0.0,0.0,0.0,0.0,0.0,0.0,0.0,0.0,0,-2,0,0,-2
1321266,0.7499999999999999,0.0,0.0641025641025641,0.0,0.0,0.0,0.1666,0.16666666666666666,0.08333333333333333,0.0,0.043010752688172046,0.0,0.0,0.0,0.0,0.0,0.0,0.0,0.05344021376085505,0.0,0.0,0.0,0.0,0,-2,2,0,0
