match_id,batting_position,runs,balls,fours,sixes,strike_rate,overs,total_balls,dots,maidens,conceded,fours_conceded,sixes_conceded,wickets,LBW,Bowled,noballs,wides,economy_rate,catches,stumping,direct_hit,indirect_hit,strike_rate_fp,batting_fp,bowling_fp,fielding_fp,total_fp
1474263,0.5833333333333333,0.06285714285714286,0.1282051282051282,0.045454545454545456,0.0,0.1375,0.4,0.4,0.29166666666666663,0.0,0.09677419354838711,0.08333333333333333,0.0,0.14285714285714285,0.0,0.0,0.0,0.0,0.05010020040080161,0.0,0.0,0.0,0.0,0,15,38,0,53
1474262,0.6666666666666666,0.0,0.038461538461538464,0.0,0.0,0.0,0.8,0.8,0.3333333333333333,0.0,0.2688172043010753,0.3333333333333333,0.0,0.14285714285714285,0.0,0.0,0.0,0.0,0.06958361166778002,0.0,0.0,0.0,0.0,0,-2,35,0,33
1474261,0.7499999999999999,0.0,0.0,0.0,0.0,0.0,0.4,0.4,0.25,0.0,0.19354838709677422,0.25,0.0,0.0,0.0,0.0,0.0,0.1,0.10020040080160322,0.0,0.0,0.0,0.0,0,0,6,0,6
1474260,0.8333333333333333,0.0,0.0,0.0,0.0,0.0,0.8,0.8,0.5,0.0,0.3010752688172043,0.41666666666666663,0.0,0.2857142857142857,0.0,0.0,0.0,0.05,0.07793364506791362,0.0,0.0,0.0,0.0,0,0,64,0,64
