match_id,batting_position,runs,balls,fours,sixes,strike_rate,overs,total_balls,dots,maidens,conceded,fours_conceded,sixes_conceded,wickets,LBW,Bowled,noballs,wides,economy_rate,catches,stumping,direct_hit,indirect_hit,strike_rate_fp,batting_fp,bowling_fp,fielding_fp,total_fp
1426452,0.7499999999999999,0.005714285714285714,0.01282051282051282,0.0,0.0,0.125,0.2,0.2,0.041666666666666664,0.0,0.17204301075268819,0.16666666666666666,0.125,0.0,0.0,0.0,0.0,0.0,0.17813404586951684,0.0,0.0,0.0,0.0,0,1,1,0,2
1424767,0.49999999999999994,0.022857142857142857,0.0641025641025641,0.0,0.0,0.1,0.4,0.4,0.16666666666666666,0.0,0.16129032258064518,0.0,0.125,0.0,0.0,0.0,0.0,0.1,0.08350033400133602,0.0,0.0,0.0,0.0,0,4,4,0,8
1424764,0.6666666666666666,0.0,0.0,0.0,0.0,0.0,0.2,0.2,0.125,0.0,0.06451612903225806,0.08333333333333333,0.0,0.14285714285714285,0.0,0.0,0.0,0.0,0.06680026720106881,0.16666666666666666,0.0,0.0,0.0,0,0,28,8,36
1424763,0.4166666666666667,0.0,0.0,0.0,0.0,0.0,0.4,0.4,0.25,0.0,0.08602150537634409,0.08333333333333333,0.0,0.14285714285714285,0.0,0.0,0.0,0.0,0.04453351146737921,0.0,0.0,0.0,0.0,0,0,37,0,37
1424757,0.8333333333333333,0.0,0.0,0.0,0.0,0.0,0.8,0.8,0.375,0.0,0.24731182795698928,0.08333333333333333,0.0,0.14285714285714285,0.0,0.14285714285714285,0.0,0.05,0.06401692273435762,0.0,0.0,0.0,0.0,0,0,46,0,46
1424752,0.6666666666666666,0.005714285714285714,0.02564102564102564,0.0,0.0,0.0625,0.4,0.4,0.29166666666666663,0.0,0.09677419354838711,0.08333333333333333,0.0,0.14285714285714285,0.0,0.0,0.0,0.0,0.05010020040080161,0.0,0.0,0.0,0.0,0,1,38,0,39
