match_id,batting_position,runs,balls,fours,sixes,strike_rate,overs,total_balls,dots,maidens,conceded,fours_conceded,sixes_conceded,wickets,LBW,Bowled,noballs,wides,economy_rate,catches,stumping,direct_hit,indirect_hit,strike_rate_fp,batting_fp,bowling_fp,fielding_fp,total_fp
1280294,0.0,0.022857142857142857,0.0641025641025641,0.0,0.0,0.1,0.0,0.0,0.0,0.0,0.0,0.0,0.0,0.0,0.0,0.0,0.0,0.0,0.0,0.0,0.0,0.0,0.0,0,4,0,0,4
1280287,0.0,0.05714285714285714,0.16666666666666666,0.045454545454545456,0.0,0.09615,0.0,0.0,0.0,0.0,0.0,0.0,0.0,0.0,0.0,0.0,0.0,0.0,0.0,0.16666666666666666,0.0,0.0,0.0,0,14,0,8,22
1280269,0.0,0.21714285714285714,0.28205128205128205,0.18181818181818182,0.05555555555555555,0.21591249999999998,0.0,0.0,0.0,0.0,0.0,0.0,0.0,0.0,0.0,0.0,0.0,0.0,0.0,0.0,0.0,0.0,0.0,6,70,0,0,70
1280250,0.0,0.14285714285714285,0.34615384615384615,0.18181818181818182,0.0,0.11573750000000001,0.0,0.0,0.0,0.0,0.0,0.0,0.0,0.0,0.0,0.0,0.0,0.0,0.0,0.0,0.0,0.0,0.0,0,45,0,0,45
1280229,0.0,0.13142857142857142,0.28205128205128205,0.2272727272727273,0.0,0.1306875,0.0,0.0,0.0,0.0,0.0,0.0,0.0,0.0,0.0,0.0,0.0,0.0,0.0,0.0,0.0,0.0,0.0,0,43,0,0,43
902137,0.4166666666666667,0.06285714285714286,0.1923076923076923,0.0,0.0,0.0916625,0.0,0.0,0.0,0.0,0.0,0.0,0.0,0.0,0.0,0.0,0.0,0.0,0.0,0.0,0.0,0.0,0.0,0,11,0,0,11
902111,0.4166666666666667,0.011428571428571429,0.02564102564102564,0.0,0.0,0.125,0.0,0.0,0.0,0.0,0.0,0.0,0.0,0.0,0.0,0.0,0.0,0.0,0.0,0.16666666666666666,0.0,0.0,0.0,0,2,0,8,10
902087,0.49999999999999994,0.011428571428571429,0.038461538461538464,0.0,0.0,0.08333750000000001,0.0,0.0,0.0,0.0,0.0,0.0,0.0,0.0,0.0,0.0,0.0,0.0,0.0,0.0,0.0,0.0,0.0,0,2,0,0,2
