match_id,batting_position,runs,balls,fours,sixes,strike_rate,overs,total_balls,dots,maidens,conceded,fours_conceded,sixes_conceded,wickets,LBW,Bowled,noballs,wides,economy_rate,catches,stumping,direct_hit,indirect_hit,strike_rate_fp,batting_fp,bowling_fp,fielding_fp,total_fp
1244385,0.49999999999999994,0.0,0.0,0.0,0.0,0.0,0.8,0.8,0.20833333333333331,0.0,0.3548387096774194,0.16666666666666666,0.125,0.0,0.0,0.0,0.0,0.0,0.09185036740146962,0.0,0.0,0.0,0.0,0,0,5,0,5
1244367,0.5833333333333333,0.0,0.0,0.0,0.0,0.0,0.6000000000000001,0.6,0.20833333333333331,0.0,0.2688172043010753,0.16666666666666666,0.125,0.0,0.0,0.0,0.0,0.0,0.0927410376308172,0.0,0.0,0.0,0.0,0,0,5,0,5
1244347,0.8333333333333333,0.0,0.0,0.0,0.0,0.0,0.4,0.4,0.08333333333333333,0.0,0.19354838709677422,0.08333333333333333,0.125,0.0,0.0,0.0,0.0,0.0,0.10020040080160322,0.0,0.0,0.0,0.0,0,0,2,0,2
1244330,0.7499999999999999,0.0,0.0,0.0,0.0,0.0,0.8,0.8,0.3333333333333333,0.0,0.3010752688172043,0.16666666666666666,0.125,0.0,0.0,0.0,0.0,0.0,0.07793364506791362,0.0,0.0,0.0,0.0,0,0,10,0,10
1244311,0.5833333333333333,0.0,0.0,0.0,0.0,0.0,0.6000000000000001,0.6,0.20833333333333331,0.0,0.22580645161290325,0.16666666666666666,0.0,0.14285714285714285,0.0,0.0,0.0,0.0,0.07793364506791362,0.0,0.0,0.0,0.0,0,0,32,0,32
