match_id,batting_position,runs,balls,fours,sixes,strike_rate,overs,total_balls,dots,maidens,conceded,fours_conceded,sixes_conceded,wickets,LBW,Bowled,noballs,wides,economy_rate,catches,stumping,direct_hit,indirect_hit,strike_rate_fp,batting_fp,bowling_fp,fielding_fp,total_fp
352674,0.6666666666666666,0.0,0.0,0.0,0.0,0.0,0.4,0.4,0.16666666666666666,0.0,0.12903225806451613,0.08333333333333333,0.0,0.14285714285714285,0.0,0.14285714285714285,0.0,0.0,0.06680026720106881,0.0,0.0,0.0,0.0,0,0,39,0,39
366708,0.8333333333333333,0.0,0.0,0.0,0.0,0.0,0.4,0.4,0.29166666666666663,0.0,0.15053763440860216,0.25,0.0,0.0,0.0,0.0,0.0,0.0,0.07793364506791362,0.0,0.0,0.0,0.0,0,0,9,0,9
366707,0.8333333333333333,0.0,0.0,0.0,0.0,0.0,0.8,0.8,0.5,0.0,0.34408602150537637,0.3333333333333333,0.125,0.14285714285714285,0.0,0.0,0.1,0.05,0.08906702293475842,0.0,0.0,0.0,0.0,0,0,37,0,37
