match_id,batting_position,runs,balls,fours,sixes,strike_rate,overs,total_balls,dots,maidens,conceded,fours_conceded,sixes_conceded,wickets,LBW,Bowled,noballs,wides,economy_rate,catches,stumping,direct_hit,indirect_hit,strike_rate_fp,batting_fp,bowling_fp,fielding_fp,total_fp
1199545,0.7499999999999999,0.0,0.0,0.0,0.0,0.0,0.8,0.8,0.375,0.0,0.3010752688172043,0.3333333333333333,0.0,0.14285714285714285,0.0,0.0,0.0,0.0,0.07793364506791362,0.0,0.0,0.0,0.0,0,0,36,0,36
1200428,0.7499999999999999,0.0,0.0,0.0,0.0,0.0,0.8,0.8,0.41666666666666663,0.0,0.40860215053763443,0.25,0.25,0.14285714285714285,0.0,0.0,0.0,0.15000000000000002,0.10576708973502562,0.3333333333333333,0.0,0.0,0.0,0,0,35,16,51
1200425,0.4166666666666667,0.0,0.0,0.0,0.0,0.0,0.8,0.8,0.4583333333333333,0.0,0.3548387096774194,0.25,0.25,0.2857142857142857,0.0,0.0,0.0,0.05,0.09185036740146962,0.0,0.0,0.0,0.0,0,0,61,0,61
1172510,0.5833333333333333,0.0,0.0,0.0,0.0,0.0,0.8,0.8,0.4583333333333333,0.0,0.22580645161290325,0.16666666666666666,0.0,0.42857142857142855,0.0,0.2857142857142857,0.0,0.1,0.05845023380093521,0.16666666666666666,0.0,0.0,0.0,0,0,110,8,118
