match_id,batting_position,runs,balls,fours,sixes,strike_rate,overs,total_balls,dots,maidens,conceded,fours_conceded,sixes_conceded,wickets,LBW,Bowled,noballs,wides,economy_rate,catches,stumping,direct_hit,indirect_hit,strike_rate_fp,batting_fp,bowling_fp,fielding_fp,total_fp
1142221,0.7499999999999999,0.11428571428571428,0.0641025641025641,0.0,0.16666666666666666,0.5,0.33340000000000003,0.3333333333333333,0.25,0.0,0.22580645161290325,0.16666666666666666,0.0,0.0,0.0,0.0,0.1,0.45,0.14028056112224452,0.0,0.0,0.0,0.0,0,38,6,0,44
1142209,0.6666666666666666,0.0,0.02564102564102564,0.0,0.0,0.0,0.0,0.0,0.0,0.0,0.0,0.0,0.0,0.0,0.0,0.0,0.0,0.0,0.0,0.0,0.0,0.0,0.0,0,-2,0,0,-2
