match_id,batting_position,runs,balls,fours,sixes,strike_rate,overs,total_balls,dots,maidens,conceded,fours_conceded,sixes_conceded,wickets,LBW,Bowled,noballs,wides,economy_rate,catches,stumping,direct_hit,indirect_hit,strike_rate_fp,batting_fp,bowling_fp,fielding_fp,total_fp
1297890,0.6666666666666666,0.0,0.0,0.0,0.0,0.0,0.2,0.2,0.041666666666666664,0.0,0.11827956989247312,0.16666666666666666,0.0,0.0,0.0,0.0,0.0,0.0,0.12246715653529283,0.0,0.0,0.0,0.0,0,0,1,0,1
1297872,0.6666666666666666,0.017142857142857144,0.07692307692307693,0.0,0.0,0.0625,0.4,0.4,0.20833333333333331,0.0,0.21505376344086025,0.25,0.125,0.0,0.0,0.0,0.0,0.0,0.11133377866844803,0.0,0.0,0.0,0.0,0,3,3,0,6
1297840,0.6666666666666666,0.011428571428571429,0.038461538461538464,0.0,0.0,0.08333750000000001,0.4,0.4,0.16666666666666666,0.0,0.16129032258064518,0.16666666666666666,0.0,0.0,0.0,0.0,0.0,0.0,0.08350033400133602,0.16666666666666666,0.0,0.0,0.0,0,2,4,8,14
1297833,0.6666666666666666,0.0,0.0,0.0,0.0,0.0,0.6000000000000001,0.6,0.29166666666666663,0.0,0.2795698924731183,0.25,0.125,0.2857142857142857,0.0,0.0,0.0,0.05,0.09652638610554444,0.16666666666666666,0.0,0.0,0.0,0,0,57,8,65
1297823,0.6666666666666666,0.0,0.01282051282051282,0.0,0.0,0.0,0.8,0.8,0.29166666666666663,0.0,0.4838709677419355,0.25,0.375,0.0,0.0,0.0,0.0,0.0,0.12525050100200402,0.16666666666666666,0.0,0.0,0.0,0,-2,3,8,9
1297810,0.6666666666666666,0.005714285714285714,0.02564102564102564,0.0,0.0,0.0625,0.8,0.8,0.25,0.0,0.32258064516129037,0.25,0.0,0.14285714285714285,0.0,0.0,0.0,0.0,0.08350033400133602,0.0,0.0,0.0,0.0,0,1,31,0,32
1297807,0.6666666666666666,0.02857142857142857,0.07692307692307693,0.0,0.0,0.1041625,0.8,0.8,0.20833333333333331,0.0,0.38709677419354843,0.3333333333333333,0.125,0.0,0.0,0.0,0.0,0.0,0.10020040080160322,0.16666666666666666,0.0,0.0,0.0,0,5,5,8,18
1297795,0.5833333333333333,0.017142857142857144,0.08974358974358974,0.0,0.0,0.053575,0.4,0.4,0.041666666666666664,0.0,0.24731182795698928,0.08333333333333333,0.125,0.0,0.0,0.0,0.0,0.0,0.12803384546871524,0.0,0.0,0.0,0.0,0,3,-3,0,0
