match_id,batting_position,runs,balls,fours,sixes,strike_rate,overs,total_balls,dots,maidens,conceded,fours_conceded,sixes_conceded,wickets,LBW,Bowled,noballs,wides,economy_rate,catches,stumping,direct_hit,indirect_hit,strike_rate_fp,batting_fp,bowling_fp,fielding_fp,total_fp
1074966,0.8333333333333333,0.0,0.0,0.0,0.0,0.0,0.2,0.2,0.16666666666666666,0.0,0.021505376344086023,0.0,0.0,0.0,0.0,0.0,0.0,0.0,0.022266755733689605,0.0,0.0,0.0,0.0,0,0,4,0,4
1074961,0.8333333333333333,0.04,0.11538461538461538,0.045454545454545456,0.0,0.097225,0.2,0.2,0.08333333333333333,0.0,0.11827956989247312,0.16666666666666666,0.0,0.0,0.0,0.0,0.0,0.0,0.12246715653529283,0.0,0.0,0.0,0.0,0,11,2,0,13
1074957,0.8333333333333333,0.0,0.0,0.0,0.0,0.0,0.8,0.8,0.16666666666666666,0.0,0.4623655913978495,0.08333333333333333,0.375,0.0,0.0,0.0,0.0,0.05,0.11968381206858163,0.0,0.0,0.0,0.0,0,0,2,0,2
1004729,0.5833333333333333,0.0,0.0,0.0,0.0,0.0,0.7000000000000001,0.7,0.3333333333333333,0.0,0.3118279569892473,0.41666666666666663,0.0,0.2857142857142857,0.0,0.2857142857142857,0.0,0.05,0.0922957025161434,0.16666666666666666,0.0,0.0,0.0,0,0,74,8,82
