match_id,batting_position,runs,balls,fours,sixes,strike_rate,overs,total_balls,dots,maidens,conceded,fours_conceded,sixes_conceded,wickets,LBW,Bowled,noballs,wides,economy_rate,catches,stumping,direct_hit,indirect_hit,strike_rate_fp,batting_fp,bowling_fp,fielding_fp,total_fp
1267311,0.5833333333333333,0.0,0.02564102564102564,0.0,0.0,0.0,0.0,0.0,0.0,0.0,0.0,0.0,0.0,0.0,0.0,0.0,0.0,0.0,0.0,0.16666666666666666,0.0,0.0,0.0,0,-2,0,8,6
1267307,0.49999999999999994,0.005714285714285714,0.038461538461538464,0.0,0.0,0.0416625,0.0,0.0,0.0,0.0,0.0,0.0,0.0,0.0,0.0,0.0,0.0,0.0,0.0,0.0,0.0,0.0,0.0,0,1,0,0,1
1235832,0.5833333333333333,0.07428571428571429,0.16666666666666666,0.09090909090909091,0.0,0.125,0.4,0.4,0.29166666666666663,0.0,0.11827956989247312,0.08333333333333333,0.0,0.0,0.0,0.0,0.0,0.05,0.061233578267646416,0.0,0.0,0.0,0.0,0,21,11,0,32
