match_id,batting_position,runs,balls,fours,sixes,strike_rate,overs,total_balls,dots,maidens,conceded,fours_conceded,sixes_conceded,wickets,LBW,Bowled,noballs,wides,economy_rate,catches,stumping,direct_hit,indirect_hit,strike_rate_fp,batting_fp,bowling_fp,fielding_fp,total_fp
1117822,0.49999999999999994,0.005714285714285714,0.01282051282051282,0.0,0.0,0.125,0.8,0.8,0.16666666666666666,0.0,0.4731182795698925,0.08333333333333333,0.375,0.14285714285714285,0.0,0.0,0.0,0.05,0.12246715653529283,0.0,0.0,0.0,0.0,0,1,27,0,28
1117821,0.6666666666666666,0.0,0.0,0.0,0.0,0.0,0.8,0.8,0.3333333333333333,0.0,0.3010752688172043,0.3333333333333333,0.0,0.2857142857142857,0.0,0.0,0.0,0.05,0.07793364506791362,0.0,0.0,0.0,0.0,0,0,60,0,60
935325,0.6666666666666666,0.045714285714285714,0.0641025641025641,0.045454545454545456,0.0,0.2,0.6666000000000001,0.6666666666666666,0.375,0.0,0.32258064516129037,0.3333333333333333,0.125,0.0,0.0,0.0,0.0,0.1,0.10020040080160322,0.0,0.0,0.0,0.0,0,12,9,0,21
523736,0.7499999999999999,0.0,0.0,0.0,0.0,0.0,0.8,0.8,0.375,0.0,0.33333333333333337,0.25,0.125,0.0,0.0,0.0,0.0,0.05,0.08628367846804721,0.0,0.0,0.0,0.0,0,0,9,0,9
523735,0.5833333333333333,0.0,0.0,0.0,0.0,0.0,0.4,0.4,0.16666666666666666,0.0,0.13978494623655915,0.0,0.125,0.2857142857142857,0.0,0.0,0.0,0.05,0.07236695613449122,0.0,0.0,0.0,0.0,0,0,56,0,56
