match_id,batting_position,runs,balls,fours,sixes,strike_rate,overs,total_balls,dots,maidens,conceded,fours_conceded,sixes_conceded,wickets,LBW,Bowled,noballs,wides,economy_rate,catches,stumping,direct_hit,indirect_hit,strike_rate_fp,batting_fp,bowling_fp,fielding_fp,total_fp
1387245,0.08333333333333333,0.045714285714285714,0.08974358974358974,0.045454545454545456,0.0,0.1428625,0.0,0.0,0.0,0.0,0.0,0.0,0.0,0.0,0.0,0.0,0.0,0.0,0.0,0.0,0.0,0.0,0.0,0,12,0,0,12
1387243,0.08333333333333333,0.09714285714285714,0.14102564102564102,0.09090909090909091,0.05555555555555555,0.1931875,0.0,0.0,0.0,0.0,0.0,0.0,0.0,0.0,0.0,0.0,0.0,0.0,0.0,0.0,0.0,0.0,0.0,4,35,0,0,35
1387244,0.08333333333333333,0.07428571428571429,0.11538461538461538,0.13636363636363635,0.0,0.18055,0.2,0.2,0.041666666666666664,0.0,0.15053763440860216,0.25,0.0,0.0,0.0,0.0,0.0,0.0,0.15586729013582723,0.0,0.0,0.0,0.0,0,25,1,0,26
1380584,0.0,0.3028571428571429,0.34615384615384615,0.13636363636363635,0.2777777777777778,0.245375,0.6000000000000001,0.6,0.3333333333333333,0.0,0.34408602150537637,0.0,0.5,0.2857142857142857,0.0,0.14285714285714285,0.1,0.0,0.11879314183923403,0.0,0.0,0.0,0.0,6,109,64,0,173
1380583,0.25,0.09714285714285714,0.0641025641025641,0.045454545454545456,0.1111111111111111,0.425,0.6000000000000001,0.6,0.29166666666666663,0.0,0.3548387096774194,0.16666666666666666,0.375,0.14285714285714285,0.0,0.0,0.0,0.0,0.12246715653529283,0.16666666666666666,0.0,0.0,0.0,0,33,30,8,71
