match_id,batting_position,runs,balls,fours,sixes,strike_rate,overs,total_balls,dots,maidens,conceded,fours_conceded,sixes_conceded,wickets,LBW,Bowled,noballs,wides,economy_rate,catches,stumping,direct_hit,indirect_hit,strike_rate_fp,batting_fp,bowling_fp,fielding_fp,total_fp
546473,0.7499999999999999,0.0,0.0,0.0,0.0,0.0,0.8,0.8,0.3333333333333333,0.0,0.3010752688172043,0.08333333333333333,0.125,0.0,0.0,0.0,0.0,0.1,0.07793364506791362,0.0,0.0,0.0,0.0,0,0,10,0,10
439505,0.49999999999999994,0.2,0.5256410256410257,0.13636363636363635,0.0,0.1067125,0.6000000000000001,0.6,0.20833333333333331,0.0,0.3010752688172043,0.3333333333333333,0.0,0.14285714285714285,0.0,0.0,0.0,0.1,0.103874415497662,0.0,0.0,0.0,0.0,0,51,30,0,81
355995,0.6666666666666666,0.005714285714285714,0.02564102564102564,0.0,0.0,0.0625,0.8,0.8,0.3333333333333333,0.0,0.4301075268817205,0.16666666666666666,0.375,0.2857142857142857,0.0,0.0,0.0,0.0,0.11133377866844803,0.0,0.0,0.0,0.0,0,1,56,0,57
355992,0.7499999999999999,0.0,0.0,0.0,0.0,0.0,0.4,0.4,0.041666666666666664,0.0,0.2688172043010753,0.16666666666666666,0.0,0.0,0.0,0.0,0.2,0.0,0.13916722333556003,0.0,0.0,0.0,0.0,0,0,-5,0,-5
361531,0.49999999999999994,0.011428571428571429,0.0641025641025641,0.0,0.0,0.05,0.6000000000000001,0.6,0.4583333333333333,0.0,0.15053763440860216,0.25,0.0,0.0,0.0,0.0,0.0,0.0,0.051992874638165223,0.0,0.0,0.0,0.0,0,2,17,0,19
354456,0.6666666666666666,0.0,0.0,0.0,0.0,0.0,0.8,0.8,0.375,0.0,0.23655913978494625,0.16666666666666666,0.0,0.14285714285714285,0.0,0.0,0.0,0.0,0.061233578267646416,0.0,0.0,0.0,0.0,0,0,38,0,38
