match_id,batting_position,runs,balls,fours,sixes,strike_rate,overs,total_balls,dots,maidens,conceded,fours_conceded,sixes_conceded,wickets,LBW,Bowled,noballs,wides,economy_rate,catches,stumping,direct_hit,indirect_hit,strike_rate_fp,batting_fp,bowling_fp,fielding_fp,total_fp
1443786,0.8333333333333333,0.0,0.0,0.0,0.0,0.0,0.4,0.4,0.041666666666666664,0.0,0.22580645161290325,0.3333333333333333,0.0,0.0,0.0,0.0,0.0,0.0,0.11690046760187042,0.0,0.0,0.0,0.0,0,0,-1,0,-1
1443775,0.7499999999999999,0.0,0.038461538461538464,0.0,0.0,0.0,0.0,0.0,0.0,0.0,0.0,0.0,0.0,0.0,0.0,0.0,0.0,0.0,0.0,0.0,0.0,0.0,0.0,0,-2,0,0,-2
1443770,0.7499999999999999,0.08,0.20512820512820512,0.0,0.05555555555555555,0.109375,0.2,0.2,0.041666666666666664,0.0,0.10752688172043012,0.08333333333333333,0.0,0.0,0.0,0.0,0.0,0.0,0.11133377866844803,0.0,0.0,0.0,0.0,0,20,1,0,21
1443769,0.5833333333333333,0.0,0.0,0.0,0.0,0.0,0.6000000000000001,0.6,0.375,0.0,0.23655913978494625,0.16666666666666666,0.125,0.0,0.0,0.0,0.0,0.05,0.0816076597639724,0.3333333333333333,0.0,0.0,0.0,0,0,9,16,25
