match_id,batting_position,runs,balls,fours,sixes,strike_rate,overs,total_balls,dots,maidens,conceded,fours_conceded,sixes_conceded,wickets,LBW,Bowled,noballs,wides,economy_rate,catches,stumping,direct_hit,indirect_hit,strike_rate_fp,batting_fp,bowling_fp,fielding_fp,total_fp
1170459,0.5833333333333333,0.0,0.01282051282051282,0.0,0.0,0.0,0.4,0.4,0.25,0.0,0.17204301075268819,0.08333333333333333,0.125,0.2857142857142857,0.0,0.0,0.0,0.0,0.08906702293475842,0.0,0.0,0.3333333333333333,0.0,0,-2,56,12,66
1170458,0.49999999999999994,0.017142857142857144,0.0641025641025641,0.0,0.0,0.075,0.8,0.8,0.4583333333333333,0.0,0.2903225806451613,0.16666666666666666,0.125,0.14285714285714285,0.0,0.0,0.1,0.0,0.07515030060120241,0.0,0.0,0.0,0.0,0,3,38,0,41
1170457,0.8333333333333333,0.0,0.0,0.0,0.0,0.0,0.8,0.8,0.375,0.0,0.3655913978494624,0.25,0.125,0.14285714285714285,0.0,0.0,0.0,0.05,0.09463371186818081,0.0,0.0,0.0,0.0,0,0,34,0,34
1162727,0.5833333333333333,0.0,0.0,0.0,0.0,0.0,0.8,0.8,0.41666666666666663,0.0,0.2795698924731183,0.25,0.0,0.2857142857142857,0.0,0.0,0.0,0.0,0.07236695613449122,0.0,0.0,0.0,0.0,0,0,62,0,62
1142224,0.8333333333333333,0.0,0.0,0.0,0.0,0.0,0.6000000000000001,0.6,0.25,0.0,0.33333333333333337,0.25,0.25,0.14285714285714285,0.0,0.14285714285714285,0.0,0.0,0.11500779336450681,0.0,0.0,0.0,0.0,0,0,37,0,37
1142216,0.6666666666666666,0.0,0.01282051282051282,0.0,0.0,0.0,0.6000000000000001,0.6,0.3333333333333333,0.0,0.17204301075268819,0.16666666666666666,0.0,0.0,0.0,0.0,0.0,0.05,0.0593409040302828,0.16666666666666666,0.0,0.0,0.0,0,-2,12,8,18
1142213,0.8333333333333333,0.0,0.0,0.0,0.0,0.0,0.8,0.8,0.6666666666666666,0.0,0.25806451612903225,0.25,0.125,0.2857142857142857,0.0,0.14285714285714285,0.0,0.0,0.06680026720106881,0.16666666666666666,0.0,0.0,0.0,0,0,76,8,84
