match_id,batting_position,runs,balls,fours,sixes,strike_rate,overs,total_balls,dots,maidens,conceded,fours_conceded,sixes_conceded,wickets,LBW,Bowled,noballs,wides,economy_rate,catches,stumping,direct_hit,indirect_hit,strike_rate_fp,batting_fp,bowling_fp,fielding_fp,total_fp
1321277,0.3333333333333333,0.05714285714285714,0.1282051282051282,0.045454545454545456,0.0,0.125,0.8,0.8,0.5416666666666666,0.0,0.33333333333333337,0.3333333333333333,0.0,0.2857142857142857,0.0,0.14285714285714285,0.0,0.30000000000000004,0.08628367846804721,0.0,0.0,0.3333333333333333,0.0,0,14,71,12,97
1321275,0.3333333333333333,0.05714285714285714,0.1794871794871795,0.045454545454545456,0.0,0.0892875,0.4,0.4,0.16666666666666666,0.0,0.13978494623655915,0.16666666666666666,0.0,0.0,0.0,0.0,0.0,0.0,0.07236695613449122,0.0,0.0,0.0,0.0,0,14,6,0,20
1321272,0.16666666666666669,0.022857142857142857,0.10256410256410256,0.0,0.0,0.0625,0.6000000000000001,0.6,0.16666666666666666,0.0,0.5053763440860215,0.5833333333333333,0.25,0.14285714285714285,0.0,0.0,0.0,0.0,0.17446003117345804,0.0,0.0,0.0,0.0,0,4,23,0,27
1321267,0.0,0.022857142857142857,0.038461538461538464,0.045454545454545456,0.0,0.16666250000000002,0.8,0.8,0.41666666666666663,0.25,0.23655913978494625,0.16666666666666666,0.0,0.14285714285714285,0.0,0.14285714285714285,0.0,0.0,0.061233578267646416,0.0,0.0,0.0,0.0,0,8,59,0,67
1321262,0.08333333333333333,0.08,0.24358974358974358,0.045454545454545456,0.0,0.09210000000000002,0.4,0.4,0.25,0.0,0.13978494623655915,0.16666666666666666,0.0,0.0,0.0,0.0,0.0,0.1,0.07236695613449122,0.0,0.0,0.0,0.0,0,18,8,0,26
