match_id,batting_position,runs,balls,fours,sixes,strike_rate,overs,total_balls,dots,maidens,conceded,fours_conceded,sixes_conceded,wickets,LBW,Bowled,noballs,wides,economy_rate,catches,stumping,direct_hit,indirect_hit,strike_rate_fp,batting_fp,bowling_fp,fielding_fp,total_fp
335998,0.8333333333333333,0.0,0.0,0.0,0.0,0.0,0.2,0.2,0.0,0.0,0.20430107526881722,0.08333333333333333,0.25,0.0,0.0,0.0,0.0,0.0,0.21153417947005124,0.0,0.0,0.0,0.0,0,0,0,0,0
335992,0.5833333333333333,0.017142857142857144,0.10256410256410256,0.0,0.0,0.046875,0.6334,0.6333333333333333,0.375,0.0,0.2903225806451613,0.3333333333333333,0.125,0.14285714285714285,0.0,0.0,0.0,0.0,0.09496771320418616,0.0,0.0,0.0,0.0,0,3,34,0,37
335985,0.7499999999999999,0.0,0.0,0.0,0.0,0.0,0.4,0.4,0.20833333333333331,0.0,0.10752688172043012,0.08333333333333333,0.0,0.0,0.0,0.0,0.0,0.0,0.055666889334224014,0.0,0.0,0.0,0.0,0,0,9,0,9
335982,0.8333333333333333,0.017142857142857144,0.07692307692307693,0.0,0.0,0.0625,0.6000000000000001,0.6,0.16666666666666666,0.0,0.2795698924731183,0.0,0.25,0.0,0.0,0.0,0.0,0.0,0.09652638610554444,0.0,0.0,0.0,0.0,0,3,4,0,7
