match_id,batting_position,runs,balls,fours,sixes,strike_rate,overs,total_balls,dots,maidens,conceded,fours_conceded,sixes_conceded,wickets,LBW,Bowled,noballs,wides,economy_rate,catches,stumping,direct_hit,indirect_hit,strike_rate_fp,batting_fp,bowling_fp,fielding_fp,total_fp
1205783,0.6666666666666666,0.0,0.0,0.0,0.0,0.0,0.8,0.8,0.20833333333333331,0.0,0.32258064516129037,0.16666666666666666,0.125,0.14285714285714285,0.0,0.14285714285714285,0.0,0.0,0.08350033400133602,0.0,0.0,0.0,0.0,0,0,38,0,38
1205764,0.5833333333333333,0.0,0.0,0.0,0.0,0.0,0.6000000000000001,0.6,0.125,0.0,0.1827956989247312,0.0,0.0,0.0,0.0,0.0,0.0,0.0,0.06312625250501003,0.0,0.0,0.0,0.0,0,0,7,0,7
