match_id,batting_position,runs,balls,fours,sixes,strike_rate,overs,total_balls,dots,maidens,conceded,fours_conceded,sixes_conceded,wickets,LBW,Bowled,noballs,wides,economy_rate,catches,stumping,direct_hit,indirect_hit,strike_rate_fp,batting_fp,bowling_fp,fielding_fp,total_fp
1244407,0.6666666666666666,0.0,0.0,0.0,0.0,0.0,0.6000000000000001,0.6,0.29166666666666663,0.0,0.3118279569892473,0.16666666666666666,0.25,0.14285714285714285,0.0,0.0,0.0,0.05,0.10765976397238924,0.0,0.0,0.0,0.0,0,0,32,0,32
1244405,0.49999999999999994,0.0,0.0,0.0,0.0,0.0,0.8,0.8,0.5,0.0,0.2903225806451613,0.3333333333333333,0.0,0.14285714285714285,0.0,0.0,0.1,0.05,0.07515030060120241,0.0,0.0,0.0,0.0,0,0,39,0,39
1244402,0.3333333333333333,0.09142857142857143,0.20512820512820512,0.09090909090909091,0.0,0.125,0.8,0.8,0.625,0.25,0.15053763440860216,0.16666666666666666,0.0,0.42857142857142855,0.0,0.2857142857142857,0.0,0.0,0.03896682253395681,0.0,0.0,0.3333333333333333,0.0,0,24,128,12,164
1244330,0.25,0.0,0.0,0.0,0.0,0.0,0.8,0.8,0.375,0.0,0.4408602150537635,0.5,0.125,0.14285714285714285,0.0,0.14285714285714285,0.0,0.15000000000000002,0.11411712313515922,0.3333333333333333,0.0,0.0,0.0,0,0,40,16,56
1244310,0.8333333333333333,0.0,0.0,0.0,0.0,0.0,0.8,0.8,0.5833333333333333,0.0,0.33333333333333337,0.5,0.0,0.42857142857142855,0.0,0.0,0.0,0.1,0.08628367846804721,0.0,0.0,0.0,0.0,0,0,93,0,93
