match_id,batting_position,runs,balls,fours,sixes,strike_rate,overs,total_balls,dots,maidens,conceded,fours_conceded,sixes_conceded,wickets,LBW,Bowled,noballs,wides,economy_rate,catches,stumping,direct_hit,indirect_hit,strike_rate_fp,batting_fp,bowling_fp,fielding_fp,total_fp
1205826,0.4166666666666667,0.0,0.0,0.0,0.0,0.0,0.8,0.8,0.5416666666666666,0.0,0.20430107526881722,0.25,0.0,0.14285714285714285,0.0,0.0,0.0,0.0,0.05288354486751281,0.0,0.0,0.0,0.0,0,0,44,0,44
1205817,0.7499999999999999,0.0,0.0,0.0,0.0,0.0,0.8,0.8,0.25,0.0,0.3010752688172043,0.25,0.0,0.0,0.0,0.0,0.0,0.0,0.07793364506791362,0.0,0.0,0.0,0.0,0,0,8,0,8
1205790,0.5833333333333333,0.0,0.0,0.0,0.0,0.0,0.6000000000000001,0.6,0.25,0.0,0.25806451612903225,0.08333333333333333,0.125,0.14285714285714285,0.0,0.0,0.0,0.0,0.08906702293475842,0.0,0.0,0.0,0.0,0,0,31,0,31
