match_id,batting_position,runs,balls,fours,sixes,strike_rate,overs,total_balls,dots,maidens,conceded,fours_conceded,sixes_conceded,wickets,LBW,Bowled,noballs,wides,economy_rate,catches,stumping,direct_hit,indirect_hit,strike_rate_fp,batting_fp,bowling_fp,fielding_fp,total_fp
1394571,0.0,0.0,0.01282051282051282,0.0,0.0,0.0,0.6000000000000001,0.6,0.375,0.0,0.19354838709677422,0.08333333333333333,0.125,0.14285714285714285,0.0,0.0,0.0,0.0,0.06680026720106881,0.0,0.0,0.0,0.0,0,-2,36,0,34
1003879,0.0,0.0,0.01282051282051282,0.0,0.0,0.0,0.0,0.0,0.0,0.0,0.0,0.0,0.0,0.0,0.0,0.0,0.0,0.0,0.0,0.0,0.0,0.0,0.0,0,-2,0,0,-2
575183,0.0,0.005714285714285714,0.07692307692307693,0.0,0.0,0.020837500000000002,0.0,0.0,0.0,0.0,0.0,0.0,0.0,0.0,0.0,0.0,0.0,0.0,0.0,0.0,0.0,0.0,0.0,0,1,0,0,1
