match_id,batting_position,runs,balls,fours,sixes,strike_rate,overs,total_balls,dots,maidens,conceded,fours_conceded,sixes_conceded,wickets,LBW,Bowled,noballs,wides,economy_rate,catches,stumping,direct_hit,indirect_hit,strike_rate_fp,batting_fp,bowling_fp,fielding_fp,total_fp
1157160,0.49999999999999994,0.0,0.0,0.0,0.0,0.0,0.4,0.4,0.3333333333333333,0.0,0.15053763440860216,0.25,0.0,0.0,0.0,0.0,0.0,0.05,0.07793364506791362,0.0,0.0,0.0,0.0,0,0,10,0,10
1157126,0.3333333333333333,0.0,0.0,0.0,0.0,0.0,0.4,0.4,0.3333333333333333,0.0,0.11827956989247312,0.16666666666666666,0.0,0.0,0.0,0.0,0.0,0.05,0.061233578267646416,0.0,0.0,0.0,0.0,0,0,12,0,12
