match_id,batting_position,runs,balls,fours,sixes,strike_rate,overs,total_balls,dots,maidens,conceded,fours_conceded,sixes_conceded,wickets,LBW,Bowled,noballs,wides,economy_rate,catches,stumping,direct_hit,indirect_hit,strike_rate_fp,batting_fp,bowling_fp,fielding_fp,total_fp
1280293,0.5833333333333333,0.04,0.10256410256410256,0.0,0.0,0.109375,0.5666000000000001,0.5666666666666667,0.08333333333333333,0.0,0.4516129032258065,0.25,0.375,0.0,0.0,0.0,0.0,0.0,0.1651079937653084,0.0,0.0,0.0,0.0,0,7,-4,0,3
1280275,0.8333333333333333,0.0,0.0,0.0,0.0,0.0,0.2,0.2,0.0,0.0,0.10752688172043012,0.08333333333333333,0.0,0.0,0.0,0.0,0.0,0.0,0.11133377866844803,0.16666666666666666,0.0,0.0,0.0,0,0,0,8,8
1280257,0.8333333333333333,0.0,0.0,0.0,0.0,0.0,0.2,0.2,0.08333333333333333,0.0,0.07526881720430108,0.08333333333333333,0.0,0.0,0.0,0.0,0.0,0.0,0.07793364506791362,0.0,0.0,0.0,0.0,0,0,2,0,2
1280238,0.6666666666666666,0.005714285714285714,0.02564102564102564,0.0,0.0,0.0625,0.8,0.8,0.08333333333333333,0.0,0.3548387096774194,0.25,0.0,0.0,0.0,0.0,0.0,0.1,0.09185036740146962,0.0,0.0,0.0,0.0,0,1,2,0,3
1280217,0.6666666666666666,0.0,0.0,0.0,0.0,0.0,0.8,0.8,0.375,0.0,0.2903225806451613,0.16666666666666666,0.125,0.0,0.0,0.0,0.0,0.0,0.07515030060120241,0.16666666666666666,0.0,0.0,0.0,0,0,11,8,19
