match_id,batting_position,runs,balls,fours,sixes,strike_rate,overs,total_balls,dots,maidens,conceded,fours_conceded,sixes_conceded,wickets,LBW,Bowled,noballs,wides,economy_rate,catches,stumping,direct_hit,indirect_hit,strike_rate_fp,batting_fp,bowling_fp,fielding_fp,total_fp
1160964,0.5833333333333333,0.0,0.0,0.0,0.0,0.0,0.2,0.2,0.25,0.25,0.0,0.0,0.0,0.42857142857142855,0.6666666666666666,0.14285714285714285,0.0,0.0,0.0,0.16666666666666666,0.0,0.0,0.0,0,0,121,8,129
1160959,0.5833333333333333,0.0,0.0,0.0,0.0,0.0,0.23340000000000002,0.23333333333333334,0.25,0.0,0.010752688172043012,0.0,0.0,0.0,0.0,0.0,0.0,0.0,0.009574704965486529,0.0,0.0,0.0,0.0,0,0,6,0,6
1160954,0.5833333333333333,0.05714285714285714,0.1794871794871795,0.045454545454545456,0.0,0.0892875,0.0,0.0,0.0,0.0,0.0,0.0,0.0,0.0,0.0,0.0,0.0,0.0,0.0,0.16666666666666666,0.0,0.0,0.0,0,14,0,8,22
1160949,0.5833333333333333,0.022857142857142857,0.05128205128205128,0.0,0.0,0.125,0.0,0.0,0.0,0.0,0.0,0.0,0.0,0.0,0.0,0.0,0.0,0.0,0.0,0.0,0.0,0.0,0.0,0,4,0,0,4
973777,0.5833333333333333,0.0,0.0,0.0,0.0,0.0,0.8,0.8,0.29166666666666663,0.0,0.20430107526881722,0.08333333333333333,0.0,0.14285714285714285,0.0,0.0,0.0,0.0,0.05288354486751281,0.0,0.0,0.0,0.0,0,0,38,0,38
