match_id,batting_position,runs,balls,fours,sixes,strike_rate,overs,total_balls,dots,maidens,conceded,fours_conceded,sixes_conceded,wickets,LBW,Bowled,noballs,wides,economy_rate,catches,stumping,direct_hit,indirect_hit,strike_rate_fp,batting_fp,bowling_fp,fielding_fp,total_fp
1384589,0.8333333333333333,0.0,0.0,0.0,0.0,0.0,0.4,0.4,0.041666666666666664,0.0,0.2795698924731183,0.16666666666666666,0.25,0.0,0.0,0.0,0.0,0.0,0.14473391226898244,0.0,0.0,0.0,0.0,0,0,-5,0,-5
1384586,0.8333333333333333,0.0,0.0,0.0,0.0,0.0,0.6000000000000001,0.6,0.29166666666666663,0.0,0.17204301075268819,0.08333333333333333,0.0,0.14285714285714285,0.0,0.0,0.0,0.0,0.0593409040302828,0.0,0.0,0.0,0.0,0,0,36,0,36
1367731,0.8333333333333333,0.0,0.0,0.0,0.0,0.0,0.4,0.4,0.125,0.0,0.24731182795698928,0.08333333333333333,0.25,0.14285714285714285,0.0,0.0,0.0,0.0,0.12803384546871524,0.0,0.0,0.0,0.0,0,0,24,0,24
1367730,0.6666666666666666,0.017142857142857144,0.15384615384615385,0.0,0.0,0.03125,0.6000000000000001,0.6,0.375,0.0,0.19354838709677422,0.16666666666666666,0.0,0.14285714285714285,0.0,0.0,0.0,0.0,0.06680026720106881,0.16666666666666666,0.0,0.0,0.3333333333333333,-6,-3,36,14,47
1367733,0.7499999999999999,0.0,0.0,0.0,0.0,0.0,0.8,0.8,0.29166666666666663,0.0,0.3548387096774194,0.3333333333333333,0.0,0.14285714285714285,0.0,0.0,0.1,0.0,0.09185036740146962,0.0,0.0,0.0,0.0,0,0,32,0,32
1367727,0.8333333333333333,0.0,0.0,0.0,0.0,0.0,0.8,0.8,0.29166666666666663,0.0,0.2795698924731183,0.16666666666666666,0.0,0.14285714285714285,0.0,0.0,0.0,0.1,0.07236695613449122,0.0,0.0,0.0,0.0,0,0,34,0,34
