match_id,batting_position,runs,balls,fours,sixes,strike_rate,overs,total_balls,dots,maidens,conceded,fours_conceded,sixes_conceded,wickets,LBW,Bowled,noballs,wides,economy_rate,catches,stumping,direct_hit,indirect_hit,strike_rate_fp,batting_fp,bowling_fp,fielding_fp,total_fp
1390169,0.25,0.005714285714285714,0.02564102564102564,0.0,0.0,0.0625,0.0,0.0,0.0,0.0,0.0,0.0,0.0,0.0,0.0,0.0,0.0,0.0,0.0,0.3333333333333333,0.0,0.0,0.0,0,1,0,16,17
1390167,0.25,0.04,0.16666666666666666,0.0,0.0,0.0673125,0.8,0.8,0.125,0.0,0.6774193548387097,0.25,0.75,0.2857142857142857,0.0,0.0,0.0,0.2,0.17535070140280565,0.16666666666666666,0.0,0.0,0.0,-4,3,47,8,58
1381456,0.25,0.11428571428571428,0.20512820512820512,0.0,0.1111111111111111,0.15625,0.2,0.2,0.08333333333333333,0.0,0.12903225806451613,0.16666666666666666,0.0,0.0,0.0,0.0,0.0,0.1,0.13360053440213762,0.0,0.0,0.0,0.0,0,32,2,0,34
1381457,0.49999999999999994,0.005714285714285714,0.038461538461538464,0.0,0.0,0.0416625,0.4,0.4,0.16666666666666666,0.0,0.33333333333333337,0.41666666666666663,0.0,0.0,0.0,0.0,0.0,0.4,0.17256735693609443,0.16666666666666666,0.0,0.0,0.0,0,1,-2,8,7
1381454,0.3333333333333333,0.09142857142857143,0.14102564102564102,0.045454545454545456,0.05555555555555555,0.1818125,0.2,0.2,0.041666666666666664,0.0,0.15053763440860216,0.16666666666666666,0.0,0.0,0.0,0.0,0.0,0.15000000000000002,0.15586729013582723,0.0,0.0,0.0,0.0,2,28,1,0,29
1321272,0.7499999999999999,0.0,0.0,0.0,0.0,0.0,0.2,0.2,0.08333333333333333,0.0,0.08602150537634409,0.08333333333333333,0.0,0.0,0.0,0.0,0.0,0.0,0.08906702293475842,0.0,0.0,0.0,0.0,0,0,2,0,2
1321267,0.5833333333333333,0.0,0.0,0.0,0.0,0.0,0.2,0.2,0.125,0.0,0.07526881720430108,0.0,0.0,0.14285714285714285,0.0,0.0,0.1,0.0,0.07793364506791362,0.0,0.0,0.0,0.0,0,0,28,0,28
1321262,0.8333333333333333,0.03428571428571429,0.08974358974358974,0.0,0.0,0.1071375,0.0,0.0,0.0,0.0,0.0,0.0,0.0,0.0,0.0,0.0,0.0,0.0,0.0,0.0,0.0,0.0,0.0,0,6,0,0,6
