match_id,batting_position,runs,balls,fours,sixes,strike_rate,overs,total_balls,dots,maidens,conceded,fours_conceded,sixes_conceded,wickets,LBW,Bowled,noballs,wides,economy_rate,catches,stumping,direct_hit,indirect_hit,strike_rate_fp,batting_fp,bowling_fp,fielding_fp,total_fp
1333928,0.4166666666666667,0.0,0.05128205128205128,0.0,0.0,0.0,0.7000000000000001,0.7,0.3333333333333333,0.0,0.25806451612903225,0.16666666666666666,0.0,0.2857142857142857,0.0,0.14285714285714285,0.0,0.05,0.07637497216655535,0.16666666666666666,0.0,0.0,0.3333333333333333,0,-2,68,14,80
1333927,0.8333333333333333,0.0,0.01282051282051282,0.0,0.0,0.0,0.6000000000000001,0.6,0.5,0.0,0.22580645161290325,0.16666666666666666,0.125,0.0,0.0,0.0,0.0,0.15000000000000002,0.07793364506791362,0.0,0.0,0.0,0.0,0,-2,14,0,12
1333925,0.5833333333333333,0.0,0.0,0.0,0.0,0.0,0.6000000000000001,0.6,0.375,0.0,0.21505376344086025,0.0,0.125,0.0,0.0,0.0,0.0,0.15000000000000002,0.07425963037185483,0.16666666666666666,0.0,0.0,0.0,0,0,11,8,19
1333923,0.5833333333333333,0.005714285714285714,0.01282051282051282,0.0,0.0,0.125,0.8,0.8,0.25,0.0,0.3548387096774194,0.3333333333333333,0.0,0.14285714285714285,0.0,0.14285714285714285,0.0,0.1,0.09185036740146962,0.16666666666666666,0.0,0.0,0.0,0,1,39,8,48
1333920,0.4166666666666667,0.0,0.05128205128205128,0.0,0.0,0.0,0.6000000000000001,0.6,0.4583333333333333,0.0,0.1827956989247312,0.16666666666666666,0.0,0.2857142857142857,0.0,0.0,0.0,0.1,0.06312625250501003,0.0,0.0,0.0,0.3333333333333333,0,-2,65,6,69
