match_id,batting_position,runs,balls,fours,sixes,strike_rate,overs,total_balls,dots,maidens,conceded,fours_conceded,sixes_conceded,wickets,LBW,Bowled,noballs,wides,economy_rate,catches,stumping,direct_hit,indirect_hit,strike_rate_fp,batting_fp,bowling_fp,fielding_fp,total_fp
875535,0.4166666666666667,0.005714285714285714,0.02564102564102564,0.0,0.0,0.0625,0.6000000000000001,0.6,0.3333333333333333,0.0,0.22580645161290325,0.16666666666666666,0.125,0.0,0.0,0.0,0.0,0.0,0.07793364506791362,0.0,0.0,0.0,0.0,0,1,10,0,11
875523,0.4166666666666667,0.0,0.0,0.0,0.0,0.0,0.8,0.8,0.5833333333333333,0.0,0.21505376344086025,0.16666666666666666,0.0,0.42857142857142855,0.0,0.0,0.0,0.05,0.055666889334224014,0.0,0.0,0.0,0.0,0,0,97,0,97
875515,0.4166666666666667,0.15428571428571428,0.3076923076923077,0.13636363636363635,0.0,0.140625,0.6000000000000001,0.6,0.29166666666666663,0.0,0.34408602150537637,0.16666666666666666,0.375,0.0,0.0,0.0,0.0,0.0,0.11879314183923403,0.0,0.0,0.0,0.0,0,43,5,0,48
875503,0.4166666666666667,0.011428571428571429,0.10256410256410256,0.0,0.0,0.03125,0.7334,0.7333333333333333,0.41666666666666663,0.0,0.16129032258064518,0.0,0.0,0.42857142857142855,0.0,0.0,0.0,0.0,0.04553551547539524,0.0,0.0,0.0,0.0,0,2,95,0,97
875479,0.4166666666666667,0.03428571428571429,0.07692307692307693,0.0,0.0,0.125,0.8,0.8,0.3333333333333333,0.0,0.3010752688172043,0.25,0.0,0.14285714285714285,0.0,0.0,0.0,0.0,0.07793364506791362,0.16666666666666666,0.0,0.0,0.0,0,6,35,8,49
875469,0.6666666666666666,0.0,0.0,0.0,0.0,0.0,0.4,0.4,0.041666666666666664,0.0,0.17204301075268819,0.08333333333333333,0.0,0.14285714285714285,0.0,0.14285714285714285,0.0,0.0,0.08906702293475842,0.0,0.0,0.0,0.0,0,0,34,0,34
