match_id,batting_position,runs,balls,fours,sixes,strike_rate,overs,total_balls,dots,maidens,conceded,fours_conceded,sixes_conceded,wickets,LBW,Bowled,noballs,wides,economy_rate,catches,stumping,direct_hit,indirect_hit,strike_rate_fp,batting_fp,bowling_fp,fielding_fp,total_fp
1450778,0.3333333333333333,0.11428571428571428,0.3076923076923077,0.09090909090909091,0.0,0.1041625,0.0,0.0,0.0,0.0,0.0,0.0,0.0,0.0,0.0,0.0,0.0,0.0,0.0,0.0,0.0,0.0,0.0,0,28,0,0,28
1450776,0.49999999999999994,0.18285714285714286,0.4487179487179487,0.0,0.0,0.11428750000000001,0.4,0.4,0.16666666666666666,0.0,0.09677419354838711,0.0,0.0,0.0,0.0,0.0,0.0,0.0,0.05010020040080161,0.0,0.0,0.0,0.0,0,36,10,0,46
1450774,0.5833333333333333,0.06857142857142857,0.15384615384615385,0.045454545454545456,0.0,0.125,0.8,0.8,0.25,0.0,0.3655913978494624,0.16666666666666666,0.0,0.0,0.0,0.0,0.0,0.25,0.09463371186818081,0.0,0.0,0.0,0.0,0,16,6,0,22
1450773,0.49999999999999994,0.05142857142857143,0.08974358974358974,0.0,0.0,0.1607125,0.8,0.8,0.5,0.0,0.32258064516129037,0.3333333333333333,0.0,0.14285714285714285,0.0,0.0,0.0,0.05,0.08350033400133602,0.0,0.0,0.0,0.0,0,9,37,0,46
1450770,0.4166666666666667,0.06285714285714286,0.10256410256410256,0.045454545454545456,0.0,0.171875,0.6000000000000001,0.6,0.5416666666666666,0.0,0.09677419354838711,0.08333333333333333,0.0,0.2857142857142857,0.3333333333333333,0.0,0.0,0.05,0.033400133600534405,0.0,0.0,0.0,0.0,0,15,77,0,92
1450768,0.5833333333333333,0.03428571428571429,0.10256410256410256,0.0,0.0,0.09375,0.8,0.8,0.5833333333333333,0.0,0.23655913978494625,0.25,0.0,0.5714285714285714,0.0,0.2857142857142857,0.0,0.1,0.061233578267646416,0.0,0.0,0.0,0.0,0,6,142,0,148
1450767,0.6666666666666666,0.02857142857142857,0.15384615384615385,0.0,0.0,0.0520875,0.6000000000000001,0.6,0.4583333333333333,0.0,0.13978494623655915,0.0,0.125,0.14285714285714285,0.0,0.14285714285714285,0.0,0.05,0.04820752616343799,0.0,0.0,0.0,0.0,-6,-1,50,0,49
