match_id,batting_position,runs,balls,fours,sixes,strike_rate,overs,total_balls,dots,maidens,conceded,fours_conceded,sixes_conceded,wickets,LBW,Bowled,noballs,wides,economy_rate,catches,stumping,direct_hit,indirect_hit,strike_rate_fp,batting_fp,bowling_fp,fielding_fp,total_fp
1436494,0.6666666666666666,0.0,0.0,0.0,0.0,0.0,0.8,0.8,0.6666666666666666,0.0,0.20430107526881722,0.16666666666666666,0.125,0.2857142857142857,0.0,0.0,0.0,0.0,0.05288354486751281,0.0,0.0,0.0,0.0,0,0,72,0,72
1436486,0.8333333333333333,0.0,0.0,0.0,0.0,0.0,0.7000000000000001,0.7,0.41666666666666663,0.0,0.16129032258064518,0.08333333333333333,0.0,0.2857142857142857,0.0,0.14285714285714285,0.0,0.05,0.0477621910487642,0.0,0.0,0.0,0.0,0,0,74,0,74
1436479,0.7499999999999999,0.0,0.0,0.0,0.0,0.0,0.6000000000000001,0.6,0.41666666666666663,0.0,0.1827956989247312,0.08333333333333333,0.125,0.14285714285714285,0.0,0.14285714285714285,0.0,0.0,0.06312625250501003,0.3333333333333333,0.0,0.0,0.0,0,0,47,16,63
1436478,0.8333333333333333,0.0,0.0,0.0,0.0,0.0,0.8,0.8,0.5416666666666666,0.0,0.22580645161290325,0.25,0.0,0.2857142857142857,0.0,0.0,0.0,0.0,0.05845023380093521,0.3333333333333333,0.0,0.0,0.0,0,0,67,16,83
1383086,0.8333333333333333,0.0,0.0,0.0,0.0,0.0,0.8,0.8,0.5833333333333333,0.0,0.15053763440860216,0.08333333333333333,0.0,0.7142857142857142,0.3333333333333333,0.0,0.0,0.0,0.03896682253395681,0.16666666666666666,0.0,0.0,0.0,0,0,165,8,173
1383080,0.8333333333333333,0.0,0.0,0.0,0.0,0.0,0.8,0.8,0.4583333333333333,0.0,0.2688172043010753,0.25,0.0,0.14285714285714285,0.0,0.0,0.0,0.05,0.06958361166778002,0.16666666666666666,0.0,0.0,0.0,0,0,38,8,46
1383069,0.8333333333333333,0.011428571428571429,0.02564102564102564,0.0,0.0,0.125,0.4,0.4,0.125,0.0,0.1827956989247312,0.08333333333333333,0.125,0.0,0.0,0.0,0.0,0.0,0.09463371186818081,0.0,0.0,0.0,0.0,0,2,3,0,5
