match_id,batting_position,runs,balls,fours,sixes,strike_rate,overs,total_balls,dots,maidens,conceded,fours_conceded,sixes_conceded,wickets,LBW,Bowled,noballs,wides,economy_rate,catches,stumping,direct_hit,indirect_hit,strike_rate_fp,batting_fp,bowling_fp,fielding_fp,total_fp
1229824,0.6666666666666666,0.005714285714285714,0.038461538461538464,0.0,0.0,0.0416625,0.0,0.0,0.0,0.0,0.0,0.0,0.0,0.0,0.0,0.0,0.0,0.0,0.0,0.0,0.0,0.0,0.0,0,1,0,0,1
1156657,0.7499999999999999,0.0,0.01282051282051282,0.0,0.0,0.0,0.8,0.8,0.125,0.0,0.5268817204301076,0.25,0.0,0.0,0.0,0.0,0.2,0.55,0.13638387886884884,0.0,0.0,0.0,0.0,0,-2,-3,0,-5
1156651,0.49999999999999994,0.0,0.0,0.0,0.0,0.0,0.8,0.8,0.41666666666666663,0.0,0.23655913978494625,0.0,0.0,0.14285714285714285,0.0,0.14285714285714285,0.0,0.05,0.061233578267646416,0.0,0.0,0.0,0.0,0,0,47,0,47
1156653,0.7499999999999999,0.0,0.0,0.0,0.0,0.0,0.0,0.0,0.0,0.0,0.0,0.0,0.0,0.0,0.0,0.0,0.0,0.0,0.0,0.0,0.0,0.0,0.0,0,0,0,0,0
1046681,0.6666666666666666,0.005714285714285714,0.0641025641025641,0.0,0.0,0.025,0.8,0.8,0.29166666666666663,0.0,0.24731182795698928,0.0,0.125,0.14285714285714285,0.0,0.0,0.0,0.05,0.06401692273435762,0.16666666666666666,0.0,0.0,0.0,0,1,36,8,45
1046685,0.7499999999999999,0.0,0.0,0.0,0.0,0.0,0.4,0.4,0.16666666666666666,0.0,0.12903225806451613,0.0,0.0,0.0,0.0,0.0,0.0,0.0,0.06680026720106881,0.16666666666666666,0.0,0.0,0.0,0,0,6,8,14
