match_id,batting_position,runs,balls,fours,sixes,strike_rate,overs,total_balls,dots,maidens,conceded,fours_conceded,sixes_conceded,wickets,LBW,Bowled,noballs,wides,economy_rate,catches,stumping,direct_hit,indirect_hit,strike_rate_fp,batting_fp,bowling_fp,fielding_fp,total_fp
1332501,0.5833333333333333,0.017142857142857144,0.0641025641025641,0.0,0.0,0.075,0.2,0.2,0.20833333333333331,0.0,0.11827956989247312,0.08333333333333333,0.0,0.0,0.0,0.0,0.4,0.05,0.12246715653529283,0.0,0.0,0.0,0.0,0,3,5,0,8
1332498,0.6666666666666666,0.005714285714285714,0.01282051282051282,0.0,0.0,0.125,0.6000000000000001,0.6,0.375,0.0,0.19354838709677422,0.16666666666666666,0.0,0.0,0.0,0.0,0.0,0.1,0.06680026720106881,0.0,0.0,0.0,0.0,0,1,11,0,12
