match_id,batting_position,runs,balls,fours,sixes,strike_rate,overs,total_balls,dots,maidens,conceded,fours_conceded,sixes_conceded,wickets,LBW,Bowled,noballs,wides,economy_rate,catches,stumping,direct_hit,indirect_hit,strike_rate_fp,batting_fp,bowling_fp,fielding_fp,total_fp
1280291,0.7499999999999999,0.011428571428571429,0.1282051282051282,0.0,0.0,0.025,0.2,0.2,0.0,0.0,0.15053763440860216,0.08333333333333333,0.125,0.0,0.0,0.0,0.0,0.0,0.15586729013582723,0.0,0.0,0.0,0.0,-6,-4,0,0,-4
1280270,0.5833333333333333,0.0,0.0,0.0,0.0,0.0,0.0,0.0,0.0,0.0,0.0,0.0,0.0,0.0,0.0,0.0,0.0,0.0,0.0,0.16666666666666666,0.0,0.0,0.0,0,0,0,8,8
1280232,0.6666666666666666,0.06285714285714286,0.0641025641025641,0.0,0.05555555555555555,0.275,0.6334,0.6333333333333333,0.375,0.0,0.19354838709677422,0.08333333333333333,0.0,0.0,0.0,0.0,0.0,0.05,0.06323758628367847,0.0,0.0,0.0,0.0,0,17,13,0,30
1280214,0.7499999999999999,0.06857142857142857,0.24358974358974358,0.09090909090909091,0.0,0.07894999999999999,0.0,0.0,0.0,0.0,0.0,0.0,0.0,0.0,0.0,0.0,0.0,0.0,0.0,0.0,0.0,0.0,0.0,-2,18,0,0,18
