match_id,batting_position,runs,balls,fours,sixes,strike_rate,overs,total_balls,dots,maidens,conceded,fours_conceded,sixes_conceded,wickets,LBW,Bowled,noballs,wides,economy_rate,catches,stumping,direct_hit,indirect_hit,strike_rate_fp,batting_fp,bowling_fp,fielding_fp,total_fp
575180,0.5833333333333333,0.04,0.08974358974358974,0.0,0.0,0.125,0.2,0.2,0.041666666666666664,0.0,0.16129032258064518,0.0,0.25,0.0,0.0,0.0,0.0,0.0,0.16700066800267205,0.0,0.0,0.0,0.0,0,7,1,0,8
530359,0.5833333333333333,0.011428571428571429,0.01282051282051282,0.0,0.0,0.25,0.8,0.8,0.375,0.0,0.3548387096774194,0.25,0.125,0.2857142857142857,0.0,0.14285714285714285,0.0,0.15000000000000002,0.09185036740146962,0.16666666666666666,0.0,0.0,0.0,0,2,67,8,77
530355,0.49999999999999994,0.06857142857142857,0.20512820512820512,0.045454545454545456,0.0,0.09375,0.8,0.8,0.29166666666666663,0.0,0.34408602150537637,0.16666666666666666,0.125,0.14285714285714285,0.0,0.14285714285714285,0.0,0.0,0.08906702293475842,0.0,0.0,0.0,0.0,0,16,40,0,56
530349,0.49999999999999994,0.0,0.0,0.0,0.0,0.0,0.8,0.8,0.25,0.0,0.2903225806451613,0.08333333333333333,0.0,0.2857142857142857,0.0,0.14285714285714285,0.0,0.05,0.07515030060120241,0.0,0.0,0.3333333333333333,0.0,0,0,66,12,78
530346,0.49999999999999994,0.0,0.0,0.0,0.0,0.0,0.8,0.8,0.5416666666666666,0.0,0.21505376344086025,0.0,0.125,0.42857142857142855,0.3333333333333333,0.0,0.0,0.0,0.055666889334224014,0.0,0.0,0.0,0.3333333333333333,0,0,104,6,110
530341,0.49999999999999994,0.017142857142857144,0.02564102564102564,0.0,0.0,0.1875,0.8,0.8,0.375,0.0,0.19354838709677422,0.0,0.0,0.14285714285714285,0.0,0.14285714285714285,0.0,0.0,0.05010020040080161,0.0,0.0,0.0,0.0,0,3,48,0,51
530327,0.5833333333333333,0.0,0.0,0.0,0.0,0.0,0.6000000000000001,0.6,0.16666666666666666,0.0,0.24731182795698928,0.0,0.125,0.14285714285714285,0.3333333333333333,0.0,0.0,0.0,0.08539300823869964,0.0,0.0,0.0,0.0,0,0,37,0,37
530323,0.6666666666666666,0.0,0.0,0.0,0.0,0.0,0.4,0.4,0.08333333333333333,0.0,0.3010752688172043,0.16666666666666666,0.25,0.0,0.0,0.0,0.0,0.05,0.15586729013582723,0.0,0.0,0.0,0.0,0,0,-4,0,-4
530321,0.8333333333333333,0.0,0.0,0.0,0.0,0.0,0.6000000000000001,0.6,0.125,0.0,0.2688172043010753,0.08333333333333333,0.125,0.2857142857142857,0.0,0.0,0.0,0.05,0.0927410376308172,0.0,0.0,0.0,0.0,0,0,53,0,53
