match_id,batting_position,runs,balls,fours,sixes,strike_rate,overs,total_balls,dots,maidens,conceded,fours_conceded,sixes_conceded,wickets,LBW,Bowled,noballs,wides,economy_rate,catches,stumping,direct_hit,indirect_hit,strike_rate_fp,batting_fp,bowling_fp,fielding_fp,total_fp
1347693,0.7499999999999999,0.02857142857142857,0.05128205128205128,0.0,0.0,0.15625,0.8,0.8,0.41666666666666663,0.0,0.41935483870967744,0.3333333333333333,0.125,0.42857142857142855,0.0,0.0,0.2,0.1,0.10855043420173682,0.0,0.0,0.0,0.0,0,5,89,0,94
1347682,0.6666666666666666,0.005714285714285714,0.02564102564102564,0.0,0.0,0.0625,0.8,0.8,0.20833333333333331,0.0,0.6129032258064516,0.3333333333333333,0.375,0.0,0.0,0.0,0.2,0.15000000000000002,0.15865063460253842,0.0,0.0,0.0,0.0,0,1,-1,0,0
1347676,0.6666666666666666,0.09142857142857143,0.14102564102564102,0.045454545454545456,0.05555555555555555,0.1818125,0.8,0.8,0.375,0.0,0.32258064516129037,0.16666666666666666,0.0,0.2857142857142857,0.0,0.0,0.2,0.1,0.08350033400133602,0.16666666666666666,0.0,0.0,0.0,2,28,59,8,95
1347661,0.5833333333333333,0.07428571428571429,0.14102564102564102,0.09090909090909091,0.0,0.14772500000000002,0.6000000000000001,0.6,0.20833333333333331,0.0,0.41935483870967744,0.5833333333333333,0.125,0.0,0.0,0.0,0.0,0.05,0.14473391226898244,0.6666666666666666,0.0,0.0,0.0,0,21,-1,36,56
1347653,0.6666666666666666,0.0,0.01282051282051282,0.0,0.0,0.0,0.46660000000000007,0.4666666666666667,0.29166666666666663,0.0,0.24731182795698928,0.25,0.125,0.0,0.0,0.0,0.0,0.1,0.10977510576708975,0.0,0.0,0.0,0.0,0,-2,7,0,5
1347638,0.7499999999999999,0.0,0.0,0.0,0.0,0.0,0.6334,0.6333333333333333,0.25,0.0,0.37634408602150543,0.41666666666666663,0.0,0.2857142857142857,0.0,0.0,0.0,0.30000000000000004,0.12302382542863508,0.0,0.0,0.0,0.0,0,0,52,0,52
1347622,0.5833333333333333,0.11428571428571428,0.16666666666666666,0.045454545454545456,0.05555555555555555,0.1923125,0.8,0.8,0.25,0.0,0.4301075268817205,0.25,0.25,0.0,0.0,0.0,0.2,0.0,0.11133377866844803,0.16666666666666666,0.0,0.0,0.0,4,34,4,8,46
