match_id,batting_position,runs,balls,fours,sixes,strike_rate,overs,total_balls,dots,maidens,conceded,fours_conceded,sixes_conceded,wickets,LBW,Bowled,noballs,wides,economy_rate,catches,stumping,direct_hit,indirect_hit,strike_rate_fp,batting_fp,bowling_fp,fielding_fp,total_fp
804575,0.08333333333333333,0.0,0.01282051282051282,0.0,0.0,0.0,0.0,0.0,0.0,0.0,0.0,0.0,0.0,0.0,0.0,0.0,0.0,0.0,0.0,0.0,0.0,0.0,0.0,0,-2,0,0,-2
804463,0.4166666666666667,0.08571428571428572,0.15384615384615385,0.09090909090909091,0.0,0.15625,0.4,0.4,0.08333333333333333,0.0,0.22580645161290325,0.25,0.0,0.0,0.0,0.0,0.0,0.0,0.11690046760187042,0.0,0.0,0.0,0.0,0,23,0,0,23
804459,0.25,0.07428571428571429,0.11538461538461538,0.0,0.05555555555555555,0.18055,0.2,0.2,0.08333333333333333,0.0,0.043010752688172046,0.0,0.0,0.14285714285714285,0.0,0.0,0.0,0.0,0.04453351146737921,0.0,0.0,0.0,0.0,0,19,27,0,46
693029,0.6666666666666666,0.0,0.0,0.0,0.0,0.0,0.0,0.0,0.0,0.0,0.0,0.0,0.0,0.0,0.0,0.0,0.0,0.0,0.0,0.16666666666666666,0.0,0.0,0.0,0,0,0,8,8
