match_id,batting_position,runs,balls,fours,sixes,strike_rate,overs,total_balls,dots,maidens,conceded,fours_conceded,sixes_conceded,wickets,LBW,Bowled,noballs,wides,economy_rate,catches,stumping,direct_hit,indirect_hit,strike_rate_fp,batting_fp,bowling_fp,fielding_fp,total_fp
1470191,0.08333333333333333,0.017142857142857144,0.038461538461538464,0.0,0.0,0.125,0.0,0.0,0.0,0.0,0.0,0.0,0.0,0.0,0.0,0.0,0.0,0.0,0.0,0.6666666666666666,0.0,0.0,0.0,0,3,0,36,39
1470188,0.08333333333333333,0.18857142857142858,0.3076923076923077,0.0,0.1111111111111111,0.171875,0.6000000000000001,0.6,0.25,0.0,0.39784946236559143,0.0,0.625,0.14285714285714285,0.0,0.0,0.0,0.0,0.13727454909819642,0.0,0.0,0.0,0.0,2,51,25,0,76
1470189,0.08333333333333333,0.25142857142857145,0.3333333333333333,0.09090909090909091,0.16666666666666666,0.2115375,0.4,0.4,0.20833333333333331,0.0,0.15053763440860216,0.0,0.125,0.0,0.0,0.0,0.0,0.05,0.07793364506791362,0.0,0.0,0.0,0.0,4,78,7,0,85
1470186,0.08333333333333333,0.02857142857142857,0.08974358974358974,0.045454545454545456,0.0,0.0892875,0.0,0.0,0.0,0.0,0.0,0.0,0.0,0.0,0.0,0.0,0.0,0.0,0.0,0.0,0.0,0.0,0.0,0,9,0,0,9
