match_id,batting_position,runs,balls,fours,sixes,strike_rate,overs,total_balls,dots,maidens,conceded,fours_conceded,sixes_conceded,wickets,LBW,Bowled,noballs,wides,economy_rate,catches,stumping,direct_hit,indirect_hit,strike_rate_fp,batting_fp,bowling_fp,fielding_fp,total_fp
1383509,0.4166666666666667,0.005714285714285714,0.05128205128205128,0.0,0.0,0.03125,0.8,0.8,0.3333333333333333,0.0,0.3010752688172043,0.0,0.25,0.14285714285714285,0.0,0.0,0.0,0.05,0.07793364506791362,0.0,0.0,0.0,0.0,0,1,35,0,36
1383452,0.49999999999999994,0.0,0.038461538461538464,0.0,0.0,0.0,0.6000000000000001,0.6,0.25,0.0,0.21505376344086025,0.0,0.125,0.14285714285714285,0.0,0.0,0.0,0.15000000000000002,0.07425963037185483,0.0,0.0,0.0,0.0,0,-2,33,0,31
1280271,0.5833333333333333,0.0,0.038461538461538464,0.0,0.0,0.0,0.8,0.8,0.25,0.0,0.33333333333333337,0.16666666666666666,0.0,0.14285714285714285,0.0,0.0,0.0,0.1,0.08628367846804721,0.16666666666666666,0.0,0.0,0.0,0,-2,31,8,37
1280234,0.5833333333333333,0.017142857142857144,0.038461538461538464,0.0,0.0,0.125,0.8,0.8,0.29166666666666663,0.0,0.3010752688172043,0.16666666666666666,0.0,0.0,0.0,0.0,0.0,0.0,0.07793364506791362,0.0,0.0,0.0,0.0,0,3,9,0,12
1280213,0.49999999999999994,0.10857142857142857,0.3974358974358974,0.045454545454545456,0.0,0.0766125,0.8,0.8,0.375,0.0,0.22580645161290325,0.08333333333333333,0.0,0.42857142857142855,0.0,0.14285714285714285,0.0,0.15000000000000002,0.05845023380093521,0.0,0.0,0.0,0.0,-2,21,100,0,121
