match_id,batting_position,runs,balls,fours,sixes,strike_rate,overs,total_balls,dots,maidens,conceded,fours_conceded,sixes_conceded,wickets,LBW,Bowled,noballs,wides,economy_rate,catches,stumping,direct_hit,indirect_hit,strike_rate_fp,batting_fp,bowling_fp,fielding_fp,total_fp
1244386,0.7499999999999999,0.0,0.0,0.0,0.0,0.0,0.8,0.8,0.41666666666666663,0.0,0.23655913978494625,0.08333333333333333,0.125,0.5714285714285714,0.3333333333333333,0.0,0.0,0.0,0.061233578267646416,0.0,0.0,0.0,0.0,0,0,130,0,130
1205808,0.6666666666666666,0.0,0.0,0.0,0.0,0.0,0.8,0.8,0.5833333333333333,0.0,0.16129032258064518,0.16666666666666666,0.0,0.5714285714285714,0.0,0.14285714285714285,0.0,0.0,0.04175016700066801,0.0,0.0,0.0,0.0,0,0,136,0,136
