match_id,batting_position,runs,balls,fours,sixes,strike_rate,overs,total_balls,dots,maidens,conceded,fours_conceded,sixes_conceded,wickets,LBW,Bowled,noballs,wides,economy_rate,catches,stumping,direct_hit,indirect_hit,strike_rate_fp,batting_fp,bowling_fp,fielding_fp,total_fp
1244335,0.8333333333333333,0.0,0.0,0.0,0.0,0.0,0.7334,0.7333333333333333,0.16666666666666666,0.0,0.33333333333333337,0.0,0.25,0.0,0.0,0.0,0.0,0.0,0.09407704297483857,0.0,0.0,0.0,0.0,0,0,4,0,4
1244315,0.8333333333333333,0.0,0.0,0.0,0.0,0.0,0.8,0.8,0.3333333333333333,0.0,0.3118279569892473,0.16666666666666666,0.125,0.2857142857142857,0.0,0.0,0.0,0.05,0.08071698953462482,0.0,0.0,0.0,0.0,0,0,58,0,58
1205786,0.8333333333333333,0.0,0.0,0.0,0.0,0.0,0.4,0.4,0.041666666666666664,0.0,0.21505376344086025,0.25,0.0,0.14285714285714285,0.0,0.0,0.0,0.0,0.11133377866844803,0.0,0.0,0.0,0.0,0,0,24,0,24
1205769,0.6666666666666666,0.08571428571428572,0.20512820512820512,0.0,0.05555555555555555,0.1171875,0.6000000000000001,0.6,0.125,0.0,0.6451612903225807,0.3333333333333333,0.75,0.0,0.0,0.0,0.0,0.05,0.22266755733689605,0.0,0.0,0.0,0.0,0,21,-3,0,18
1205751,0.7499999999999999,0.0,0.0,0.0,0.0,0.0,0.8,0.8,0.5,0.0,0.15053763440860216,0.08333333333333333,0.0,0.14285714285714285,0.0,0.0,0.0,0.0,0.03896682253395681,0.0,0.0,0.0,0.0,0,0,43,0,43
1205742,0.7499999999999999,0.0,0.0,0.0,0.0,0.0,0.8,0.8,0.4583333333333333,0.0,0.25806451612903225,0.25,0.0,0.2857142857142857,0.0,0.0,0.0,0.1,0.06680026720106881,0.16666666666666666,0.0,0.3333333333333333,0.0,0,0,63,20,83
