match_id,batting_position,runs,balls,fours,sixes,strike_rate,overs,total_balls,dots,maidens,conceded,fours_conceded,sixes_conceded,wickets,LBW,Bowled,noballs,wides,economy_rate,catches,stumping,direct_hit,indirect_hit,strike_rate_fp,batting_fp,bowling_fp,fielding_fp,total_fp
1205787,0.5833333333333333,0.005714285714285714,0.01282051282051282,0.0,0.0,0.125,0.4,0.4,0.08333333333333333,0.0,0.15053763440860216,0.08333333333333333,0.0,0.0,0.0,0.0,0.0,0.0,0.07793364506791362,0.0,0.0,0.0,0.0,0,1,4,0,5
1205715,0.49999999999999994,0.0,0.0,0.0,0.0,0.0,0.4,0.4,0.08333333333333333,0.0,0.17204301075268819,0.0,0.125,0.0,0.0,0.0,0.0,0.05,0.08906702293475842,0.0,0.0,0.0,0.0,0,0,2,0,2
1157195,0.6666666666666666,0.0,0.0,0.0,0.0,0.0,0.8,0.8,0.20833333333333331,0.0,0.2795698924731183,0.16666666666666666,0.0,0.42857142857142855,0.3333333333333333,0.14285714285714285,0.0,0.05,0.07236695613449122,0.0,0.0,0.0,0.0,0,0,102,0,102
