match_id,batting_position,runs,balls,fours,sixes,strike_rate,overs,total_balls,dots,maidens,conceded,fours_conceded,sixes_conceded,wickets,LBW,Bowled,noballs,wides,economy_rate,catches,stumping,direct_hit,indirect_hit,strike_rate_fp,batting_fp,bowling_fp,fielding_fp,total_fp
1160964,0.7499999999999999,0.0,0.038461538461538464,0.0,0.0,0.0,0.0,0.0,0.0,0.0,0.010752688172043012,0.0,0.0,0.0,0.0,0.0,0.1,0.0,0.0,0.0,0.0,0.0,0.0,0,-2,0,0,-2
1160960,0.7499999999999999,0.0,0.038461538461538464,0.0,0.0,0.0,0.0,0.0,0.0,0.0,0.0,0.0,0.0,0.0,0.0,0.0,0.0,0.0,0.0,0.0,0.0,0.0,0.0,0,0,0,0,0
1160952,0.6666666666666666,0.005714285714285714,0.14102564102564102,0.0,0.0,0.0113625,0.0,0.0,0.0,0.0,0.0,0.0,0.0,0.0,0.0,0.0,0.0,0.0,0.0,0.0,0.0,0.0,0.0,-6,-5,0,0,-5
1160948,0.6666666666666666,0.017142857142857144,0.1282051282051282,0.0,0.0,0.0375,0.0,0.0,0.0,0.0,0.0,0.0,0.0,0.0,0.0,0.0,0.0,0.0,0.0,0.0,0.0,0.0,0.0,-6,-3,0,0,-3
1160946,0.7499999999999999,0.011428571428571429,0.08974358974358974,0.0,0.0,0.0357125,0.2,0.2,0.041666666666666664,0.0,0.16129032258064518,0.16666666666666666,0.0,0.0,0.0,0.0,0.2,0.0,0.16700066800267205,0.0,0.0,0.0,0.0,0,2,1,0,3
