match_id,batting_position,runs,balls,fours,sixes,strike_rate,overs,total_balls,dots,maidens,conceded,fours_conceded,sixes_conceded,wickets,LBW,Bowled,noballs,wides,economy_rate,catches,stumping,direct_hit,indirect_hit,strike_rate_fp,batting_fp,bowling_fp,fielding_fp,total_fp
1418543,0.49999999999999994,0.12,0.16666666666666666,0.09090909090909091,0.1111111111111111,0.201925,0.0,0.0,0.0,0.0,0.0,0.0,0.0,0.0,0.0,0.0,0.0,0.0,0.0,0.0,0.0,0.0,0.0,4,45,0,0,45
1418544,0.4166666666666667,0.13142857142857142,0.14102564102564102,0.045454545454545456,0.1111111111111111,0.2613625,0.0,0.0,0.0,0.0,0.0,0.0,0.0,0.0,0.0,0.0,0.0,0.0,0.0,0.0,0.0,0.0,0.0,6,45,0,0,45
1418541,0.16666666666666669,0.03428571428571429,0.16666666666666666,0.045454545454545456,0.0,0.0576875,0.2,0.2,0.041666666666666664,0.0,0.34408602150537637,0.0,0.625,0.0,0.0,0.0,0.1,0.0,0.3562680917390337,0.0,0.0,0.0,0.0,-6,4,1,0,5
1418539,0.49999999999999994,0.005714285714285714,0.038461538461538464,0.0,0.0,0.0416625,0.0,0.0,0.0,0.0,0.0,0.0,0.0,0.0,0.0,0.0,0.0,0.0,0.0,0.0,0.0,0.0,0.0,0,1,0,0,1
