match_id,batting_position,runs,balls,fours,sixes,strike_rate,overs,total_balls,dots,maidens,conceded,fours_conceded,sixes_conceded,wickets,LBW,Bowled,noballs,wides,economy_rate,catches,stumping,direct_hit,indirect_hit,strike_rate_fp,batting_fp,bowling_fp,fielding_fp,total_fp
1447492,0.8333333333333333,0.0,0.0,0.0,0.0,0.0,0.4,0.4,0.25,0.0,0.12903225806451613,0.08333333333333333,0.0,0.0,0.0,0.0,0.0,0.05,0.06680026720106881,0.0,0.0,0.0,0.3333333333333333,0,0,8,6,14
1447486,0.7499999999999999,0.0,0.01282051282051282,0.0,0.0,0.0,0.4,0.4,0.16666666666666666,0.0,0.21505376344086025,0.16666666666666666,0.125,0.0,0.0,0.0,0.0,0.0,0.11133377866844803,0.0,0.0,0.0,0.0,0,-2,2,0,0
