match_id,batting_position,runs,balls,fours,sixes,strike_rate,overs,total_balls,dots,maidens,conceded,fours_conceded,sixes_conceded,wickets,LBW,Bowled,noballs,wides,economy_rate,catches,stumping,direct_hit,indirect_hit,strike_rate_fp,batting_fp,bowling_fp,fielding_fp,total_fp
1333928,0.16666666666666669,0.09714285714285714,0.20512820512820512,0.13636363636363635,0.0,0.1328125,0.0,0.0,0.0,0.0,0.0,0.0,0.0,0.0,0.0,0.0,0.0,0.0,0.0,0.16666666666666666,0.0,0.0,0.0,0,29,0,8,37
1333927,0.25,0.13142857142857142,0.2692307692307692,0.13636363636363635,0.0,0.1369,0.0,0.0,0.0,0.0,0.0,0.0,0.0,0.0,0.0,0.0,0.0,0.0,0.0,0.0,0.0,0.0,0.0,0,35,0,0,35
1333925,0.16666666666666669,0.0,0.05128205128205128,0.0,0.0,0.0,0.0,0.0,0.0,0.0,0.0,0.0,0.0,0.0,0.0,0.0,0.0,0.0,0.0,0.16666666666666666,0.0,0.0,0.0,0,-2,0,8,6
1333923,0.16666666666666669,0.06285714285714286,0.10256410256410256,0.09090909090909091,0.0,0.171875,0.0,0.0,0.0,0.0,0.0,0.0,0.0,0.0,0.0,0.0,0.0,0.0,0.0,0.0,0.0,0.0,0.0,0,19,0,0,19
1333920,0.16666666666666669,0.11428571428571428,0.15384615384615385,0.13636363636363635,0.05555555555555555,0.20833749999999998,0.0,0.0,0.0,0.0,0.0,0.0,0.0,0.0,0.0,0.0,0.0,0.0,0.0,0.3333333333333333,0.0,0.0,0.0,4,42,0,16,58
