match_id,batting_position,runs,balls,fours,sixes,strike_rate,overs,total_balls,dots,maidens,conceded,fours_conceded,sixes_conceded,wickets,LBW,Bowled,noballs,wides,economy_rate,catches,stumping,direct_hit,indirect_hit,strike_rate_fp,batting_fp,bowling_fp,fielding_fp,total_fp
1383562,0.7499999999999999,0.0,0.0,0.0,0.0,0.0,0.0,0.0,0.0,0.0,0.0,0.0,0.0,0.0,0.0,0.0,0.0,0.0,0.0,0.0,0.0,0.0,0.0,0,0,0,0,0
1383560,0.7499999999999999,0.0,0.0,0.0,0.0,0.0,0.6000000000000001,0.6,0.29166666666666663,0.0,0.22580645161290325,0.25,0.0,0.14285714285714285,0.0,0.14285714285714285,0.0,0.0,0.07793364506791362,0.16666666666666666,0.0,0.0,0.0,0,0,42,8,50
1383539,0.8333333333333333,0.0,0.0,0.0,0.0,0.0,0.6000000000000001,0.6,0.125,0.0,0.22580645161290325,0.0,0.125,0.14285714285714285,0.0,0.0,0.0,0.05,0.07793364506791362,0.16666666666666666,0.0,0.0,0.0,0,0,30,8,38
1383523,0.9166666666666666,0.0,0.0,0.0,0.0,0.0,0.4,0.4,0.125,0.0,0.19354838709677422,0.08333333333333333,0.125,0.14285714285714285,0.0,0.14285714285714285,0.0,0.0,0.10020040080160322,0.0,0.0,0.0,0.0,0,0,36,0,36
1383504,0.8333333333333333,0.0,0.0,0.0,0.0,0.0,0.8,0.8,0.5416666666666666,0.0,0.19354838709677422,0.16666666666666666,0.0,0.14285714285714285,0.0,0.14285714285714285,0.0,0.05,0.05010020040080161,0.0,0.0,0.0,0.0,0,0,52,0,52
