match_id,batting_position,runs,balls,fours,sixes,strike_rate,overs,total_balls,dots,maidens,conceded,fours_conceded,sixes_conceded,wickets,LBW,Bowled,noballs,wides,economy_rate,catches,stumping,direct_hit,indirect_hit,strike_rate_fp,batting_fp,bowling_fp,fielding_fp,total_fp
1007657,0.8333333333333333,0.0,0.02564102564102564,0.0,0.0,0.0,0.4,0.4,0.20833333333333331,0.0,0.1827956989247312,0.16666666666666666,0.0,0.0,0.0,0.0,0.0,0.0,0.09463371186818081,0.0,0.0,0.0,0.0,0,0,5,0,5
1007655,0.7499999999999999,0.0,0.0,0.0,0.0,0.0,0.8,0.8,0.3333333333333333,0.0,0.33333333333333337,0.25,0.125,0.2857142857142857,0.0,0.14285714285714285,0.0,0.0,0.08628367846804721,0.0,0.0,0.0,0.0,0,0,66,0,66
958419,0.8333333333333333,0.0,0.0,0.0,0.0,0.0,0.6000000000000001,0.6,0.20833333333333331,0.0,0.4408602150537635,0.5833333333333333,0.125,0.0,0.0,0.0,0.0,0.05,0.15219327543976846,0.16666666666666666,0.0,0.0,0.0,0,0,-1,8,7
958417,0.7499999999999999,0.0,0.0,0.0,0.0,0.0,0.8,0.8,0.4583333333333333,0.0,0.37634408602150543,0.25,0.25,0.14285714285714285,0.0,0.0,0.0,0.1,0.09741705633489202,0.0,0.0,0.0,0.0,0,0,36,0,36
894293,0.8333333333333333,0.0,0.0,0.0,0.0,0.0,0.6000000000000001,0.6,0.20833333333333331,0.0,0.3655913978494624,0.5,0.0,0.14285714285714285,0.0,0.0,0.0,0.0,0.1261411712313516,0.0,0.0,0.0,0.0,0,0,26,0,26
885971,0.8333333333333333,0.0,0.0,0.0,0.0,0.0,0.6000000000000001,0.6,0.25,0.0,0.24731182795698928,0.25,0.0,0.14285714285714285,0.0,0.0,0.0,0.0,0.08539300823869964,0.0,0.0,0.3333333333333333,0.0,0,0,31,12,43
885969,0.8333333333333333,0.0,0.0,0.0,0.0,0.0,0.6000000000000001,0.6,0.20833333333333331,0.0,0.38709677419354843,0.41666666666666663,0.125,0.0,0.0,0.0,0.0,0.05,0.13360053440213762,0.0,0.0,0.0,0.0,0,0,1,0,1
