match_id,batting_position,runs,balls,fours,sixes,strike_rate,overs,total_balls,dots,maidens,conceded,fours_conceded,sixes_conceded,wickets,LBW,Bowled,noballs,wides,economy_rate,catches,stumping,direct_hit,indirect_hit,strike_rate_fp,batting_fp,bowling_fp,fielding_fp,total_fp
1226828,0.8333333333333333,0.0,0.0,0.0,0.0,0.0,0.36660000000000004,0.36666666666666664,0.20833333333333331,0.0,0.11827956989247312,0.08333333333333333,0.0,0.14285714285714285,0.0,0.0,0.0,0.05,0.06680026720106881,0.0,0.0,0.0,0.0,0,0,30,0,30
1226872,0.8333333333333333,0.0,0.0,0.0,0.0,0.0,0.8,0.8,0.5,0.0,0.2688172043010753,0.25,0.0,0.2857142857142857,0.0,0.14285714285714285,0.1,0.0,0.06958361166778002,0.0,0.0,0.0,0.0,0,0,72,0,72
1195625,0.8333333333333333,0.04,0.10256410256410256,0.0,0.0,0.109375,0.8,0.8,0.25,0.0,0.6021505376344086,0.3333333333333333,0.5,0.14285714285714285,0.0,0.0,0.0,0.15000000000000002,0.15586729013582723,0.0,0.0,0.0,0.0,0,7,25,0,32
