match_id,batting_position,runs,balls,fours,sixes,strike_rate,overs,total_balls,dots,maidens,conceded,fours_conceded,sixes_conceded,wickets,LBW,Bowled,noballs,wides,economy_rate,catches,stumping,direct_hit,indirect_hit,strike_rate_fp,batting_fp,bowling_fp,fielding_fp,total_fp
875517,0.8333333333333333,0.0,0.0,0.0,0.0,0.0,0.2,0.2,0.08333333333333333,0.0,0.11827956989247312,0.16666666666666666,0.0,0.0,0.0,0.0,0.0,0.05,0.12246715653529283,0.0,0.0,0.0,0.0,0,0,2,0,2
883345,0.6666666666666666,0.0,0.0,0.0,0.0,0.0,0.6000000000000001,0.6,0.41666666666666663,0.0,0.08602150537634409,0.0,0.0,0.14285714285714285,0.0,0.0,0.0,0.0,0.029726118904475622,0.16666666666666666,0.0,0.0,0.0,0,0,41,8,49
883343,0.8333333333333333,0.0,0.0,0.0,0.0,0.0,0.8,0.8,0.5,0.0,0.23655913978494625,0.25,0.0,0.2857142857142857,0.0,0.0,0.0,0.0,0.061233578267646416,0.0,0.0,0.0,0.0,0,0,66,0,66
