match_id,batting_position,runs,balls,fours,sixes,strike_rate,overs,total_balls,dots,maidens,conceded,fours_conceded,sixes_conceded,wickets,LBW,Bowled,noballs,wides,economy_rate,catches,stumping,direct_hit,indirect_hit,strike_rate_fp,batting_fp,bowling_fp,fielding_fp,total_fp
1160962,0.5833333333333333,0.0,0.0,0.0,0.0,0.0,0.2,0.2,0.125,0.0,0.11827956989247312,0.08333333333333333,0.125,0.0,0.0,0.0,0.0,0.0,0.12246715653529283,0.0,0.0,0.0,0.0,0,0,3,0,3
1160959,0.5833333333333333,0.017142857142857144,0.15384615384615385,0.0,0.0,0.03125,0.0,0.0,0.0,0.0,0.0,0.0,0.0,0.0,0.0,0.0,0.0,0.0,0.0,0.0,0.0,0.0,0.0,-6,-3,0,0,-3
1160950,0.6666666666666666,0.03428571428571429,0.0641025641025641,0.045454545454545456,0.0,0.15,0.4,0.4,0.20833333333333331,0.0,0.20430107526881722,0.3333333333333333,0.0,0.14285714285714285,0.0,0.0,0.0,0.0,0.10576708973502562,0.0,0.0,0.0,0.0,0,10,30,0,40
1160947,0.6666666666666666,0.0,0.0,0.0,0.0,0.0,0.0,0.0,0.0,0.0,0.0,0.0,0.0,0.0,0.0,0.0,0.0,0.0,0.0,0.0,0.0,0.0,0.0,0,0,0,0,0
