match_id,batting_position,runs,balls,fours,sixes,strike_rate,overs,total_balls,dots,maidens,conceded,fours_conceded,sixes_conceded,wickets,LBW,Bowled,noballs,wides,economy_rate,catches,stumping,direct_hit,indirect_hit,strike_rate_fp,batting_fp,bowling_fp,fielding_fp,total_fp
1142223,0.4166666666666667,0.08,0.23076923076923075,0.045454545454545456,0.0,0.097225,0.0,0.0,0.0,0.0,0.0,0.0,0.0,0.0,0.0,0.0,0.0,0.0,0.0,0.16666666666666666,0.0,0.0,0.0,0,18,0,8,26
1142222,0.49999999999999994,0.21714285714285714,0.2692307692307692,0.045454545454545456,0.16666666666666666,0.22618749999999999,0.8,0.8,0.5416666666666666,0.0,0.20430107526881722,0.16666666666666666,0.0,0.14285714285714285,0.0,0.0,0.0,0.1,0.05288354486751281,0.0,0.0,0.0,0.0,6,70,44,0,114
1142218,0.4166666666666667,0.2057142857142857,0.41025641025641024,0.13636363636363635,0.1111111111111111,0.140625,0.4,0.4,0.16666666666666666,0.0,0.09677419354838711,0.0,0.0,0.0,0.0,0.0,0.0,0.0,0.05010020040080161,0.0,0.0,0.0,0.0,0,64,10,0,74
1142215,0.49999999999999994,0.0,0.0,0.0,0.0,0.0,0.0,0.0,0.0,0.0,0.0,0.0,0.0,0.0,0.0,0.0,0.0,0.0,0.0,0.0,0.0,0.0,0.0,0,0,0,0,0
1142213,0.3333333333333333,0.022857142857142857,0.08974358974358974,0.0,0.0,0.071425,0.33340000000000003,0.3333333333333333,0.20833333333333331,0.0,0.15053763440860216,0.08333333333333333,0.125,0.14285714285714285,0.0,0.0,0.0,0.0,0.09352037408149634,0.0,0.0,0.0,0.0,0,4,30,0,34
1142209,0.25,0.12571428571428572,0.358974358974359,0.09090909090909091,0.05555555555555555,0.0982125,0.0,0.0,0.0,0.0,0.0,0.0,0.0,0.0,0.0,0.0,0.0,0.0,0.0,0.0,0.0,0.0,0.0,0,36,0,0,36
811129,0.0,0.03428571428571429,0.14102564102564102,0.045454545454545456,0.0,0.0681875,0.0,0.0,0.0,0.0,0.0,0.0,0.0,0.0,0.0,0.0,0.0,0.0,0.0,0.0,0.0,0.0,0.0,-4,6,0,0,6
811125,0.25,0.05142857142857143,0.11538461538461538,0.045454545454545456,0.0,0.125,0.0,0.0,0.0,0.0,0.0,0.0,0.0,0.0,0.0,0.0,0.0,0.0,0.0,0.0,0.0,0.0,0.0,0,13,0,0,13
811117,0.16666666666666669,0.04,0.08974358974358974,0.0,0.05555555555555555,0.125,0.0,0.0,0.0,0.0,0.0,0.0,0.0,0.0,0.0,0.0,0.0,0.0,0.0,0.0,0.0,0.0,0.0,0,13,0,0,13
