match_id,batting_position,runs,balls,fours,sixes,strike_rate,overs,total_balls,dots,maidens,conceded,fours_conceded,sixes_conceded,wickets,LBW,Bowled,noballs,wides,economy_rate,catches,stumping,direct_hit,indirect_hit,strike_rate_fp,batting_fp,bowling_fp,fielding_fp,total_fp
1321273,0.16666666666666669,0.005714285714285714,0.0641025641025641,0.0,0.0,0.025,0.2,0.2,0.125,0.0,0.15053763440860216,0.16666666666666666,0.125,0.0,0.0,0.0,0.0,0.0,0.15586729013582723,0.16666666666666666,0.0,0.0,0.0,0,1,3,8,12
1321270,0.16666666666666669,0.2857142857142857,0.358974358974359,0.13636363636363635,0.16666666666666666,0.2232125,0.8,0.8,0.41666666666666663,0.0,0.4301075268817205,0.16666666666666666,0.25,0.2857142857142857,0.0,0.14285714285714285,0.0,0.25,0.11133377866844803,0.0,0.0,0.0,0.0,6,94,66,0,160
1321267,0.16666666666666669,0.10285714285714286,0.2692307692307692,0.13636363636363635,0.0,0.1071375,0.8,0.8,0.5,0.0,0.13978494623655915,0.0,0.0,0.14285714285714285,0.0,0.0,0.0,0.05,0.03618347806724561,0.16666666666666666,0.0,0.0,0.6666666666666666,0,30,43,20,93
