match_id,batting_position,runs,balls,fours,sixes,strike_rate,overs,total_balls,dots,maidens,conceded,fours_conceded,sixes_conceded,wickets,LBW,Bowled,noballs,wides,economy_rate,catches,stumping,direct_hit,indirect_hit,strike_rate_fp,batting_fp,bowling_fp,fielding_fp,total_fp
1443075,0.49999999999999994,0.022857142857142857,0.1282051282051282,0.0,0.0,0.05,0.6334,0.6333333333333333,0.20833333333333331,0.0,0.2688172043010753,0.25,0.0,0.0,0.0,0.0,0.0,0.0,0.08784235136940549,0.0,0.0,0.0,0.0,-6,-2,5,0,3
1443065,0.49999999999999994,0.0,0.02564102564102564,0.0,0.0,0.0,0.4,0.4,0.16666666666666666,0.0,0.17204301075268819,0.08333333333333333,0.125,0.2857142857142857,0.0,0.0,0.0,0.0,0.08906702293475842,0.0,0.0,0.0,0.0,0,-2,54,0,52
1443060,0.49999999999999994,0.0,0.0,0.0,0.0,0.0,0.2,0.2,0.08333333333333333,0.0,0.13978494623655915,0.08333333333333333,0.125,0.0,0.0,0.0,0.0,0.0,0.14473391226898244,0.16666666666666666,0.0,0.0,0.0,0,0,2,8,10
1269683,0.5833333333333333,0.0,0.07692307692307693,0.0,0.0,0.0,0.8,0.8,0.29166666666666663,0.0,0.3655913978494624,0.25,0.125,0.2857142857142857,0.0,0.0,0.0,0.0,0.09463371186818081,0.0,0.0,0.0,0.0,0,-2,57,0,55
1269678,0.5833333333333333,0.12,0.08974358974358974,0.045454545454545456,0.1111111111111111,0.375,0.6666000000000001,0.6666666666666666,0.29166666666666663,0.0,0.39784946236559143,0.25,0.25,0.2857142857142857,0.0,0.0,0.0,0.1,0.1235804943219773,0.0,0.0,0.0,0.0,0,37,53,0,90
1269674,0.5833333333333333,0.011428571428571429,0.07692307692307693,0.0,0.0,0.0416625,0.4,0.4,0.20833333333333331,0.0,0.23655913978494625,0.41666666666666663,0.0,0.0,0.0,0.0,0.0,0.0,0.12246715653529283,0.0,0.0,0.0,0.0,0,2,3,0,5
