match_id,batting_position,runs,balls,fours,sixes,strike_rate,overs,total_balls,dots,maidens,conceded,fours_conceded,sixes_conceded,wickets,LBW,Bowled,noballs,wides,economy_rate,catches,stumping,direct_hit,indirect_hit,strike_rate_fp,batting_fp,bowling_fp,fielding_fp,total_fp
778027,0.4166666666666667,0.02857142857142857,0.05128205128205128,0.0,0.0,0.15625,0.4,0.4,0.20833333333333331,0.0,0.09677419354838711,0.0,0.0,0.5714285714285714,0.0,0.0,0.0,0.0,0.05010020040080161,0.16666666666666666,0.0,0.0,0.0,0,5,119,8,132
778021,0.4166666666666667,0.005714285714285714,0.10256410256410256,0.0,0.0,0.015625,0.4,0.4,0.16666666666666666,0.0,0.19354838709677422,0.25,0.0,0.0,0.0,0.0,0.0,0.0,0.10020040080160322,0.0,0.0,0.0,0.0,0,1,4,0,5
