match_id,batting_position,runs,balls,fours,sixes,strike_rate,overs,total_balls,dots,maidens,conceded,fours_conceded,sixes_conceded,wickets,LBW,Bowled,noballs,wides,economy_rate,catches,stumping,direct_hit,indirect_hit,strike_rate_fp,batting_fp,bowling_fp,fielding_fp,total_fp
902231,0.7499999999999999,0.0,0.0,0.0,0.0,0.0,0.0,0.0,0.0,0.0,0.0,0.0,0.0,0.0,0.0,0.0,0.0,0.0,0.0,0.3333333333333333,0.0,0.0,0.0,0,0,0,16,16
902165,0.7499999999999999,0.03428571428571429,0.1794871794871795,0.0,0.0,0.053575,0.6000000000000001,0.6,0.08333333333333333,0.0,0.37634408602150543,0.0,0.375,0.0,0.0,0.0,0.0,0.25,0.12992651970607885,0.0,0.0,0.0,0.0,-6,0,-2,0,-2
902141,0.7499999999999999,0.0,0.0,0.0,0.0,0.0,0.0,0.0,0.0,0.0,0.0,0.0,0.0,0.0,0.0,0.0,0.0,0.0,0.0,0.0,0.0,0.0,0.0,0,0,0,0,0
902097,0.7499999999999999,0.0,0.0,0.0,0.0,0.0,0.4,0.4,0.20833333333333331,0.0,0.08602150537634409,0.0,0.0,0.2857142857142857,0.0,0.0,0.0,0.0,0.04453351146737921,0.0,0.0,0.0,0.0,0,0,61,0,61
