match_id,batting_position,runs,balls,fours,sixes,strike_rate,overs,total_balls,dots,maidens,conceded,fours_conceded,sixes_conceded,wickets,LBW,Bowled,noballs,wides,economy_rate,catches,stumping,direct_hit,indirect_hit,strike_rate_fp,batting_fp,bowling_fp,fielding_fp,total_fp
1184266,0.8333333333333333,0.0,0.0,0.0,0.0,0.0,0.6000000000000001,0.6,0.25,0.0,0.3548387096774194,0.3333333333333333,0.125,0.0,0.0,0.0,0.0,0.05,0.12246715653529283,0.0,0.0,0.0,0.0,0,0,4,0,4
1184900,0.49999999999999994,0.03428571428571429,0.11538461538461538,0.045454545454545456,0.0,0.08333750000000001,0.6000000000000001,0.6,0.41666666666666663,0.0,0.22580645161290325,0.08333333333333333,0.125,0.14285714285714285,0.3333333333333333,0.0,0.1,0.15000000000000002,0.07793364506791362,0.0,0.0,0.0,0.0,0,10,45,0,55
1184261,0.4166666666666667,0.022857142857142857,0.08974358974358974,0.0,0.0,0.071425,0.8,0.8,0.4583333333333333,0.0,0.25806451612903225,0.25,0.0,0.14285714285714285,0.0,0.0,0.0,0.1,0.06680026720106881,0.0,0.0,0.0,0.0,0,4,38,0,42
1184258,0.3333333333333333,0.06857142857142857,0.34615384615384615,0.045454545454545456,0.0,0.055549999999999995,0.4,0.4,0.375,0.25,0.07526881720430108,0.08333333333333333,0.0,0.0,0.0,0.0,0.0,0.0,0.03896682253395681,0.0,0.0,0.0,0.0,-6,10,27,0,37
1143121,0.25,0.25142857142857145,0.3076923076923077,0.13636363636363635,0.1111111111111111,0.22916250000000002,0.6000000000000001,0.6,0.5833333333333333,0.25,0.07526881720430108,0.0,0.0,0.14285714285714285,0.0,0.0,0.0,0.1,0.02594077042974839,0.0,0.0,0.0,0.0,6,78,57,0,135
1143118,0.3333333333333333,0.017142857142857144,0.0641025641025641,0.0,0.0,0.075,0.6000000000000001,0.6,0.5833333333333333,0.0,0.13978494623655915,0.08333333333333333,0.0,0.14285714285714285,0.0,0.0,0.0,0.25,0.04820752616343799,0.0,0.0,0.0,0.0,0,3,45,0,48
