match_id,batting_position,runs,balls,fours,sixes,strike_rate,overs,total_balls,dots,maidens,conceded,fours_conceded,sixes_conceded,wickets,LBW,Bowled,noballs,wides,economy_rate,catches,stumping,direct_hit,indirect_hit,strike_rate_fp,batting_fp,bowling_fp,fielding_fp,total_fp
1462909,0.3333333333333333,0.005714285714285714,0.10256410256410256,0.0,0.0,0.015625,0.0,0.0,0.0,0.0,0.0,0.0,0.0,0.0,0.0,0.0,0.0,0.0,0.0,0.0,0.0,0.0,0.0,0,1,0,0,1
1462907,0.7499999999999999,0.0,0.02564102564102564,0.0,0.0,0.0,0.4,0.4,0.125,0.0,0.1827956989247312,0.16666666666666666,0.0,0.0,0.0,0.0,0.0,0.1,0.09463371186818081,0.0,0.0,0.0,0.0,0,-2,3,0,1
1428746,0.7499999999999999,0.005714285714285714,0.02564102564102564,0.0,0.0,0.0625,0.0,0.0,0.0,0.0,0.0,0.0,0.0,0.0,0.0,0.0,0.0,0.0,0.0,0.0,0.0,0.0,0.0,0,1,0,0,1
1428745,0.7499999999999999,0.0,0.01282051282051282,0.0,0.0,0.0,0.0,0.0,0.0,0.0,0.0,0.0,0.0,0.0,0.0,0.0,0.0,0.0,0.0,0.0,0.0,0.0,0.0,0,-2,0,0,-2
1428744,0.6666666666666666,0.0,0.0,0.0,0.0,0.0,0.033400000000000006,0.03333333333333333,0.041666666666666664,0.0,0.021505376344086023,0.0,0.0,0.14285714285714285,0.0,0.14285714285714285,0.0,0.1,0.13337786684480074,0.0,0.0,0.0,0.0,0,0,34,0,34
