match_id,batting_position,runs,balls,fours,sixes,strike_rate,overs,total_balls,dots,maidens,conceded,fours_conceded,sixes_conceded,wickets,LBW,Bowled,noballs,wides,economy_rate,catches,stumping,direct_hit,indirect_hit,strike_rate_fp,batting_fp,bowling_fp,fielding_fp,total_fp
1369585,0.7499999999999999,0.022857142857142857,0.01282051282051282,0.045454545454545456,0.0,0.5,0.0,0.0,0.0,0.0,0.0,0.0,0.0,0.0,0.0,0.0,0.0,0.0,0.0,0.0,0.0,0.0,0.0,0,8,0,0,8
1369579,0.8333333333333333,0.0,0.0,0.0,0.0,0.0,0.8,0.8,0.5416666666666666,0.0,0.2903225806451613,0.08333333333333333,0.25,0.14285714285714285,0.0,0.0,0.0,0.05,0.07515030060120241,0.0,0.0,0.0,0.0,0,0,40,0,40
1369566,0.7499999999999999,0.005714285714285714,0.05128205128205128,0.0,0.0,0.03125,0.2,0.2,0.08333333333333333,0.0,0.13978494623655915,0.08333333333333333,0.125,0.0,0.0,0.0,0.0,0.0,0.14473391226898244,0.0,0.0,0.0,0.0,0,1,2,0,3
1323163,0.8333333333333333,0.011428571428571429,0.02564102564102564,0.0,0.0,0.125,0.6000000000000001,0.6,0.29166666666666663,0.0,0.32258064516129037,0.08333333333333333,0.375,0.0,0.0,0.0,0.0,0.0,0.11133377866844803,0.0,0.0,0.0,0.0,0,2,5,0,7
1323160,0.8333333333333333,0.0,0.0,0.0,0.0,0.0,0.2,0.2,0.08333333333333333,0.0,0.10752688172043012,0.16666666666666666,0.0,0.0,0.0,0.0,0.0,0.0,0.11133377866844803,0.0,0.0,0.0,0.0,0,0,2,0,2
1323158,0.8333333333333333,0.011428571428571429,0.07692307692307693,0.0,0.0,0.0416625,0.2,0.2,0.0,0.0,0.1827956989247312,0.0,0.25,0.0,0.0,0.0,0.1,0.0,0.18926742373636163,0.16666666666666666,0.0,0.3333333333333333,0.0,0,2,0,20,22
1323146,0.7499999999999999,0.0,0.0,0.0,0.0,0.0,0.23340000000000002,0.23333333333333334,0.041666666666666664,0.0,0.23655913978494625,0.08333333333333333,0.25,0.0,0.0,0.0,0.1,0.05,0.20986417279002453,0.0,0.0,0.0,0.0,0,0,1,0,1
1323144,0.6666666666666666,0.05142857142857143,0.16666666666666666,0.0,0.0,0.0865375,0.6000000000000001,0.6,0.4583333333333333,0.25,0.23655913978494625,0.0,0.375,0.14285714285714285,0.0,0.0,0.0,0.0,0.0816076597639724,0.0,0.0,0.0,0.0,-2,7,48,0,55
