match_id,batting_position,runs,balls,fours,sixes,strike_rate,overs,total_balls,dots,maidens,conceded,fours_conceded,sixes_conceded,wickets,LBW,Bowled,noballs,wides,economy_rate,catches,stumping,direct_hit,indirect_hit,strike_rate_fp,batting_fp,bowling_fp,fielding_fp,total_fp
1280289,0.49999999999999994,0.0,0.0641025641025641,0.0,0.0,0.0,0.0,0.0,0.0,0.0,0.0,0.0,0.0,0.0,0.0,0.0,0.0,0.0,0.0,0.0,0.0,0.0,0.0,0,0,0,0,0
1280271,0.3333333333333333,0.04,0.07692307692307693,0.045454545454545456,0.0,0.1458375,0.0,0.0,0.0,0.0,0.0,0.0,0.0,0.0,0.0,0.0,0.0,0.0,0.0,0.0,0.0,0.0,0.0,0,11,0,0,11
1280233,0.4166666666666667,0.0,0.01282051282051282,0.0,0.0,0.0,0.0,0.0,0.0,0.0,0.0,0.0,0.0,0.0,0.0,0.0,0.0,0.0,0.0,0.0,0.0,0.0,0.0,0,-2,0,0,-2
1244400,0.6666666666666666,0.0,0.0,0.0,0.0,0.0,0.2,0.2,0.08333333333333333,0.0,0.09677419354838711,0.08333333333333333,0.0,0.14285714285714285,0.0,0.0,0.0,0.0,0.10020040080160322,0.16666666666666666,0.0,0.0,0.0,0,0,27,8,35
1244381,0.49999999999999994,0.08571428571428572,0.08974358974358974,0.09090909090909091,0.0,0.2678625,0.6000000000000001,0.6,0.375,0.0,0.23655913978494625,0.3333333333333333,0.0,0.14285714285714285,0.0,0.0,0.0,0.0,0.0816076597639724,0.16666666666666666,0.0,0.0,0.0,0,23,34,8,65
1244361,0.4166666666666667,0.0,0.0,0.0,0.0,0.0,0.0,0.0,0.0,0.0,0.0,0.0,0.0,0.0,0.0,0.0,0.0,0.0,0.0,0.16666666666666666,0.0,0.3333333333333333,0.0,0,0,0,20,20
1244343,0.7499999999999999,0.0,0.0,0.0,0.0,0.0,0.0,0.0,0.0,0.0,0.0,0.0,0.0,0.0,0.0,0.0,0.0,0.0,0.0,0.3333333333333333,0.0,0.0,0.0,0,0,0,16,16
