match_id,batting_position,runs,balls,fours,sixes,strike_rate,overs,total_balls,dots,maidens,conceded,fours_conceded,sixes_conceded,wickets,LBW,Bowled,noballs,wides,economy_rate,catches,stumping,direct_hit,indirect_hit,strike_rate_fp,batting_fp,bowling_fp,fielding_fp,total_fp
1157166,0.7499999999999999,0.0,0.0,0.0,0.0,0.0,0.4,0.4,0.125,0.0,0.1827956989247312,0.16666666666666666,0.0,0.0,0.0,0.0,0.0,0.0,0.09463371186818081,0.0,0.0,0.0,0.0,0,0,3,0,3
1157150,0.8333333333333333,0.0,0.01282051282051282,0.0,0.0,0.0,0.2,0.2,0.0,0.0,0.15053763440860216,0.08333333333333333,0.125,0.0,0.0,0.0,0.0,0.0,0.15586729013582723,0.0,0.0,0.0,0.0,0,0,0,0,0
1157116,0.8333333333333333,0.0,0.0,0.0,0.0,0.0,0.4,0.4,0.16666666666666666,0.0,0.17204301075268819,0.08333333333333333,0.125,0.14285714285714285,0.0,0.0,0.0,0.0,0.08906702293475842,0.16666666666666666,0.0,0.0,0.0,0,0,29,8,37
1157099,0.8333333333333333,0.0,0.0,0.0,0.0,0.0,0.6000000000000001,0.6,0.20833333333333331,0.0,0.34408602150537637,0.16666666666666666,0.25,0.0,0.0,0.0,0.0,0.15000000000000002,0.11879314183923403,0.0,0.0,0.0,0.0,0,0,3,0,3
