match_id,batting_position,runs,balls,fours,sixes,strike_rate,overs,total_balls,dots,maidens,conceded,fours_conceded,sixes_conceded,wickets,LBW,Bowled,noballs,wides,economy_rate,catches,stumping,direct_hit,indirect_hit,strike_rate_fp,batting_fp,bowling_fp,fielding_fp,total_fp
419150,0.6666666666666666,0.17142857142857143,0.23076923076923075,0.09090909090909091,0.05555555555555555,0.20833749999999998,0.6000000000000001,0.6,0.25,0.0,0.3655913978494624,0.3333333333333333,0.125,0.14285714285714285,0.0,0.14285714285714285,0.0,0.15000000000000002,0.1261411712313516,0.16666666666666666,0.0,0.0,0.0,4,52,35,8,95
419143,0.8333333333333333,0.0,0.0,0.0,0.0,0.0,0.8,0.8,0.29166666666666663,0.0,0.38709677419354843,0.3333333333333333,0.125,0.2857142857142857,0.0,0.14285714285714285,0.0,0.1,0.10020040080160322,0.0,0.0,0.0,0.0,0,0,65,0,65
419141,0.7499999999999999,0.022857142857142857,0.05128205128205128,0.045454545454545456,0.0,0.125,0.8,0.8,0.29166666666666663,0.0,0.4516129032258065,0.25,0.25,0.2857142857142857,0.0,0.0,0.1,0.05,0.11690046760187042,0.16666666666666666,0.0,0.0,0.0,0,8,55,8,71
