match_id,batting_position,runs,balls,fours,sixes,strike_rate,overs,total_balls,dots,maidens,conceded,fours_conceded,sixes_conceded,wickets,LBW,Bowled,noballs,wides,economy_rate,catches,stumping,direct_hit,indirect_hit,strike_rate_fp,batting_fp,bowling_fp,fielding_fp,total_fp
1280273,0.7499999999999999,0.0,0.02564102564102564,0.0,0.0,0.0,0.6000000000000001,0.6,0.08333333333333333,0.0,0.6451612903225807,0.41666666666666663,0.625,0.14285714285714285,0.0,0.0,0.0,0.1,0.22266755733689605,0.0,0.0,0.0,0.0,0,-2,21,0,19
1244362,0.6666666666666666,0.022857142857142857,0.02564102564102564,0.045454545454545456,0.0,0.25,0.8,0.8,0.5833333333333333,0.0,0.19354838709677422,0.16666666666666666,0.0,0.14285714285714285,0.0,0.0,0.1,0.05,0.05010020040080161,0.0,0.0,0.3333333333333333,0.0,0,8,45,12,65
1244341,0.6666666666666666,0.11428571428571428,0.3076923076923077,0.09090909090909091,0.0,0.1041625,0.8,0.8,0.20833333333333331,0.0,0.4838709677419355,0.25,0.375,0.14285714285714285,0.0,0.0,0.0,0.0,0.12525050100200402,0.0,0.0,0.0,0.0,0,28,26,0,54
1244322,0.49999999999999994,0.0,0.0,0.0,0.0,0.0,0.4,0.4,0.375,0.0,0.043010752688172046,0.0,0.0,0.0,0.0,0.0,0.0,0.05,0.022266755733689605,0.16666666666666666,0.0,0.0,0.0,0,0,15,8,23
1157195,0.5833333333333333,0.0,0.0,0.0,0.0,0.0,0.4,0.4,0.125,0.0,0.22580645161290325,0.3333333333333333,0.0,0.0,0.0,0.0,0.0,0.0,0.11690046760187042,0.0,0.0,0.0,0.0,0,0,1,0,1
1157126,0.7499999999999999,0.011428571428571429,0.038461538461538464,0.0,0.0,0.08333750000000001,0.8,0.8,0.25,0.0,0.5053763440860215,0.5,0.125,0.0,0.0,0.0,0.0,0.2,0.13081718993542643,0.0,0.0,0.0,0.0,0,2,2,0,4
1157108,0.6666666666666666,0.0,0.0,0.0,0.0,0.0,0.6000000000000001,0.6,0.25,0.0,0.2903225806451613,0.3333333333333333,0.0,0.0,0.0,0.0,0.0,0.05,0.10020040080160322,0.0,0.0,0.0,0.0,0,0,6,0,6
1157092,0.6666666666666666,0.005714285714285714,0.01282051282051282,0.0,0.0,0.125,0.4,0.4,0.20833333333333331,0.0,0.16129032258064518,0.16666666666666666,0.0,0.0,0.0,0.0,0.0,0.0,0.08350033400133602,0.0,0.0,0.0,0.0,0,1,5,0,6
