match_id,batting_position,runs,balls,fours,sixes,strike_rate,overs,total_balls,dots,maidens,conceded,fours_conceded,sixes_conceded,wickets,LBW,Bowled,noballs,wides,economy_rate,catches,stumping,direct_hit,indirect_hit,strike_rate_fp,batting_fp,bowling_fp,fielding_fp,total_fp
1273139,0.8333333333333333,0.0,0.0,0.0,0.0,0.0,0.0,0.0,0.0,0.0,0.0,0.0,0.0,0.0,0.0,0.0,0.0,0.0,0.0,0.16666666666666666,0.0,0.0,0.0,0,0,0,8,8
1201669,0.8333333333333333,0.0,0.0,0.0,0.0,0.0,0.8,0.8,0.4583333333333333,0.0,0.19354838709677422,0.0,0.0,0.2857142857142857,0.0,0.2857142857142857,0.1,0.1,0.05010020040080161,0.0,0.0,0.0,0.0,0,0,83,0,83
1201671,0.7499999999999999,0.005714285714285714,0.14102564102564102,0.0,0.0,0.0113625,0.6000000000000001,0.6,0.375,0.0,0.25806451612903225,0.3333333333333333,0.125,0.14285714285714285,0.0,0.0,0.0,0.0,0.08906702293475842,0.0,0.0,0.0,0.0,-6,-5,34,0,29
1201668,0.4166666666666667,0.005714285714285714,0.02564102564102564,0.0,0.0,0.0625,0.8,0.8,0.5,0.0,0.21505376344086025,0.16666666666666666,0.0,0.0,0.0,0.0,0.0,0.0,0.055666889334224014,0.0,0.0,0.0,0.0,0,1,16,0,17
1155317,0.49999999999999994,0.06285714285714286,0.11538461538461538,0.045454545454545456,0.0,0.152775,0.8,0.8,0.5833333333333333,0.0,0.16129032258064518,0.08333333333333333,0.0,0.2857142857142857,0.0,0.14285714285714285,0.0,0.0,0.04175016700066801,0.0,0.0,0.0,0.0,0,15,78,0,93
1155313,0.5833333333333333,0.011428571428571429,0.0641025641025641,0.0,0.0,0.05,0.6000000000000001,0.6,0.3333333333333333,0.0,0.21505376344086025,0.08333333333333333,0.125,0.14285714285714285,0.3333333333333333,0.0,0.0,0.0,0.07425963037185483,0.0,0.0,0.0,0.0,0,2,43,0,45
1155308,0.49999999999999994,0.13714285714285715,0.28205128205128205,0.0,0.1111111111111111,0.1363625,0.8,0.8,0.29166666666666663,0.0,0.25806451612903225,0.08333333333333333,0.0,0.14285714285714285,0.0,0.14285714285714285,0.0,0.1,0.06680026720106881,0.0,0.0,0.0,0.0,0,36,42,0,78
