match_id,batting_position,runs,balls,fours,sixes,strike_rate,overs,total_balls,dots,maidens,conceded,fours_conceded,sixes_conceded,wickets,LBW,Bowled,noballs,wides,economy_rate,catches,stumping,direct_hit,indirect_hit,strike_rate_fp,batting_fp,bowling_fp,fielding_fp,total_fp
1336956,0.3333333333333333,0.12,0.3974358974358974,0.0,0.05555555555555555,0.084675,0.0,0.0,0.0,0.0,0.0,0.0,0.0,0.0,0.0,0.0,0.0,0.0,0.0,0.0,0.0,0.0,0.0,-2,25,0,0,25
1336951,0.16666666666666669,0.07428571428571429,0.08974358974358974,0.13636363636363635,0.0,0.23213750000000002,0.4,0.4,0.16666666666666666,0.0,0.15053763440860216,0.08333333333333333,0.0,0.14285714285714285,0.0,0.0,0.0,0.0,0.07793364506791362,0.16666666666666666,0.0,0.3333333333333333,0.0,0,25,31,20,76
1336952,0.16666666666666669,0.011428571428571429,0.08974358974358974,0.0,0.0,0.0357125,0.6000000000000001,0.6,0.16666666666666666,0.0,0.3010752688172043,0.25,0.0,0.14285714285714285,0.0,0.0,0.0,0.0,0.103874415497662,0.0,0.0,0.0,0.3333333333333333,0,2,29,6,37
