match_id,batting_position,runs,balls,fours,sixes,strike_rate,overs,total_balls,dots,maidens,conceded,fours_conceded,sixes_conceded,wickets,LBW,Bowled,noballs,wides,economy_rate,catches,stumping,direct_hit,indirect_hit,strike_rate_fp,batting_fp,bowling_fp,fielding_fp,total_fp
1399148,0.49999999999999994,0.017142857142857144,0.038461538461538464,0.0,0.0,0.125,0.46660000000000007,0.4666666666666667,0.16666666666666666,0.0,0.19354838709677422,0.16666666666666666,0.0,0.14285714285714285,0.0,0.14285714285714285,0.1,0.0,0.08594967713204187,0.0,0.0,0.0,0.0,0,3,37,0,40
1399144,0.5833333333333333,0.08,0.15384615384615385,0.045454545454545456,0.05555555555555555,0.1458375,0.6000000000000001,0.6,0.41666666666666663,0.0,0.24731182795698928,0.08333333333333333,0.125,0.2857142857142857,0.0,0.0,0.0,0.15000000000000002,0.08539300823869964,0.0,0.0,0.0,0.0,0,24,60,0,84
1399142,0.7499999999999999,0.0,0.0,0.0,0.0,0.0,0.8,0.8,0.7083333333333333,0.25,0.22580645161290325,0.3333333333333333,0.0,0.42857142857142855,0.0,0.2857142857142857,0.0,0.05,0.05845023380093521,0.0,0.0,0.0,0.0,0,0,128,0,128
1399138,0.5833333333333333,0.0,0.0,0.0,0.0,0.0,0.4,0.4,0.16666666666666666,0.0,0.20430107526881722,0.0,0.25,0.0,0.0,0.0,0.0,0.0,0.10576708973502562,0.0,0.0,0.0,0.0,0,0,4,0,4
1392812,0.5833333333333333,0.045714285714285714,0.16666666666666666,0.0,0.0,0.07692500000000001,0.8,0.8,0.375,0.0,0.34408602150537637,0.41666666666666663,0.0,0.0,0.0,0.0,0.0,0.05,0.08906702293475842,0.0,0.0,0.0,0.0,-2,6,9,0,15
1392808,0.7499999999999999,0.0,0.0,0.0,0.0,0.0,0.8,0.8,0.41666666666666663,0.0,0.33333333333333337,0.3333333333333333,0.125,0.2857142857142857,0.3333333333333333,0.0,0.0,0.0,0.08628367846804721,0.3333333333333333,0.0,0.0,0.0,0,0,68,16,84
1392803,0.4166666666666667,0.0,0.0641025641025641,0.0,0.0,0.0,0.6000000000000001,0.6,0.25,0.0,0.24731182795698928,0.08333333333333333,0.0,0.0,0.0,0.0,0.2,0.1,0.08539300823869964,0.0,0.0,0.0,0.0,0,-2,6,0,4
1284497,0.4166666666666667,0.08,0.11538461538461538,0.0,0.1111111111111111,0.19445,0.8,0.8,0.5833333333333333,0.0,0.25806451612903225,0.16666666666666666,0.0,0.42857142857142855,0.0,0.14285714285714285,0.0,0.4,0.06680026720106881,0.0,0.0,0.0,0.0,0,26,103,0,129
1284491,0.5833333333333333,0.017142857142857144,0.10256410256410256,0.0,0.0,0.046875,0.4,0.4,0.16666666666666666,0.0,0.11827956989247312,0.08333333333333333,0.0,0.0,0.0,0.0,0.0,0.0,0.061233578267646416,0.0,0.0,0.0,0.0,0,3,8,0,11
