match_id,batting_position,runs,balls,fours,sixes,strike_rate,overs,total_balls,dots,maidens,conceded,fours_conceded,sixes_conceded,wickets,LBW,Bowled,noballs,wides,economy_rate,catches,stumping,direct_hit,indirect_hit,strike_rate_fp,batting_fp,bowling_fp,fielding_fp,total_fp
1399149,0.5833333333333333,0.0,0.0,0.0,0.0,0.0,0.6000000000000001,0.6,0.41666666666666663,0.0,0.22580645161290325,0.08333333333333333,0.125,0.14285714285714285,0.0,0.0,0.0,0.25,0.07793364506791362,0.0,0.0,0.0,0.0,0,0,37,0,37
1399143,0.6666666666666666,0.022857142857142857,0.01282051282051282,0.045454545454545456,0.0,0.5,0.8,0.8,0.5416666666666666,0.0,0.3548387096774194,0.3333333333333333,0.25,0.42857142857142855,0.3333333333333333,0.0,0.0,0.05,0.09185036740146962,0.0,0.0,0.0,0.0,0,8,100,0,108
