match_id,batting_position,runs,balls,fours,sixes,strike_rate,overs,total_balls,dots,maidens,conceded,fours_conceded,sixes_conceded,wickets,LBW,Bowled,noballs,wides,economy_rate,catches,stumping,direct_hit,indirect_hit,strike_rate_fp,batting_fp,bowling_fp,fielding_fp,total_fp
1333054,0.7499999999999999,0.0,0.0,0.0,0.0,0.0,0.5666000000000001,0.5666666666666667,0.125,0.0,0.34408602150537637,0.16666666666666666,0.25,0.14285714285714285,0.0,0.0,0.0,0.0,0.12580716989534627,0.16666666666666666,0.0,0.0,0.0,0,0,24,8,32
1280301,0.7499999999999999,0.0,0.0,0.0,0.0,0.0,0.8,0.8,0.375,0.0,0.38709677419354843,0.41666666666666663,0.125,0.2857142857142857,0.0,0.0,0.0,0.0,0.10020040080160322,0.0,0.0,0.0,0.0,0,0,59,0,59
1280298,0.3333333333333333,0.0,0.0,0.0,0.0,0.0,0.6000000000000001,0.6,0.4583333333333333,0.0,0.12903225806451613,0.16666666666666666,0.0,0.14285714285714285,0.0,0.0,0.0,0.05,0.04453351146737921,0.0,0.0,0.0,0.0,0,0,42,0,42
1280293,0.6666666666666666,0.0,0.0,0.0,0.0,0.0,0.8,0.8,0.375,0.0,0.33333333333333337,0.3333333333333333,0.0,0.0,0.0,0.0,0.0,0.1,0.08628367846804721,0.16666666666666666,0.0,0.0,0.0,0,0,9,8,17
