match_id,batting_position,runs,balls,fours,sixes,strike_rate,overs,total_balls,dots,maidens,conceded,fours_conceded,sixes_conceded,wickets,LBW,Bowled,noballs,wides,economy_rate,catches,stumping,direct_hit,indirect_hit,strike_rate_fp,batting_fp,bowling_fp,fielding_fp,total_fp
1399114,0.8333333333333333,0.06857142857142857,0.11538461538461538,0.045454545454545456,0.05555555555555555,0.16666250000000002,0.7334,0.7333333333333333,0.20833333333333331,0.0,0.33333333333333337,0.25,0.125,0.0,0.0,0.0,0.1,0.0,0.09407704297483857,0.0,0.0,0.0,0.0,0,22,5,0,27
1398300,0.6666666666666666,0.0,0.038461538461538464,0.0,0.0,0.0,0.4,0.4,0.25,0.0,0.15053763440860216,0.25,0.0,0.0,0.0,0.0,0.0,0.0,0.07793364506791362,0.0,0.0,0.0,0.0,0,-2,8,0,6
