match_id,batting_position,runs,balls,fours,sixes,strike_rate,overs,total_balls,dots,maidens,conceded,fours_conceded,sixes_conceded,wickets,LBW,Bowled,noballs,wides,economy_rate,catches,stumping,direct_hit,indirect_hit,strike_rate_fp,batting_fp,bowling_fp,fielding_fp,total_fp
1459377,0.16666666666666669,0.0,0.07692307692307693,0.0,0.0,0.0,0.2,0.2,0.125,0.0,0.08602150537634409,0.08333333333333333,0.0,0.0,0.0,0.0,0.0,0.1,0.08906702293475842,0.0,0.0,0.0,0.0,0,-2,3,0,1
1459385,0.16666666666666669,0.05714285714285714,0.34615384615384615,0.09090909090909091,0.0,0.0463,0.2,0.2,0.08333333333333333,0.0,0.06451612903225806,0.08333333333333333,0.0,0.14285714285714285,0.0,0.14285714285714285,0.0,0.0,0.06680026720106881,0.0,0.0,0.0,0.0,-6,12,35,0,47
1459382,0.25,0.0,0.0641025641025641,0.0,0.0,0.0,0.2,0.2,0.041666666666666664,0.0,0.11827956989247312,0.16666666666666666,0.0,0.0,0.0,0.0,0.0,0.0,0.12246715653529283,0.0,0.0,0.0,0.0,0,-2,1,0,-1
1459387,0.08333333333333333,0.0,0.02564102564102564,0.0,0.0,0.0,0.8,0.8,0.08333333333333333,0.0,0.6774193548387097,0.41666666666666663,0.25,0.0,0.0,0.0,0.0,0.5,0.17535070140280565,0.0,0.0,0.0,0.0,0,-2,-4,0,-6
1459375,0.25,0.017142857142857144,0.07692307692307693,0.0,0.0,0.0625,0.8,0.8,0.5,0.0,0.3118279569892473,0.3333333333333333,0.0,0.14285714285714285,0.0,0.14285714285714285,0.0,0.25,0.08071698953462482,0.0,0.0,0.0,0.0,0,3,45,0,48
