match_id,batting_position,runs,balls,fours,sixes,strike_rate,overs,total_balls,dots,maidens,conceded,fours_conceded,sixes_conceded,wickets,LBW,Bowled,noballs,wides,economy_rate,catches,stumping,direct_hit,indirect_hit,strike_rate_fp,batting_fp,bowling_fp,fielding_fp,total_fp
1244326,0.6666666666666666,0.011428571428571429,0.0641025641025641,0.0,0.0,0.05,0.1666,0.16666666666666666,0.08333333333333333,0.0,0.03225806451612903,0.0,0.0,0.0,0.0,0.0,0.0,0.0,0.04008016032064129,0.0,0.0,0.0,0.0,0,2,2,0,4
1244308,0.8333333333333333,0.0,0.0,0.0,0.0,0.0,0.8,0.8,0.41666666666666663,0.0,0.4301075268817205,0.25,0.375,0.14285714285714285,0.0,0.0,0.0,0.05,0.11133377866844803,0.0,0.0,0.0,0.0,0,0,33,0,33
1157158,0.3333333333333333,0.03428571428571429,0.1794871794871795,0.0,0.0,0.053575,0.2,0.2,0.08333333333333333,0.0,0.09677419354838711,0.0,0.125,0.0,0.0,0.0,0.0,0.0,0.10020040080160322,0.0,0.0,0.0,0.0,-6,0,2,0,2
1157141,0.6666666666666666,0.022857142857142857,0.038461538461538464,0.045454545454545456,0.0,0.16666250000000002,0.8,0.8,0.25,0.0,0.3548387096774194,0.16666666666666666,0.125,0.2857142857142857,0.6666666666666666,0.0,0.0,0.25,0.09185036740146962,0.0,0.0,0.0,0.0,0,8,72,0,80
1157124,0.8333333333333333,0.0,0.0,0.0,0.0,0.0,0.8,0.8,0.16666666666666666,0.0,0.39784946236559143,0.16666666666666666,0.125,0.14285714285714285,0.0,0.0,0.1,0.1,0.10298374526831443,0.0,0.0,0.0,0.0,0,0,29,0,29
1157104,0.5833333333333333,0.02857142857142857,0.1282051282051282,0.0,0.0,0.0625,0.8,0.8,0.375,0.0,0.3118279569892473,0.08333333333333333,0.125,0.2857142857142857,0.3333333333333333,0.0,0.0,0.25,0.08071698953462482,0.0,0.0,0.0,0.0,-4,1,67,0,68
