match_id,batting_position,runs,balls,fours,sixes,strike_rate,overs,total_balls,dots,maidens,conceded,fours_conceded,sixes_conceded,wickets,LBW,Bowled,noballs,wides,economy_rate,catches,stumping,direct_hit,indirect_hit,strike_rate_fp,batting_fp,bowling_fp,fielding_fp,total_fp
1321277,0.16666666666666669,0.0,0.02564102564102564,0.0,0.0,0.0,0.6000000000000001,0.6,0.375,0.0,0.10752688172043012,0.0,0.0,0.14285714285714285,0.0,0.14285714285714285,0.0,0.0,0.037074148296593196,0.0,0.0,0.0,0.0,0,-2,48,0,46
1321272,0.0,0.0,0.02564102564102564,0.0,0.0,0.0,0.8,0.8,0.29166666666666663,0.0,0.3118279569892473,0.16666666666666666,0.0,0.14285714285714285,0.0,0.0,0.0,0.05,0.08071698953462482,0.16666666666666666,0.0,0.0,0.0,0,-2,32,8,38
1321267,0.16666666666666669,0.14857142857142858,0.4615384615384615,0.045454545454545456,0.05555555555555555,0.090275,0.8,0.8,0.625,0.0,0.13978494623655915,0.08333333333333333,0.0,0.14285714285714285,0.0,0.0,0.0,0.15000000000000002,0.03618347806724561,0.0,0.0,0.0,0.0,0,40,46,0,86
1321262,0.16666666666666669,0.03428571428571429,0.14102564102564102,0.045454545454545456,0.0,0.0681875,0.4334,0.43333333333333335,0.3333333333333333,0.0,0.15053763440860216,0.16666666666666666,0.0,0.0,0.0,0.0,0.0,0.1,0.07192162101981742,0.16666666666666666,0.0,0.0,0.0,-4,6,10,8,24
