match_id,batting_position,runs,balls,fours,sixes,strike_rate,overs,total_balls,dots,maidens,conceded,fours_conceded,sixes_conceded,wickets,LBW,Bowled,noballs,wides,economy_rate,catches,stumping,direct_hit,indirect_hit,strike_rate_fp,batting_fp,bowling_fp,fielding_fp,total_fp
1399119,0.6666666666666666,0.0,0.0,0.0,0.0,0.0,0.4,0.4,0.3333333333333333,0.0,0.15053763440860216,0.08333333333333333,0.125,0.42857142857142855,0.0,0.0,0.0,0.1,0.07793364506791362,0.0,0.0,0.0,0.0,0,0,89,0,89
1399114,0.8333333333333333,0.0,0.01282051282051282,0.0,0.0,0.0,0.6000000000000001,0.6,0.29166666666666663,0.0,0.24731182795698928,0.16666666666666666,0.125,0.0,0.0,0.0,0.0,0.05,0.08539300823869964,0.0,0.0,0.0,0.0,0,-2,7,0,5
1257184,0.8333333333333333,0.0,0.01282051282051282,0.0,0.0,0.0,0.8,0.8,0.5,0.0,0.17204301075268819,0.08333333333333333,0.0,0.14285714285714285,0.0,0.0,0.0,0.0,0.04453351146737921,0.0,0.0,0.0,0.0,0,-2,43,0,41
