match_id,batting_position,runs,balls,fours,sixes,strike_rate,overs,total_balls,dots,maidens,conceded,fours_conceded,sixes_conceded,wickets,LBW,Bowled,noballs,wides,economy_rate,catches,stumping,direct_hit,indirect_hit,strike_rate_fp,batting_fp,bowling_fp,fielding_fp,total_fp
1344793,0.4166666666666667,0.0,0.0,0.0,0.0,0.0,0.2,0.2,0.125,0.0,0.05376344086021506,0.0,0.0,0.0,0.0,0.0,0.0,0.0,0.055666889334224014,0.16666666666666666,0.0,0.0,0.0,0,0,3,8,11
1344790,0.49999999999999994,0.10285714285714286,0.1794871794871795,0.09090909090909091,0.0,0.1607125,0.0,0.0,0.0,0.0,0.0,0.0,0.0,0.0,0.0,0.0,0.0,0.0,0.0,0.0,0.0,0.0,0.0,0,26,0,0,26
1344788,0.3333333333333333,0.04,0.08974358974358974,0.0,0.0,0.125,0.4,0.4,0.20833333333333331,0.0,0.20430107526881722,0.16666666666666666,0.125,0.0,0.0,0.0,0.0,0.0,0.10576708973502562,0.0,0.0,0.0,0.0,0,7,5,0,12
1344782,0.4166666666666667,0.07428571428571429,0.4358974358974359,0.0,0.0,0.0478,0.0,0.0,0.0,0.0,0.0,0.0,0.0,0.0,0.0,0.0,0.0,0.0,0.0,0.0,0.0,0.0,0.0,-6,7,0,0,7
