match_id,batting_position,runs,balls,fours,sixes,strike_rate,overs,total_balls,dots,maidens,conceded,fours_conceded,sixes_conceded,wickets,LBW,Bowled,noballs,wides,economy_rate,catches,stumping,direct_hit,indirect_hit,strike_rate_fp,batting_fp,bowling_fp,fielding_fp,total_fp
1444654,0.49999999999999994,0.12571428571428572,0.3333333333333333,0.09090909090909091,0.0,0.10577500000000001,0.8,0.8,0.5,0.0,0.1827956989247312,0.0,0.125,0.0,0.0,0.0,0.0,0.0,0.04731685593409041,0.16666666666666666,0.0,0.0,0.0,0,30,18,8,56
1399119,0.5833333333333333,0.0,0.0,0.0,0.0,0.0,0.2,0.2,0.041666666666666664,0.0,0.16129032258064518,0.25,0.0,0.0,0.0,0.0,0.1,0.0,0.16700066800267205,0.0,0.0,0.0,0.0,0,0,1,0,1
1399114,0.5833333333333333,0.14285714285714285,0.1923076923076923,0.09090909090909091,0.1111111111111111,0.20833749999999998,0.8,0.8,0.625,0.0,0.20430107526881722,0.25,0.0,0.2857142857142857,0.0,0.14285714285714285,0.0,0.05,0.05288354486751281,0.0,0.0,0.0,0.0,4,53,79,0,132
