match_id,batting_position,runs,balls,fours,sixes,strike_rate,overs,total_balls,dots,maidens,conceded,fours_conceded,sixes_conceded,wickets,LBW,Bowled,noballs,wides,economy_rate,catches,stumping,direct_hit,indirect_hit,strike_rate_fp,batting_fp,bowling_fp,fielding_fp,total_fp
1275047,0.6666666666666666,0.02857142857142857,0.02564102564102564,0.0,0.0,0.3125,0.4,0.4,0.16666666666666666,0.0,0.22580645161290325,0.25,0.125,0.14285714285714285,0.0,0.0,0.0,0.0,0.11690046760187042,0.0,0.0,0.0,0.0,0,5,27,0,32
1275042,0.6666666666666666,0.06857142857142857,0.1923076923076923,0.09090909090909091,0.0,0.1,0.8,0.8,0.375,0.0,0.4623655913978495,0.5,0.125,0.14285714285714285,0.0,0.0,0.0,0.05,0.11968381206858163,0.0,0.0,0.0,0.0,0,20,32,0,52
1275043,0.6666666666666666,0.0,0.038461538461538464,0.0,0.0,0.0,0.6000000000000001,0.6,0.41666666666666663,0.0,0.23655913978494625,0.25,0.125,0.0,0.0,0.0,0.0,0.0,0.0816076597639724,0.0,0.0,0.0,0.0,0,-2,10,0,8
1275039,0.6666666666666666,0.09142857142857143,0.1794871794871795,0.045454545454545456,0.0,0.1428625,0.4,0.4,0.25,0.0,0.17204301075268819,0.0,0.25,0.0,0.0,0.0,0.0,0.05,0.08906702293475842,0.0,0.0,0.0,0.0,0,20,6,0,26
1275040,0.8333333333333333,0.0,0.0,0.0,0.0,0.0,0.6000000000000001,0.6,0.375,0.0,0.19354838709677422,0.16666666666666666,0.0,0.14285714285714285,0.0,0.14285714285714285,0.0,0.05,0.06680026720106881,0.0,0.0,0.0,0.0,0,0,44,0,44
