match_id,batting_position,runs,balls,fours,sixes,strike_rate,overs,total_balls,dots,maidens,conceded,fours_conceded,sixes_conceded,wickets,LBW,Bowled,noballs,wides,economy_rate,catches,stumping,direct_hit,indirect_hit,strike_rate_fp,batting_fp,bowling_fp,fielding_fp,total_fp
1310184,0.8333333333333333,0.0,0.0,0.0,0.0,0.0,0.4,0.4,0.125,0.0,0.22580645161290325,0.08333333333333333,0.125,0.0,0.0,0.0,0.0,0.1,0.11690046760187042,0.0,0.0,0.0,0.0,0,0,1,0,1
1310179,0.8333333333333333,0.0,0.0,0.0,0.0,0.0,0.6000000000000001,0.6,0.125,0.0,0.2903225806451613,0.08333333333333333,0.125,0.0,0.0,0.0,0.0,0.05,0.10020040080160322,0.0,0.0,0.0,0.0,0,0,3,0,3
