match_id,batting_position,runs,balls,fours,sixes,strike_rate,overs,total_balls,dots,maidens,conceded,fours_conceded,sixes_conceded,wickets,LBW,Bowled,noballs,wides,economy_rate,catches,stumping,direct_hit,indirect_hit,strike_rate_fp,batting_fp,bowling_fp,fielding_fp,total_fp
1189743,0.6666666666666666,0.07428571428571429,0.07692307692307693,0.045454545454545456,0.05555555555555555,0.2708375,0.8,0.8,0.41666666666666663,0.0,0.20430107526881722,0.16666666666666666,0.0,0.14285714285714285,0.0,0.0,0.0,0.0,0.05288354486751281,0.0,0.0,0.0,0.0,0,23,41,0,64
1185191,0.7499999999999999,0.0,0.0,0.0,0.0,0.0,0.6000000000000001,0.6,0.375,0.0,0.16129032258064518,0.08333333333333333,0.0,0.42857142857142855,0.3333333333333333,0.14285714285714285,0.0,0.0,0.055666889334224014,0.0,0.0,0.0,0.0,0,0,108,0,108
1185187,0.4166666666666667,0.0,0.0,0.0,0.0,0.0,0.8,0.8,0.375,0.0,0.2688172043010753,0.16666666666666666,0.0,0.2857142857142857,0.0,0.0,0.0,0.1,0.06958361166778002,0.0,0.0,0.0,0.0,0,0,61,0,61
